#pragma once

#include <Arduino.h>

constexpr uint16_t VIETNAM_FLAG_WIDTH = 240;
constexpr uint16_t VIETNAM_FLAG_HEIGHT = 135;

const uint16_t vietnamFlagImage[] PROGMEM = {
  0xD923, 0xD923, 0xD923, 0xD923, 0xD923, 0xD923, 0xD923, 0xD923, 0xD923, 0xD923, 0xD923, 0xD923,
  0xD923, 0xD923, 0xD923, 0xD923, 0xD923, 0xD923, 0xD923, 0xD923, 0xD923, 0xD923, 0xD923, 0xD923,
  0xD923, 0xD923, 0xD923, 0xD923, 0xD923, 0xD923, 0xD923, 0xD923, 0xD923, 0xD923, 0xD923, 0xD923,
  0xD923, 0xD923, 0xD923, 0xD923, 0xD923, 0xD923, 0xD923, 0xD923, 0xD923, 0xD923, 0xD923, 0xD923,
  0xD923, 0xD923, 0xD923, 0xD923, 0xD923, 0xD923, 0xD923, 0xD923, 0xD923, 0xD923, 0xD923, 0xD923,
  0xD923, 0xD923, 0xD923, 0xD923, 0xD923, 0xD923, 0xD923, 0xD923, 0xD923, 0xD923, 0xD923, 0xD923,
  0xD923, 0xD923, 0xD923, 0xD923, 0xD923, 0xD923, 0xD923, 0xD923, 0xD923, 0xD923, 0xD923, 0xD923,
  0xD923, 0xD923, 0xD923, 0xD923, 0xD923, 0xD923, 0xD923, 0xD923, 0xD923, 0xD923, 0xD923, 0xD923,
  0xD923, 0xD923, 0xD923, 0xD923, 0xD923, 0xD923, 0xD923, 0xD923, 0xD923, 0xD923, 0xD923, 0xD923,
  0xD923, 0xD923, 0xD923, 0xD923, 0xD923, 0xD923, 0xD923, 0xD923, 0xD923, 0xD923, 0xD923, 0xD923,
  0xD923, 0xD923, 0xD923, 0xD923, 0xD923, 0xD923, 0xD923, 0xD923, 0xD923, 0xD923, 0xD923, 0xD923,
  0xD923, 0xD923, 0xD923, 0xD923, 0xD923, 0xD923, 0xD923, 0xD923, 0xD923, 0xD923, 0xD923, 0xD923,
  0xD923, 0xD923, 0xD923, 0xD923, 0xD923, 0xD923, 0xD923, 0xD923, 0xD923, 0xD923, 0xD923, 0xD923,
  0xD923, 0xD923, 0xD923, 0xD923, 0xD923, 0xD923, 0xD923, 0xD923, 0xD923, 0xD923, 0xD923, 0xD923,
  0xD923, 0xD923, 0xD923, 0xD923, 0xD923, 0xD923, 0xD923, 0xD923, 0xD923, 0xD923, 0xD923, 0xD923,
  0xD923, 0xD923, 0xD923, 0xD923, 0xD923, 0xD923, 0xD923, 0xD923, 0xD923, 0xD923, 0xD923, 0xD923,
  0xD923, 0xD923, 0xD923, 0xD923, 0xD923, 0xD923, 0xD923, 0xD923, 0xD923, 0xD923, 0xD923, 0xD923,
  0xD923, 0xD923, 0xD923, 0xD923, 0xD923, 0xD923, 0xD923, 0xD923, 0xD923, 0xD923, 0xD923, 0xD923,
  0xD923, 0xD923, 0xD923, 0xD923, 0xD923, 0xD923, 0xD923, 0xD923, 0xD923, 0xD923, 0xD923, 0xD923,
  0xD923, 0xD923, 0xD923, 0xD923, 0xD923, 0xD923, 0xD923, 0xD923, 0xD923, 0xD923, 0xD923, 0xD923,
  0xD923, 0xD923, 0xD923, 0xD923, 0xD923, 0xD923, 0xD923, 0xD923, 0xD923, 0xD923, 0xD923, 0xD923,
  0xD923, 0xD923, 0xD923, 0xD923, 0xD923, 0xD923, 0xD923, 0xD923, 0xD923, 0xD923, 0xD923, 0xD923,
  0xD923, 0xD923, 0xD923, 0xD923, 0xD923, 0xD923, 0xD923, 0xD923, 0xD923, 0xD923, 0xD923, 0xD923,
  0xD923, 0xD923, 0xD923, 0xD923, 0xD923, 0xD923, 0xD923, 0xD923, 0xD923, 0xD923, 0xD923, 0xD923,
  0xD923, 0xD923, 0xD923, 0xD923, 0xD923, 0xD923, 0xD923, 0xD923, 0xD923, 0xD923, 0xD923, 0xD923,
  0xD923, 0xD923, 0xD923, 0xD923, 0xD923, 0xD923, 0xD923, 0xD923, 0xD923, 0xD923, 0xD923, 0xD923,
  0xD923, 0xD923, 0xD923, 0xD923, 0xD923, 0xD923, 0xD923, 0xD923, 0xD923, 0xD923, 0xD923, 0xD923,
  0xD923, 0xD923, 0xD923, 0xD923, 0xD923, 0xD923, 0xD923, 0xD923, 0xD923, 0xD923, 0xD923, 0xD923,
  0xD923, 0xD923, 0xD923, 0xD923, 0xD923, 0xD923, 0xD923, 0xD923, 0xD923, 0xD923, 0xD923, 0xD923,
  0xD923, 0xD923, 0xD923, 0xD923, 0xD923, 0xD923, 0xD923, 0xD923, 0xD923, 0xD923, 0xD923, 0xD923,
  0xD923, 0xD923, 0xD923, 0xD923, 0xD923, 0xD923, 0xD923, 0xD923, 0xD923, 0xD923, 0xD923, 0xD923,
  0xD923, 0xD923, 0xD923, 0xD923, 0xD923, 0xD923, 0xD923, 0xD923, 0xD923, 0xD923, 0xD923, 0xD923,
  0xD923, 0xD923, 0xD923, 0xD923, 0xD923, 0xD923, 0xD923, 0xD923, 0xD923, 0xD923, 0xD923, 0xD923,
  0xD923, 0xD923, 0xD923, 0xD923, 0xD923, 0xD923, 0xD923, 0xD923, 0xD923, 0xD923, 0xD923, 0xD923,
  0xD923, 0xD923, 0xD923, 0xD923, 0xD923, 0xD923, 0xD923, 0xD923, 0xD923, 0xD923, 0xD923, 0xD923,
  0xD923, 0xD923, 0xD923, 0xD923, 0xD923, 0xD923, 0xD923, 0xD923, 0xD923, 0xD923, 0xD923, 0xD923,
  0xD923, 0xD923, 0xD923, 0xD923, 0xD923, 0xD923, 0xD923, 0xD923, 0xD923, 0xD923, 0xD923, 0xD923,
  0xD923, 0xD923, 0xD923, 0xD923, 0xD923, 0xD923, 0xD923, 0xD923, 0xD923, 0xD923, 0xD923, 0xD923,
  0xD923, 0xD923, 0xD923, 0xD923, 0xD923, 0xD923, 0xD923, 0xD923, 0xD923, 0xD923, 0xD923, 0xD923,
  0xD923, 0xD923, 0xD923, 0xD923, 0xD923, 0xD923, 0xD923, 0xD923, 0xD923, 0xD923, 0xD923, 0xD923,
  0xD923, 0xD923, 0xD923, 0xD923, 0xD923, 0xD923, 0xD923, 0xD923, 0xD923, 0xD923, 0xD923, 0xD923,
  0xD923, 0xD923, 0xD923, 0xD923, 0xD923, 0xD923, 0xD923, 0xD923, 0xD923, 0xD923, 0xD923, 0xD923,
  0xD923, 0xD923, 0xD923, 0xD923, 0xD923, 0xD923, 0xD923, 0xD923, 0xD923, 0xD923, 0xD923, 0xD923,
  0xD923, 0xD923, 0xD923, 0xD923, 0xD923, 0xD923, 0xD923, 0xD923, 0xD923, 0xD923, 0xD923, 0xD923,
  0xD923, 0xD923, 0xD923, 0xD923, 0xD923, 0xD923, 0xD923, 0xD923, 0xD923, 0xD923, 0xD923, 0xD923,
  0xD923, 0xD923, 0xD923, 0xD923, 0xD923, 0xD923, 0xD923, 0xD923, 0xD923, 0xD923, 0xD923, 0xD923,
  0xD923, 0xD923, 0xD923, 0xD923, 0xD923, 0xD923, 0xD923, 0xD923, 0xD923, 0xD923, 0xD923, 0xD923,
  0xD923, 0xD923, 0xD923, 0xD923, 0xD923, 0xD923, 0xD923, 0xD923, 0xD923, 0xD923, 0xD923, 0xD923,
  0xD923, 0xD923, 0xD923, 0xD923, 0xD923, 0xD923, 0xD923, 0xD923, 0xD923, 0xD923, 0xD923, 0xD923,
  0xD923, 0xD923, 0xD923, 0xD923, 0xD923, 0xD923, 0xD923, 0xD923, 0xD923, 0xD923, 0xD923, 0xD923,
  0xD923, 0xD923, 0xD923, 0xD923, 0xD923, 0xD923, 0xD923, 0xD923, 0xD923, 0xD923, 0xD923, 0xD923,
  0xD923, 0xD923, 0xD923, 0xD923, 0xD923, 0xD923, 0xD923, 0xD923, 0xD923, 0xD923, 0xD923, 0xD923,
  0xD923, 0xD923, 0xD923, 0xD923, 0xD923, 0xD923, 0xD923, 0xD923, 0xD923, 0xD923, 0xD923, 0xD923,
  0xD923, 0xD923, 0xD923, 0xD923, 0xD923, 0xD923, 0xD923, 0xD923, 0xD923, 0xD923, 0xD923, 0xD923,
  0xD923, 0xD923, 0xD923, 0xD923, 0xD923, 0xD923, 0xD923, 0xD923, 0xD923, 0xD923, 0xD923, 0xD923,
  0xD923, 0xD923, 0xD923, 0xD923, 0xD923, 0xD923, 0xD923, 0xD923, 0xD923, 0xD923, 0xD923, 0xD923,
  0xD923, 0xD923, 0xD923, 0xD923, 0xD923, 0xD923, 0xD923, 0xD923, 0xD923, 0xD923, 0xD923, 0xD923,
  0xD923, 0xD923, 0xD923, 0xD923, 0xD923, 0xD923, 0xD923, 0xD923, 0xD923, 0xD923, 0xD923, 0xD923,
  0xD923, 0xD923, 0xD923, 0xD923, 0xD923, 0xD923, 0xD923, 0xD923, 0xD923, 0xD923, 0xD923, 0xD923,
  0xD923, 0xD923, 0xD923, 0xD923, 0xD923, 0xD923, 0xD923, 0xD923, 0xD923, 0xD923, 0xD923, 0xD923,
  0xD923, 0xD923, 0xD923, 0xD923, 0xD923, 0xD923, 0xD923, 0xD923, 0xD923, 0xD923, 0xD923, 0xD923,
  0xD923, 0xD923, 0xD923, 0xD923, 0xD923, 0xD923, 0xD923, 0xD923, 0xD923, 0xD923, 0xD923, 0xD923,
  0xD923, 0xD923, 0xD923, 0xD923, 0xD923, 0xD923, 0xD923, 0xD923, 0xD923, 0xD923, 0xD923, 0xD923,
  0xD923, 0xD923, 0xD923, 0xD923, 0xD923, 0xD923, 0xD923, 0xD923, 0xD923, 0xD923, 0xD923, 0xD923,
  0xD923, 0xD923, 0xD923, 0xD923, 0xD923, 0xD923, 0xD923, 0xD923, 0xD923, 0xD923, 0xD923, 0xD923,
  0xD923, 0xD923, 0xD923, 0xD923, 0xD923, 0xD923, 0xD923, 0xD923, 0xD923, 0xD923, 0xD923, 0xD923,
  0xD923, 0xD923, 0xD923, 0xD923, 0xD923, 0xD923, 0xD923, 0xD923, 0xD923, 0xD923, 0xD923, 0xD923,
  0xD923, 0xD923, 0xD923, 0xD923, 0xD923, 0xD923, 0xD923, 0xD923, 0xD923, 0xD923, 0xD923, 0xD923,
  0xD923, 0xD923, 0xD923, 0xD923, 0xD923, 0xD923, 0xD923, 0xD923, 0xD923, 0xD923, 0xD923, 0xD923,
  0xD923, 0xD923, 0xD923, 0xD923, 0xD923, 0xD923, 0xD923, 0xD923, 0xD923, 0xD923, 0xD923, 0xD923,
  0xD923, 0xD923, 0xD923, 0xD923, 0xD923, 0xD923, 0xD923, 0xD923, 0xD923, 0xD923, 0xD923, 0xD923,
  0xD923, 0xD923, 0xD923, 0xD923, 0xD923, 0xD923, 0xD923, 0xD923, 0xD923, 0xD923, 0xD923, 0xD923,
  0xD923, 0xD923, 0xD923, 0xD923, 0xD923, 0xD923, 0xD923, 0xD923, 0xD923, 0xD923, 0xD923, 0xD923,
  0xD923, 0xD923, 0xD923, 0xD923, 0xD923, 0xD923, 0xD923, 0xD923, 0xD923, 0xD923, 0xD923, 0xD923,
  0xD923, 0xD923, 0xD923, 0xD923, 0xD923, 0xD923, 0xD923, 0xD923, 0xD923, 0xD923, 0xD923, 0xD923,
  0xD923, 0xD923, 0xD923, 0xD923, 0xD923, 0xD923, 0xD923, 0xD923, 0xD923, 0xD923, 0xD923, 0xD923,
  0xD923, 0xD923, 0xD923, 0xD923, 0xD923, 0xD923, 0xD923, 0xD923, 0xD923, 0xD923, 0xD923, 0xD923,
  0xD923, 0xD923, 0xD923, 0xD923, 0xD923, 0xD923, 0xD923, 0xD923, 0xD923, 0xD923, 0xD923, 0xD923,
  0xD923, 0xD923, 0xD923, 0xD923, 0xD923, 0xD923, 0xD923, 0xD923, 0xD923, 0xD923, 0xD923, 0xD923,
  0xD923, 0xD923, 0xD923, 0xD923, 0xD923, 0xD923, 0xD923, 0xD923, 0xD923, 0xD923, 0xD923, 0xD923,
  0xD923, 0xD923, 0xD923, 0xD923, 0xD923, 0xD923, 0xD923, 0xD923, 0xD923, 0xD923, 0xD923, 0xD923,
  0xD923, 0xD923, 0xD923, 0xD923, 0xD923, 0xD923, 0xD923, 0xD923, 0xD923, 0xD923, 0xD923, 0xD923,
  0xD923, 0xD923, 0xD923, 0xD923, 0xD923, 0xD923, 0xD923, 0xD923, 0xD923, 0xD923, 0xD923, 0xD923,
  0xD923, 0xD923, 0xD923, 0xD923, 0xD923, 0xD923, 0xD923, 0xD923, 0xD923, 0xD923, 0xD923, 0xD923,
  0xD923, 0xD923, 0xD923, 0xD923, 0xD923, 0xD923, 0xD923, 0xD923, 0xD923, 0xD923, 0xD923, 0xD923,
  0xD923, 0xD923, 0xD923, 0xD923, 0xD923, 0xD923, 0xD923, 0xD923, 0xD923, 0xD923, 0xD923, 0xD923,
  0xD923, 0xD923, 0xD923, 0xD923, 0xD923, 0xD923, 0xD923, 0xD923, 0xD923, 0xD923, 0xD923, 0xD923,
  0xD923, 0xD923, 0xD923, 0xD923, 0xD923, 0xD923, 0xD923, 0xD923, 0xD923, 0xD923, 0xD923, 0xD923,
  0xD923, 0xD923, 0xD923, 0xD923, 0xD923, 0xD923, 0xD923, 0xD923, 0xD923, 0xD923, 0xD923, 0xD923,
  0xD923, 0xD923, 0xD923, 0xD923, 0xD923, 0xD923, 0xD923, 0xD923, 0xD923, 0xD923, 0xD923, 0xD923,
  0xD923, 0xD923, 0xD923, 0xD923, 0xD923, 0xD923, 0xD923, 0xD923, 0xD923, 0xD923, 0xD923, 0xD923,
  0xD923, 0xD923, 0xD923, 0xD923, 0xD923, 0xD923, 0xD923, 0xD923, 0xD923, 0xD923, 0xD923, 0xD923,
  0xD923, 0xD923, 0xD923, 0xD923, 0xD923, 0xD923, 0xD923, 0xD923, 0xD923, 0xD923, 0xD923, 0xD923,
  0xD923, 0xD923, 0xD923, 0xD923, 0xD923, 0xD923, 0xD923, 0xD923, 0xD923, 0xD923, 0xD923, 0xD923,
  0xD923, 0xD923, 0xD923, 0xD923, 0xD923, 0xD923, 0xD923, 0xD923, 0xD923, 0xD923, 0xD923, 0xD923,
  0xD923, 0xD923, 0xD923, 0xD923, 0xD923, 0xD923, 0xD923, 0xD923, 0xD923, 0xD923, 0xD923, 0xD923,
  0xD923, 0xD923, 0xD923, 0xD923, 0xD923, 0xD923, 0xD923, 0xD923, 0xD923, 0xD923, 0xD923, 0xD923,
  0xD923, 0xD923, 0xD923, 0xD923, 0xD923, 0xD923, 0xD923, 0xD923, 0xD923, 0xD923, 0xD923, 0xD923,
  0xD923, 0xD923, 0xD923, 0xD923, 0xD923, 0xD923, 0xD923, 0xD923, 0xD923, 0xD923, 0xD923, 0xD923,
  0xD923, 0xD923, 0xD923, 0xD923, 0xD923, 0xD923, 0xD923, 0xD923, 0xD923, 0xD923, 0xD923, 0xD923,
  0xD923, 0xD923, 0xD923, 0xD923, 0xD923, 0xD923, 0xD923, 0xD923, 0xD923, 0xD923, 0xD923, 0xD923,
  0xD923, 0xD923, 0xD923, 0xD923, 0xD923, 0xD923, 0xD923, 0xD923, 0xD923, 0xD923, 0xD923, 0xD923,
  0xD923, 0xD923, 0xD923, 0xD923, 0xD923, 0xD923, 0xD923, 0xD923, 0xD923, 0xD923, 0xD923, 0xD923,
  0xD923, 0xD923, 0xD923, 0xD923, 0xD923, 0xD923, 0xD923, 0xD923, 0xD923, 0xD923, 0xD923, 0xD923,
  0xD923, 0xD923, 0xD923, 0xD923, 0xD923, 0xD923, 0xD923, 0xD923, 0xD923, 0xD923, 0xD923, 0xD923,
  0xD923, 0xD923, 0xD923, 0xD923, 0xD923, 0xD923, 0xD923, 0xD923, 0xD923, 0xD923, 0xD923, 0xD923,
  0xD923, 0xD923, 0xD923, 0xD923, 0xD923, 0xD923, 0xD923, 0xD923, 0xD923, 0xD923, 0xD923, 0xD923,
  0xD923, 0xD923, 0xD923, 0xD923, 0xD923, 0xD923, 0xD923, 0xD923, 0xD923, 0xD923, 0xD923, 0xD923,
  0xD923, 0xD923, 0xD923, 0xD923, 0xD923, 0xD923, 0xD923, 0xD923, 0xD923, 0xD923, 0xD923, 0xD923,
  0xD923, 0xD923, 0xD923, 0xD923, 0xD923, 0xD923, 0xD923, 0xD923, 0xD923, 0xD923, 0xD923, 0xD923,
  0xD923, 0xD923, 0xD923, 0xD923, 0xD923, 0xD923, 0xD923, 0xD923, 0xD923, 0xD923, 0xD923, 0xD923,
  0xD923, 0xD923, 0xD923, 0xD923, 0xD923, 0xD923, 0xD923, 0xD923, 0xD923, 0xD923, 0xD923, 0xD923,
  0xD923, 0xD923, 0xD923, 0xD923, 0xD923, 0xD923, 0xD923, 0xD923, 0xD923, 0xD923, 0xD923, 0xD923,
  0xD923, 0xD923, 0xD923, 0xD923, 0xD923, 0xD923, 0xD923, 0xD923, 0xD923, 0xD923, 0xD923, 0xD923,
  0xD923, 0xD923, 0xD923, 0xD923, 0xD923, 0xD923, 0xD923, 0xD923, 0xD923, 0xD923, 0xD923, 0xD923,
  0xD923, 0xD923, 0xD923, 0xD923, 0xD923, 0xD923, 0xD923, 0xD923, 0xD923, 0xD923, 0xD923, 0xD923,
  0xD923, 0xD923, 0xD923, 0xD923, 0xD923, 0xD923, 0xD923, 0xD923, 0xD923, 0xD923, 0xD923, 0xD923,
  0xD923, 0xD923, 0xD923, 0xD923, 0xD923, 0xD923, 0xD923, 0xD923, 0xD923, 0xD923, 0xD923, 0xD923,
  0xD923, 0xD923, 0xD923, 0xD923, 0xD923, 0xD923, 0xD923, 0xD923, 0xD923, 0xD923, 0xD923, 0xD923,
  0xD923, 0xD923, 0xD923, 0xD923, 0xD923, 0xD923, 0xD923, 0xD923, 0xD923, 0xD923, 0xD923, 0xD923,
  0xD923, 0xD923, 0xD923, 0xD923, 0xD923, 0xD923, 0xD923, 0xD923, 0xD923, 0xD923, 0xD923, 0xD923,
  0xD923, 0xD923, 0xD923, 0xD923, 0xD923, 0xD923, 0xD923, 0xD923, 0xD923, 0xD923, 0xD923, 0xD923,
  0xD923, 0xD923, 0xD923, 0xD923, 0xD923, 0xD923, 0xD923, 0xD923, 0xD923, 0xD923, 0xD923, 0xD923,
  0xD923, 0xD923, 0xD923, 0xD923, 0xD923, 0xD923, 0xD923, 0xD923, 0xD923, 0xD923, 0xD923, 0xD923,
  0xD923, 0xD923, 0xD923, 0xD923, 0xD923, 0xD923, 0xD923, 0xD923, 0xD923, 0xD923, 0xD923, 0xD923,
  0xD923, 0xD923, 0xD923, 0xD923, 0xD923, 0xD923, 0xD923, 0xD923, 0xD923, 0xD923, 0xD923, 0xD923,
  0xD923, 0xD923, 0xD923, 0xD923, 0xD923, 0xD923, 0xD923, 0xD923, 0xD923, 0xD923, 0xD923, 0xD923,
  0xD923, 0xD923, 0xD923, 0xD923, 0xD923, 0xD923, 0xD923, 0xD923, 0xD923, 0xD923, 0xD923, 0xD923,
  0xD923, 0xD923, 0xD923, 0xD923, 0xD923, 0xD923, 0xD923, 0xD923, 0xD923, 0xD923, 0xD923, 0xD923,
  0xD923, 0xD923, 0xD923, 0xD923, 0xD923, 0xD923, 0xD923, 0xD923, 0xD923, 0xD923, 0xD923, 0xD923,
  0xD923, 0xD923, 0xD923, 0xD923, 0xD923, 0xD923, 0xD923, 0xD923, 0xD923, 0xD923, 0xD923, 0xD923,
  0xD923, 0xD923, 0xD923, 0xD923, 0xD923, 0xD923, 0xD923, 0xD923, 0xD923, 0xD923, 0xD923, 0xD923,
  0xD923, 0xD923, 0xD923, 0xD923, 0xD923, 0xD923, 0xD923, 0xD923, 0xD923, 0xD923, 0xD923, 0xD923,
  0xD923, 0xD923, 0xD923, 0xD923, 0xD923, 0xD923, 0xD923, 0xD923, 0xD923, 0xD923, 0xD923, 0xD923,
  0xD923, 0xD923, 0xD923, 0xD923, 0xD923, 0xD923, 0xD923, 0xD923, 0xD923, 0xD923, 0xD923, 0xD923,
  0xD923, 0xD923, 0xD923, 0xD923, 0xD923, 0xD923, 0xD923, 0xD923, 0xD923, 0xD923, 0xD923, 0xD923,
  0xD923, 0xD923, 0xD923, 0xD923, 0xD923, 0xD923, 0xD923, 0xD923, 0xD923, 0xD923, 0xD923, 0xD923,
  0xD923, 0xD923, 0xD923, 0xD923, 0xD923, 0xD923, 0xD923, 0xD923, 0xD923, 0xD923, 0xD923, 0xD923,
  0xD923, 0xD923, 0xD923, 0xD923, 0xD923, 0xD923, 0xD923, 0xD923, 0xD923, 0xD923, 0xD923, 0xD923,
  0xD923, 0xD923, 0xD923, 0xD923, 0xD923, 0xD923, 0xD923, 0xD923, 0xD923, 0xD923, 0xD923, 0xD923,
  0xD923, 0xD923, 0xD923, 0xD923, 0xD923, 0xD923, 0xD923, 0xD923, 0xD923, 0xD923, 0xD923, 0xD923,
  0xD923, 0xD923, 0xD923, 0xD923, 0xD923, 0xD923, 0xD923, 0xD923, 0xD923, 0xD923, 0xD923, 0xD923,
  0xD923, 0xD923, 0xD923, 0xD923, 0xD923, 0xD923, 0xD923, 0xD923, 0xD923, 0xD923, 0xD923, 0xD923,
  0xD923, 0xD923, 0xD923, 0xD923, 0xD923, 0xD923, 0xD923, 0xD923, 0xD923, 0xD923, 0xD923, 0xD923,
  0xD923, 0xD923, 0xD923, 0xD923, 0xD923, 0xD923, 0xD923, 0xD923, 0xD923, 0xD923, 0xD923, 0xD923,
  0xD923, 0xD923, 0xD923, 0xD923, 0xD923, 0xD923, 0xD923, 0xD923, 0xD923, 0xD923, 0xD923, 0xD923,
  0xD923, 0xD923, 0xD923, 0xD923, 0xD923, 0xD923, 0xD923, 0xD923, 0xD923, 0xD923, 0xD923, 0xD923,
  0xD923, 0xD923, 0xD923, 0xD923, 0xD923, 0xD923, 0xD923, 0xD923, 0xD923, 0xD923, 0xD923, 0xD923,
  0xD923, 0xD923, 0xD923, 0xD923, 0xD923, 0xD923, 0xD923, 0xD923, 0xD923, 0xD923, 0xD923, 0xD923,
  0xD923, 0xD923, 0xD923, 0xD923, 0xD923, 0xD923, 0xD923, 0xD923, 0xD923, 0xD923, 0xD923, 0xD923,
  0xD923, 0xD923, 0xD923, 0xD923, 0xD923, 0xD923, 0xD923, 0xD923, 0xD923, 0xD923, 0xD923, 0xD923,
  0xD923, 0xD923, 0xD923, 0xD923, 0xD923, 0xD923, 0xD923, 0xD923, 0xD923, 0xD923, 0xD923, 0xD923,
  0xD923, 0xD923, 0xD923, 0xD923, 0xD923, 0xD923, 0xD923, 0xD923, 0xD923, 0xD923, 0xD923, 0xD923,
  0xD923, 0xD923, 0xD923, 0xD923, 0xD923, 0xD923, 0xD923, 0xD923, 0xD923, 0xD923, 0xD923, 0xD923,
  0xD923, 0xD923, 0xD923, 0xD923, 0xD923, 0xD923, 0xD923, 0xD923, 0xD923, 0xD923, 0xD923, 0xD923,
  0xD923, 0xD923, 0xD923, 0xD923, 0xD923, 0xD923, 0xD923, 0xD923, 0xD923, 0xD923, 0xD923, 0xD923,
  0xD923, 0xD923, 0xD923, 0xD923, 0xD923, 0xD923, 0xD923, 0xD923, 0xD923, 0xD923, 0xD923, 0xD923,
  0xD923, 0xD923, 0xD923, 0xD923, 0xD923, 0xD923, 0xD923, 0xD923, 0xD923, 0xD923, 0xD923, 0xD923,
  0xD923, 0xD923, 0xD923, 0xD923, 0xD923, 0xD923, 0xD923, 0xD923, 0xD923, 0xD923, 0xD923, 0xD923,
  0xD923, 0xD923, 0xD923, 0xD923, 0xD923, 0xD923, 0xD923, 0xD923, 0xD923, 0xD923, 0xD923, 0xD923,
  0xD923, 0xD923, 0xD923, 0xD923, 0xD923, 0xD923, 0xD923, 0xD923, 0xD923, 0xD923, 0xD923, 0xD923,
  0xD923, 0xD923, 0xD923, 0xD923, 0xD923, 0xD923, 0xD923, 0xD923, 0xD923, 0xD923, 0xD923, 0xD923,
  0xD923, 0xD923, 0xD923, 0xD923, 0xD923, 0xD923, 0xD923, 0xD923, 0xD923, 0xD923, 0xD923, 0xD923,
  0xD923, 0xD923, 0xD923, 0xD923, 0xD923, 0xD923, 0xD923, 0xD923, 0xD923, 0xD923, 0xD923, 0xD923,
  0xD923, 0xD923, 0xD923, 0xD923, 0xD923, 0xD923, 0xD923, 0xD923, 0xD923, 0xD923, 0xD923, 0xD923,
  0xD923, 0xD923, 0xD923, 0xD923, 0xD923, 0xD923, 0xD923, 0xD923, 0xD923, 0xD923, 0xD923, 0xD923,
  0xD923, 0xD923, 0xD923, 0xD923, 0xD923, 0xD923, 0xD923, 0xD923, 0xD923, 0xD923, 0xD923, 0xD923,
  0xD923, 0xD923, 0xD923, 0xD923, 0xD923, 0xD923, 0xD923, 0xD923, 0xD923, 0xD923, 0xD923, 0xD923,
  0xD923, 0xD923, 0xD923, 0xD923, 0xD923, 0xD923, 0xD923, 0xD923, 0xD923, 0xD923, 0xD923, 0xD923,
  0xD923, 0xD923, 0xD923, 0xD923, 0xD923, 0xD923, 0xD923, 0xD923, 0xD923, 0xD923, 0xD923, 0xD923,
  0xD923, 0xD923, 0xD923, 0xD923, 0xD923, 0xD923, 0xD923, 0xD923, 0xD923, 0xD923, 0xD923, 0xD923,
  0xD923, 0xD923, 0xD923, 0xD923, 0xD923, 0xD923, 0xD923, 0xD923, 0xD923, 0xD923, 0xD923, 0xD923,
  0xD923, 0xD923, 0xD923, 0xD923, 0xD923, 0xD923, 0xD923, 0xD923, 0xD923, 0xD923, 0xD923, 0xD923,
  0xD923, 0xD923, 0xD923, 0xD923, 0xD923, 0xD923, 0xD923, 0xD923, 0xD923, 0xD923, 0xD923, 0xD923,
  0xD923, 0xD923, 0xD923, 0xD923, 0xD923, 0xD923, 0xD923, 0xD923, 0xD923, 0xD923, 0xD923, 0xD923,
  0xD923, 0xD923, 0xD923, 0xD923, 0xD923, 0xD923, 0xD923, 0xD923, 0xD923, 0xD923, 0xD923, 0xD923,
  0xD923, 0xD923, 0xD923, 0xD923, 0xD923, 0xD923, 0xD923, 0xD923, 0xD923, 0xD923, 0xD923, 0xD923,
  0xD923, 0xD923, 0xD923, 0xD923, 0xD923, 0xD923, 0xD923, 0xD923, 0xD923, 0xD923, 0xD923, 0xD923,
  0xD923, 0xD923, 0xD923, 0xD923, 0xD923, 0xD923, 0xD923, 0xD923, 0xD923, 0xD923, 0xD923, 0xD923,
  0xD923, 0xD923, 0xD923, 0xD923, 0xD923, 0xD923, 0xD923, 0xD923, 0xD923, 0xD923, 0xD923, 0xD923,
  0xD923, 0xD923, 0xD923, 0xD923, 0xD923, 0xD923, 0xD923, 0xD923, 0xD923, 0xD923, 0xD923, 0xD923,
  0xD923, 0xD923, 0xD923, 0xD923, 0xD923, 0xD923, 0xD923, 0xD923, 0xD923, 0xD923, 0xD923, 0xD923,
  0xD923, 0xD923, 0xD923, 0xD923, 0xD923, 0xD923, 0xD923, 0xD923, 0xD923, 0xD923, 0xD923, 0xD923,
  0xD923, 0xD923, 0xD923, 0xD923, 0xD923, 0xD923, 0xD923, 0xD923, 0xD923, 0xD923, 0xD923, 0xD923,
  0xD923, 0xD923, 0xD923, 0xD923, 0xD923, 0xD923, 0xD923, 0xD923, 0xD923, 0xD923, 0xD923, 0xD923,
  0xD923, 0xD923, 0xD923, 0xD923, 0xD923, 0xD923, 0xD923, 0xD923, 0xD923, 0xD923, 0xD923, 0xD923,
  0xD923, 0xD923, 0xD923, 0xD923, 0xD923, 0xD923, 0xD923, 0xD923, 0xD923, 0xD923, 0xD923, 0xD923,
  0xD923, 0xD923, 0xD923, 0xD923, 0xD923, 0xD923, 0xD923, 0xD923, 0xD923, 0xD923, 0xD923, 0xD923,
  0xD923, 0xD923, 0xD923, 0xD923, 0xD923, 0xD923, 0xD923, 0xD923, 0xD923, 0xD923, 0xD923, 0xD923,
  0xD923, 0xD923, 0xD923, 0xD923, 0xD923, 0xD923, 0xD923, 0xD923, 0xD923, 0xD923, 0xD923, 0xD923,
  0xD923, 0xD923, 0xD923, 0xD923, 0xD923, 0xD923, 0xD923, 0xD923, 0xD923, 0xD923, 0xD923, 0xD923,
  0xD923, 0xD923, 0xD923, 0xD923, 0xD923, 0xD923, 0xD923, 0xD923, 0xD923, 0xD923, 0xD923, 0xD923,
  0xD923, 0xD923, 0xD923, 0xD923, 0xD923, 0xD923, 0xD923, 0xD923, 0xD923, 0xD923, 0xD923, 0xD923,
  0xD923, 0xD923, 0xD923, 0xD923, 0xD923, 0xD923, 0xD923, 0xD923, 0xD923, 0xD923, 0xD923, 0xD923,
  0xD923, 0xD923, 0xD923, 0xD923, 0xD923, 0xD923, 0xD923, 0xD923, 0xD923, 0xD923, 0xD923, 0xD923,
  0xD923, 0xD923, 0xD923, 0xD923, 0xD923, 0xD923, 0xD923, 0xD923, 0xD923, 0xD923, 0xD923, 0xD923,
  0xD923, 0xD923, 0xD923, 0xD923, 0xD923, 0xD923, 0xD923, 0xD923, 0xD923, 0xD923, 0xD923, 0xD923,
  0xD923, 0xD923, 0xD923, 0xD923, 0xD923, 0xD923, 0xD923, 0xD923, 0xD923, 0xD923, 0xD923, 0xD923,
  0xD923, 0xD923, 0xD923, 0xD923, 0xD923, 0xD923, 0xD923, 0xD923, 0xD923, 0xD923, 0xD923, 0xD923,
  0xD923, 0xD923, 0xD923, 0xD923, 0xD923, 0xD923, 0xD923, 0xD923, 0xD923, 0xD923, 0xD923, 0xD923,
  0xD923, 0xD923, 0xD923, 0xD923, 0xD923, 0xD923, 0xD923, 0xD923, 0xD923, 0xD923, 0xD923, 0xD923,
  0xD923, 0xD923, 0xD923, 0xD923, 0xD923, 0xD923, 0xD923, 0xD923, 0xD923, 0xD923, 0xD923, 0xD923,
  0xD923, 0xD923, 0xD923, 0xD923, 0xD923, 0xD923, 0xD923, 0xD923, 0xD923, 0xD923, 0xD923, 0xD923,
  0xD923, 0xD923, 0xD923, 0xD923, 0xD923, 0xD923, 0xD923, 0xD923, 0xD923, 0xD923, 0xD923, 0xD923,
  0xD923, 0xD923, 0xD923, 0xD923, 0xD923, 0xD923, 0xD923, 0xD923, 0xD923, 0xD923, 0xD923, 0xD923,
  0xD923, 0xD923, 0xD923, 0xD923, 0xD923, 0xD923, 0xD923, 0xD923, 0xD923, 0xD923, 0xD923, 0xD923,
  0xD923, 0xD923, 0xD923, 0xD923, 0xD923, 0xD923, 0xD923, 0xD923, 0xD923, 0xD923, 0xD923, 0xD923,
  0xD923, 0xD923, 0xD923, 0xD923, 0xD923, 0xD923, 0xD923, 0xD923, 0xD923, 0xD923, 0xD923, 0xD923,
  0xD923, 0xD923, 0xD923, 0xD923, 0xD923, 0xD923, 0xD923, 0xD923, 0xD923, 0xD923, 0xD923, 0xD923,
  0xD923, 0xD923, 0xD923, 0xD923, 0xD923, 0xD923, 0xD923, 0xD923, 0xD923, 0xD923, 0xD923, 0xD923,
  0xD923, 0xD923, 0xD923, 0xD923, 0xD923, 0xD923, 0xD923, 0xD923, 0xD923, 0xD923, 0xD923, 0xD923,
  0xD923, 0xD923, 0xD923, 0xD923, 0xD923, 0xD923, 0xD923, 0xD923, 0xD923, 0xD923, 0xD923, 0xD923,
  0xD923, 0xD923, 0xD923, 0xD923, 0xD923, 0xD923, 0xD923, 0xD923, 0xD923, 0xD923, 0xD923, 0xD923,
  0xD923, 0xD923, 0xD923, 0xD923, 0xD923, 0xD923, 0xD923, 0xD923, 0xD923, 0xD923, 0xD923, 0xD923,
  0xD923, 0xD923, 0xD923, 0xD923, 0xD923, 0xD923, 0xD923, 0xD923, 0xD923, 0xD923, 0xD923, 0xD923,
  0xD923, 0xD923, 0xD923, 0xD923, 0xD923, 0xD923, 0xD923, 0xD923, 0xD923, 0xD923, 0xD923, 0xD923,
  0xD923, 0xD923, 0xD923, 0xD923, 0xD923, 0xD923, 0xD923, 0xD923, 0xD923, 0xD923, 0xD923, 0xD923,
  0xD923, 0xD923, 0xD923, 0xD923, 0xD923, 0xD923, 0xD923, 0xD923, 0xD923, 0xD923, 0xD923, 0xD923,
  0xD923, 0xD923, 0xD923, 0xD923, 0xD923, 0xD923, 0xD923, 0xD923, 0xD923, 0xD923, 0xD923, 0xD923,
  0xD923, 0xD923, 0xD923, 0xD923, 0xD923, 0xD923, 0xD923, 0xD923, 0xD923, 0xD923, 0xD923, 0xD923,
  0xD923, 0xD923, 0xD923, 0xD923, 0xD923, 0xD923, 0xD923, 0xD923, 0xD923, 0xD923, 0xD923, 0xD923,
  0xD923, 0xD923, 0xD923, 0xD923, 0xD923, 0xD923, 0xD923, 0xD923, 0xD923, 0xD923, 0xD923, 0xD923,
  0xD923, 0xD923, 0xD923, 0xD923, 0xD923, 0xD923, 0xD923, 0xD923, 0xD923, 0xD923, 0xD923, 0xD923,
  0xD923, 0xD923, 0xD923, 0xD923, 0xD923, 0xD923, 0xD923, 0xD923, 0xD923, 0xD923, 0xD923, 0xD923,
  0xD923, 0xD923, 0xD923, 0xD923, 0xD923, 0xD923, 0xD923, 0xD923, 0xD923, 0xD923, 0xD923, 0xD923,
  0xD923, 0xD923, 0xD923, 0xD923, 0xD923, 0xD923, 0xD923, 0xD923, 0xD923, 0xD923, 0xD923, 0xD923,
  0xD923, 0xD923, 0xD923, 0xD923, 0xD923, 0xD923, 0xD923, 0xD923, 0xD923, 0xD923, 0xD923, 0xD923,
  0xD923, 0xD923, 0xD923, 0xD923, 0xD923, 0xD923, 0xD923, 0xD923, 0xD923, 0xD923, 0xD923, 0xD923,
  0xD923, 0xD923, 0xD923, 0xD923, 0xD923, 0xD923, 0xD923, 0xD923, 0xD923, 0xD923, 0xD923, 0xD923,
  0xD923, 0xD923, 0xD923, 0xD923, 0xD923, 0xD923, 0xD923, 0xD923, 0xD923, 0xD923, 0xD923, 0xD923,
  0xD923, 0xD923, 0xD923, 0xD923, 0xD923, 0xD923, 0xD923, 0xD923, 0xD923, 0xD923, 0xD923, 0xD923,
  0xD923, 0xD923, 0xD923, 0xD923, 0xD923, 0xD923, 0xD923, 0xD923, 0xD923, 0xD923, 0xD923, 0xD923,
  0xD923, 0xD923, 0xD923, 0xD923, 0xD923, 0xD923, 0xD923, 0xD923, 0xD923, 0xD923, 0xD923, 0xD923,
  0xD923, 0xD923, 0xD923, 0xD923, 0xD923, 0xD923, 0xD923, 0xD923, 0xD923, 0xD923, 0xD923, 0xD923,
  0xD923, 0xD923, 0xD923, 0xD923, 0xD923, 0xD923, 0xD923, 0xD923, 0xD923, 0xD923, 0xD923, 0xD923,
  0xD923, 0xD923, 0xD923, 0xD923, 0xD923, 0xD923, 0xD923, 0xD923, 0xD923, 0xD923, 0xD923, 0xD923,
  0xD923, 0xD923, 0xD923, 0xD923, 0xD923, 0xD923, 0xD923, 0xD923, 0xD923, 0xD923, 0xD923, 0xD923,
  0xD923, 0xD923, 0xD923, 0xD923, 0xD923, 0xD923, 0xD923, 0xD923, 0xD923, 0xD923, 0xD923, 0xD923,
  0xD923, 0xD923, 0xD923, 0xD923, 0xD923, 0xD923, 0xD923, 0xD923, 0xD923, 0xD923, 0xD923, 0xD923,
  0xD923, 0xD923, 0xD923, 0xD923, 0xD923, 0xD923, 0xD923, 0xD923, 0xD923, 0xD923, 0xD923, 0xD923,
  0xD923, 0xD923, 0xD923, 0xD923, 0xD923, 0xD923, 0xD923, 0xD923, 0xD923, 0xD923, 0xD923, 0xD923,
  0xD923, 0xD923, 0xD923, 0xD923, 0xD923, 0xD923, 0xD923, 0xD923, 0xD923, 0xD923, 0xD923, 0xD923,
  0xD923, 0xD923, 0xD923, 0xD923, 0xD923, 0xD923, 0xD923, 0xD923, 0xD923, 0xD923, 0xD923, 0xD923,
  0xD923, 0xD923, 0xD923, 0xD923, 0xD923, 0xD923, 0xD923, 0xD923, 0xD923, 0xD923, 0xD923, 0xD923,
  0xD923, 0xD923, 0xD923, 0xD923, 0xD923, 0xD923, 0xD923, 0xD923, 0xD923, 0xD923, 0xD923, 0xD923,
  0xD923, 0xD923, 0xD923, 0xD923, 0xD923, 0xD923, 0xD923, 0xD923, 0xD923, 0xD923, 0xD923, 0xD923,
  0xD923, 0xD923, 0xD923, 0xD923, 0xD923, 0xD923, 0xD923, 0xD923, 0xD923, 0xD923, 0xD923, 0xD923,
  0xD923, 0xD923, 0xD923, 0xD923, 0xD923, 0xD923, 0xD923, 0xD923, 0xD923, 0xD923, 0xD923, 0xD923,
  0xD923, 0xD923, 0xD923, 0xD923, 0xD923, 0xD923, 0xD923, 0xD923, 0xD923, 0xD923, 0xD923, 0xD923,
  0xD923, 0xD923, 0xD923, 0xD923, 0xD923, 0xD923, 0xD923, 0xD923, 0xD923, 0xD923, 0xD923, 0xD923,
  0xD923, 0xD923, 0xD923, 0xD923, 0xD923, 0xD923, 0xD923, 0xD923, 0xD923, 0xD923, 0xD923, 0xD923,
  0xD923, 0xD923, 0xD923, 0xD923, 0xD923, 0xD923, 0xD923, 0xD923, 0xD923, 0xD923, 0xD923, 0xD923,
  0xD923, 0xD923, 0xD923, 0xD923, 0xD923, 0xD923, 0xD923, 0xD923, 0xD923, 0xD923, 0xD923, 0xD923,
  0xD923, 0xD923, 0xD923, 0xD923, 0xD923, 0xD923, 0xD923, 0xD923, 0xD923, 0xD923, 0xD923, 0xD923,
  0xD923, 0xD923, 0xD923, 0xD923, 0xD923, 0xD923, 0xD923, 0xD923, 0xD923, 0xD923, 0xD923, 0xD923,
  0xD923, 0xD923, 0xD923, 0xD923, 0xD923, 0xD923, 0xD923, 0xD923, 0xD923, 0xD923, 0xD923, 0xD923,
  0xD923, 0xD923, 0xD923, 0xD923, 0xD923, 0xD923, 0xD923, 0xD923, 0xD923, 0xD923, 0xD923, 0xD923,
  0xD923, 0xD923, 0xD923, 0xD923, 0xD923, 0xD923, 0xD923, 0xD923, 0xD923, 0xD923, 0xD923, 0xD923,
  0xD923, 0xD923, 0xD923, 0xD923, 0xD923, 0xD923, 0xD923, 0xD923, 0xD923, 0xD923, 0xD923, 0xD923,
  0xD923, 0xD923, 0xD923, 0xD923, 0xD923, 0xD923, 0xD923, 0xD923, 0xD923, 0xD923, 0xD923, 0xD923,
  0xD923, 0xD923, 0xD923, 0xD923, 0xD923, 0xD923, 0xD923, 0xD923, 0xD923, 0xD923, 0xD923, 0xD923,
  0xD923, 0xD923, 0xD923, 0xD923, 0xD923, 0xD923, 0xD923, 0xD923, 0xD923, 0xD923, 0xD923, 0xD923,
  0xD923, 0xD923, 0xD923, 0xD923, 0xD923, 0xD923, 0xD923, 0xD923, 0xD923, 0xD923, 0xD923, 0xD923,
  0xD923, 0xD923, 0xD923, 0xD923, 0xD923, 0xD923, 0xD923, 0xD923, 0xD923, 0xD923, 0xD923, 0xD923,
  0xD923, 0xD923, 0xD923, 0xD923, 0xD923, 0xD923, 0xD923, 0xD923, 0xD923, 0xD923, 0xD923, 0xD923,
  0xD923, 0xD923, 0xD923, 0xD923, 0xD923, 0xD923, 0xD923, 0xD923, 0xD923, 0xD923, 0xD923, 0xD923,
  0xD923, 0xD923, 0xD923, 0xD923, 0xD923, 0xD923, 0xD923, 0xD923, 0xD923, 0xD923, 0xD923, 0xD923,
  0xD923, 0xD923, 0xD923, 0xD923, 0xD923, 0xD923, 0xD923, 0xD923, 0xD923, 0xD923, 0xD923, 0xD923,
  0xD923, 0xD923, 0xD923, 0xD923, 0xD923, 0xD923, 0xD923, 0xD923, 0xD923, 0xD923, 0xD923, 0xD923,
  0xD923, 0xD923, 0xD923, 0xD923, 0xD923, 0xD923, 0xD923, 0xD923, 0xD923, 0xD923, 0xD923, 0xD923,
  0xD923, 0xD923, 0xD923, 0xD923, 0xD923, 0xD923, 0xD923, 0xD923, 0xD923, 0xD923, 0xD923, 0xD923,
  0xD923, 0xD923, 0xD923, 0xD923, 0xD923, 0xD923, 0xD923, 0xD923, 0xD923, 0xD923, 0xD923, 0xD923,
  0xD923, 0xD923, 0xD923, 0xD923, 0xD923, 0xD923, 0xD923, 0xD923, 0xD923, 0xD923, 0xD923, 0xD923,
  0xD923, 0xD923, 0xD923, 0xD923, 0xD923, 0xD923, 0xD923, 0xD923, 0xD923, 0xD923, 0xD923, 0xD923,
  0xD923, 0xD923, 0xD923, 0xD923, 0xD923, 0xD923, 0xD923, 0xD923, 0xD923, 0xD923, 0xD923, 0xD923,
  0xD923, 0xD923, 0xD923, 0xD923, 0xD923, 0xD923, 0xD923, 0xD923, 0xD923, 0xD923, 0xD923, 0xD923,
  0xD923, 0xD923, 0xD923, 0xD923, 0xD923, 0xD923, 0xD923, 0xD923, 0xD923, 0xD923, 0xD923, 0xD923,
  0xD923, 0xD923, 0xD923, 0xD923, 0xD923, 0xD923, 0xD923, 0xD923, 0xD923, 0xD923, 0xD923, 0xD923,
  0xD923, 0xD923, 0xD923, 0xD923, 0xD923, 0xD923, 0xD923, 0xD923, 0xD923, 0xD923, 0xD923, 0xD923,
  0xD923, 0xD923, 0xD923, 0xD923, 0xD923, 0xD923, 0xD923, 0xD923, 0xD923, 0xD923, 0xD923, 0xD923,
  0xD923, 0xD923, 0xD923, 0xD923, 0xD923, 0xD923, 0xD923, 0xD923, 0xD923, 0xD923, 0xD923, 0xD923,
  0xD923, 0xD923, 0xD923, 0xD923, 0xD923, 0xD923, 0xD923, 0xD923, 0xD923, 0xD923, 0xD923, 0xD923,
  0xD923, 0xD923, 0xD923, 0xD923, 0xD923, 0xD923, 0xD923, 0xD923, 0xD923, 0xD923, 0xD923, 0xD923,
  0xD923, 0xD923, 0xD923, 0xD923, 0xD923, 0xD923, 0xD923, 0xD923, 0xD923, 0xD923, 0xD923, 0xD923,
  0xD923, 0xD923, 0xD923, 0xD923, 0xD923, 0xD923, 0xD923, 0xD923, 0xD923, 0xD923, 0xD923, 0xD923,
  0xD923, 0xD923, 0xD923, 0xD923, 0xD923, 0xD923, 0xD923, 0xD923, 0xD923, 0xD923, 0xD923, 0xD923,
  0xD923, 0xD923, 0xD923, 0xD923, 0xD923, 0xD923, 0xD923, 0xD923, 0xD923, 0xD923, 0xD923, 0xD923,
  0xD923, 0xD923, 0xD923, 0xD923, 0xD923, 0xD923, 0xD923, 0xD923, 0xD923, 0xD923, 0xD923, 0xD923,
  0xD923, 0xD923, 0xD923, 0xD923, 0xD923, 0xD923, 0xD923, 0xD923, 0xD923, 0xD923, 0xD923, 0xD923,
  0xD923, 0xD923, 0xD923, 0xD923, 0xD923, 0xD923, 0xD923, 0xD923, 0xD923, 0xD923, 0xD923, 0xD923,
  0xD923, 0xD923, 0xD923, 0xD923, 0xD923, 0xD923, 0xD923, 0xD923, 0xD923, 0xD923, 0xD923, 0xD923,
  0xD923, 0xD923, 0xD923, 0xD923, 0xD923, 0xD923, 0xD923, 0xD923, 0xD923, 0xD923, 0xD923, 0xD923,
  0xD923, 0xD923, 0xD923, 0xD923, 0xD923, 0xD923, 0xD923, 0xD923, 0xD923, 0xD923, 0xD923, 0xD923,
  0xD923, 0xD923, 0xD923, 0xD923, 0xD923, 0xD923, 0xD923, 0xD923, 0xD923, 0xD923, 0xD923, 0xD923,
  0xD923, 0xD923, 0xD923, 0xD923, 0xD923, 0xD923, 0xD923, 0xD923, 0xD923, 0xD923, 0xD923, 0xD923,
  0xD923, 0xD923, 0xD923, 0xD923, 0xD923, 0xD923, 0xD923, 0xD923, 0xD923, 0xD923, 0xD923, 0xD923,
  0xD923, 0xD923, 0xD923, 0xD923, 0xD923, 0xD923, 0xD923, 0xD923, 0xD923, 0xD923, 0xD923, 0xD923,
  0xD923, 0xD923, 0xD923, 0xD923, 0xD923, 0xD923, 0xD923, 0xD923, 0xD923, 0xD923, 0xD923, 0xD923,
  0xD923, 0xD923, 0xD923, 0xD923, 0xD923, 0xD923, 0xD923, 0xD923, 0xD923, 0xD923, 0xD923, 0xD923,
  0xD923, 0xD923, 0xD923, 0xD923, 0xD923, 0xD923, 0xD923, 0xD923, 0xD923, 0xD923, 0xD923, 0xD923,
  0xD923, 0xD923, 0xD923, 0xD923, 0xD923, 0xD923, 0xD923, 0xD923, 0xD923, 0xD923, 0xD923, 0xD923,
  0xD923, 0xD923, 0xD923, 0xD923, 0xD923, 0xD923, 0xD923, 0xD923, 0xD923, 0xD923, 0xD923, 0xD923,
  0xD923, 0xD923, 0xD923, 0xD923, 0xD923, 0xD923, 0xD923, 0xD923, 0xD923, 0xD923, 0xD923, 0xD923,
  0xD923, 0xD923, 0xD923, 0xD923, 0xD923, 0xD923, 0xD923, 0xD923, 0xD923, 0xD923, 0xD923, 0xD923,
  0xD923, 0xD923, 0xD923, 0xD923, 0xD923, 0xD923, 0xD923, 0xD923, 0xD923, 0xD923, 0xD923, 0xD923,
  0xD923, 0xD923, 0xD923, 0xD923, 0xD923, 0xD923, 0xD923, 0xD923, 0xD923, 0xD923, 0xD923, 0xD923,
  0xD923, 0xD923, 0xD923, 0xD923, 0xD923, 0xD923, 0xD923, 0xD923, 0xD923, 0xD923, 0xD923, 0xD923,
  0xD923, 0xD923, 0xD923, 0xD923, 0xD923, 0xD923, 0xD923, 0xD923, 0xD923, 0xD923, 0xD923, 0xD923,
  0xD923, 0xD923, 0xD923, 0xD923, 0xD923, 0xD923, 0xD923, 0xD923, 0xD923, 0xD923, 0xD923, 0xD923,
  0xD923, 0xD923, 0xD923, 0xD923, 0xD923, 0xD923, 0xD923, 0xD923, 0xD923, 0xD923, 0xD923, 0xD923,
  0xD923, 0xD923, 0xD923, 0xD923, 0xD923, 0xD923, 0xD923, 0xD923, 0xD923, 0xD923, 0xD923, 0xD923,
  0xD923, 0xD923, 0xD923, 0xD923, 0xD923, 0xD923, 0xD923, 0xD923, 0xD923, 0xD923, 0xD923, 0xD923,
  0xD923, 0xD923, 0xD923, 0xD923, 0xD923, 0xD923, 0xD923, 0xD923, 0xD923, 0xD923, 0xD923, 0xD923,
  0xD923, 0xD923, 0xD923, 0xD923, 0xD923, 0xD923, 0xD923, 0xD923, 0xD923, 0xD923, 0xD923, 0xD923,
  0xD923, 0xD923, 0xD923, 0xD923, 0xD923, 0xD923, 0xD923, 0xD923, 0xD923, 0xD923, 0xD923, 0xD923,
  0xD923, 0xD923, 0xD923, 0xD923, 0xD923, 0xD923, 0xD923, 0xD923, 0xD923, 0xD923, 0xD923, 0xD923,
  0xD923, 0xD923, 0xD923, 0xD923, 0xD923, 0xD923, 0xD923, 0xD923, 0xD923, 0xD923, 0xD923, 0xD923,
  0xD923, 0xD923, 0xD923, 0xD923, 0xD923, 0xD923, 0xD923, 0xD923, 0xD923, 0xD923, 0xD923, 0xD923,
  0xD923, 0xD923, 0xD923, 0xD923, 0xD923, 0xD923, 0xD923, 0xD923, 0xD923, 0xD923, 0xD923, 0xD923,
  0xD923, 0xD923, 0xD923, 0xD923, 0xD923, 0xD923, 0xD923, 0xD923, 0xD923, 0xD923, 0xD923, 0xD923,
  0xD923, 0xD923, 0xD923, 0xD923, 0xD923, 0xD923, 0xD923, 0xD923, 0xD923, 0xD923, 0xD923, 0xD923,
  0xD923, 0xD923, 0xD923, 0xD923, 0xD923, 0xD923, 0xD923, 0xD923, 0xD923, 0xD923, 0xD923, 0xD923,
  0xD923, 0xD923, 0xD923, 0xD923, 0xD923, 0xD923, 0xD923, 0xD923, 0xD923, 0xD923, 0xD923, 0xD923,
  0xD923, 0xD923, 0xD923, 0xD923, 0xD923, 0xD923, 0xD923, 0xD923, 0xD923, 0xD923, 0xD923, 0xD923,
  0xD923, 0xD923, 0xD923, 0xD923, 0xD923, 0xD923, 0xD923, 0xD923, 0xD923, 0xD923, 0xD923, 0xD923,
  0xD923, 0xD923, 0xD923, 0xD923, 0xD923, 0xD923, 0xD923, 0xD923, 0xD923, 0xD923, 0xD923, 0xD923,
  0xD923, 0xD923, 0xD923, 0xD923, 0xD923, 0xD923, 0xD923, 0xD923, 0xD923, 0xD923, 0xD923, 0xD923,
  0xD923, 0xD923, 0xD923, 0xD923, 0xD923, 0xD923, 0xD923, 0xD923, 0xD923, 0xD923, 0xD923, 0xD923,
  0xD923, 0xD923, 0xD923, 0xD923, 0xD923, 0xD923, 0xD923, 0xD923, 0xD923, 0xD923, 0xD923, 0xD923,
  0xD923, 0xD923, 0xD923, 0xD923, 0xD923, 0xD923, 0xD923, 0xD923, 0xD923, 0xD923, 0xD923, 0xD923,
  0xD923, 0xD923, 0xD923, 0xD923, 0xD923, 0xD923, 0xD923, 0xD923, 0xD923, 0xD923, 0xD923, 0xD923,
  0xD923, 0xD923, 0xD923, 0xD923, 0xD923, 0xD923, 0xD923, 0xD923, 0xD923, 0xD923, 0xD923, 0xD923,
  0xD923, 0xD923, 0xD923, 0xD923, 0xD923, 0xD923, 0xD923, 0xD923, 0xD923, 0xD923, 0xD923, 0xD923,
  0xD923, 0xD923, 0xD923, 0xD923, 0xD923, 0xD923, 0xD923, 0xD923, 0xD923, 0xD923, 0xD923, 0xD923,
  0xD923, 0xD923, 0xD923, 0xD923, 0xD923, 0xD923, 0xD923, 0xD923, 0xD923, 0xD923, 0xD923, 0xD923,
  0xD923, 0xD923, 0xD923, 0xD923, 0xD923, 0xD923, 0xD923, 0xD923, 0xD923, 0xD923, 0xD923, 0xD923,
  0xD923, 0xD923, 0xD923, 0xD923, 0xD923, 0xD923, 0xD923, 0xD923, 0xD923, 0xD923, 0xD923, 0xD923,
  0xD923, 0xD923, 0xD923, 0xD923, 0xD923, 0xD923, 0xD923, 0xD923, 0xD923, 0xD923, 0xD923, 0xD923,
  0xD923, 0xD923, 0xD923, 0xD923, 0xD923, 0xD923, 0xD923, 0xD923, 0xD923, 0xD923, 0xD923, 0xD923,
  0xD923, 0xD923, 0xD923, 0xD923, 0xD923, 0xD923, 0xD923, 0xD923, 0xD923, 0xD923, 0xD923, 0xD923,
  0xD923, 0xD923, 0xD923, 0xD923, 0xD923, 0xD923, 0xD923, 0xD923, 0xD923, 0xD923, 0xD923, 0xD923,
  0xD923, 0xD923, 0xD923, 0xD923, 0xD923, 0xD923, 0xD923, 0xD923, 0xD923, 0xD923, 0xD923, 0xD923,
  0xD923, 0xD923, 0xD923, 0xD923, 0xD923, 0xD923, 0xD923, 0xD923, 0xD923, 0xD923, 0xD923, 0xD923,
  0xD923, 0xD923, 0xD923, 0xD923, 0xD923, 0xD923, 0xD923, 0xD923, 0xD923, 0xD923, 0xD923, 0xD923,
  0xD923, 0xD923, 0xD923, 0xD923, 0xD923, 0xD923, 0xD923, 0xD923, 0xD923, 0xD923, 0xD923, 0xD923,
  0xD923, 0xD923, 0xD923, 0xD923, 0xD923, 0xD923, 0xD923, 0xD923, 0xD923, 0xD923, 0xD923, 0xD923,
  0xD923, 0xD923, 0xD923, 0xD923, 0xD923, 0xD923, 0xD923, 0xD923, 0xD923, 0xD923, 0xD923, 0xD923,
  0xD923, 0xD923, 0xD923, 0xD923, 0xD923, 0xD923, 0xD923, 0xD923, 0xD923, 0xD923, 0xD923, 0xD923,
  0xD923, 0xD923, 0xD923, 0xD923, 0xD923, 0xD923, 0xD923, 0xD923, 0xD923, 0xD923, 0xD923, 0xD923,
  0xD923, 0xD923, 0xD923, 0xD923, 0xD923, 0xD923, 0xD923, 0xD923, 0xD923, 0xD923, 0xD923, 0xD923,
  0xD923, 0xD923, 0xD923, 0xD923, 0xD923, 0xD923, 0xD923, 0xD923, 0xD923, 0xD923, 0xD923, 0xD923,
  0xD923, 0xD923, 0xD923, 0xD923, 0xD923, 0xD923, 0xD923, 0xD923, 0xD923, 0xD923, 0xD923, 0xD923,
  0xD923, 0xD923, 0xD923, 0xD923, 0xD923, 0xD923, 0xD923, 0xD923, 0xD923, 0xD923, 0xD923, 0xD923,
  0xD923, 0xD923, 0xD923, 0xD923, 0xD923, 0xD923, 0xD923, 0xD923, 0xD923, 0xD923, 0xD923, 0xD923,
  0xD923, 0xD923, 0xD923, 0xD923, 0xD923, 0xD923, 0xD923, 0xD923, 0xD923, 0xD923, 0xD923, 0xD923,
  0xD923, 0xD923, 0xD923, 0xD923, 0xD923, 0xD923, 0xD923, 0xD923, 0xD923, 0xD923, 0xD923, 0xD923,
  0xD923, 0xD923, 0xD923, 0xD923, 0xD923, 0xD923, 0xD923, 0xD923, 0xD923, 0xD923, 0xD923, 0xD923,
  0xD923, 0xD923, 0xD923, 0xD923, 0xD923, 0xD923, 0xD923, 0xD923, 0xD923, 0xD923, 0xD923, 0xD923,
  0xD923, 0xD923, 0xD923, 0xD923, 0xD923, 0xD923, 0xD923, 0xD923, 0xD923, 0xD923, 0xD923, 0xD923,
  0xD923, 0xD923, 0xD923, 0xD923, 0xD923, 0xD923, 0xD923, 0xD923, 0xD923, 0xD923, 0xD923, 0xD923,
  0xD923, 0xD923, 0xD923, 0xD923, 0xD923, 0xD923, 0xD923, 0xD923, 0xD923, 0xD923, 0xD923, 0xD923,
  0xD923, 0xD923, 0xD923, 0xD923, 0xD923, 0xD923, 0xD923, 0xD923, 0xD923, 0xD923, 0xD923, 0xD923,
  0xD923, 0xD923, 0xD923, 0xD923, 0xD923, 0xD923, 0xD923, 0xD923, 0xD923, 0xD923, 0xD923, 0xD923,
  0xD923, 0xD923, 0xD923, 0xD923, 0xD923, 0xD923, 0xD923, 0xD923, 0xD923, 0xD923, 0xD923, 0xD923,
  0xD923, 0xD923, 0xD923, 0xD923, 0xD923, 0xD923, 0xD923, 0xD923, 0xD923, 0xD923, 0xD923, 0xD923,
  0xD923, 0xD923, 0xD923, 0xD923, 0xD923, 0xD923, 0xD923, 0xD923, 0xD923, 0xD923, 0xD923, 0xD923,
  0xD923, 0xD923, 0xD923, 0xD923, 0xD923, 0xD923, 0xD923, 0xD923, 0xD923, 0xD923, 0xD923, 0xD923,
  0xD923, 0xD923, 0xD923, 0xD923, 0xD923, 0xD923, 0xD923, 0xD923, 0xD923, 0xD923, 0xD923, 0xD923,
  0xD923, 0xD923, 0xD923, 0xD923, 0xD923, 0xD923, 0xD923, 0xD923, 0xD923, 0xD923, 0xD923, 0xD923,
  0xD923, 0xD923, 0xD923, 0xD923, 0xD923, 0xD923, 0xD923, 0xD923, 0xD923, 0xD923, 0xD923, 0xD923,
  0xD923, 0xD923, 0xD923, 0xD923, 0xD923, 0xD923, 0xD923, 0xD923, 0xD923, 0xD923, 0xD923, 0xD923,
  0xD923, 0xD923, 0xD923, 0xD923, 0xD923, 0xD923, 0xD923, 0xD923, 0xD923, 0xD923, 0xD923, 0xD923,
  0xD923, 0xD923, 0xD923, 0xD923, 0xD923, 0xD923, 0xD923, 0xD923, 0xD923, 0xD923, 0xD923, 0xD923,
  0xD923, 0xD923, 0xD923, 0xD923, 0xD923, 0xD923, 0xD923, 0xD923, 0xD923, 0xD923, 0xD923, 0xD923,
  0xD923, 0xD923, 0xD923, 0xD923, 0xD923, 0xD923, 0xD923, 0xD923, 0xD923, 0xD923, 0xD923, 0xD923,
  0xD923, 0xD923, 0xD923, 0xD923, 0xD923, 0xD923, 0xD923, 0xD923, 0xD923, 0xD923, 0xD923, 0xD923,
  0xD923, 0xD923, 0xD923, 0xD923, 0xD923, 0xD923, 0xD923, 0xD923, 0xD923, 0xD923, 0xD923, 0xD923,
  0xD923, 0xD923, 0xD923, 0xD923, 0xD923, 0xD923, 0xD923, 0xD923, 0xD923, 0xD923, 0xD923, 0xD923,
  0xD923, 0xD923, 0xD923, 0xD923, 0xD923, 0xD923, 0xD923, 0xD923, 0xD923, 0xD923, 0xD923, 0xD923,
  0xD923, 0xD923, 0xD923, 0xD923, 0xD923, 0xD923, 0xD923, 0xD923, 0xD923, 0xD923, 0xD923, 0xD923,
  0xD923, 0xD923, 0xD923, 0xD923, 0xD923, 0xD923, 0xD923, 0xD923, 0xD923, 0xD923, 0xD923, 0xD923,
  0xD923, 0xD923, 0xD923, 0xD923, 0xD923, 0xD923, 0xD923, 0xD923, 0xD923, 0xD923, 0xD923, 0xD923,
  0xD923, 0xD923, 0xD923, 0xD923, 0xD923, 0xD923, 0xD923, 0xD923, 0xD923, 0xD923, 0xD923, 0xD923,
  0xD923, 0xD923, 0xD923, 0xD923, 0xD923, 0xD923, 0xD923, 0xD923, 0xD923, 0xD923, 0xD923, 0xD923,
  0xD923, 0xD923, 0xD923, 0xD923, 0xD923, 0xD923, 0xD923, 0xD923, 0xD923, 0xD923, 0xD923, 0xD923,
  0xD923, 0xD923, 0xD923, 0xD923, 0xD923, 0xD923, 0xD923, 0xD923, 0xD923, 0xD923, 0xD923, 0xD923,
  0xD923, 0xD923, 0xD923, 0xD923, 0xD923, 0xD923, 0xD923, 0xD923, 0xD923, 0xD923, 0xD923, 0xD923,
  0xD923, 0xD923, 0xD923, 0xD923, 0xD923, 0xD923, 0xD923, 0xD923, 0xD923, 0xD923, 0xD923, 0xD923,
  0xD923, 0xD923, 0xD923, 0xD923, 0xD923, 0xD923, 0xD923, 0xD923, 0xD923, 0xD923, 0xD923, 0xD923,
  0xD923, 0xD923, 0xD923, 0xD923, 0xD923, 0xD923, 0xD923, 0xD923, 0xD923, 0xD923, 0xD923, 0xD923,
  0xD923, 0xD923, 0xD923, 0xD923, 0xD923, 0xD923, 0xD923, 0xD923, 0xD923, 0xD923, 0xD923, 0xD923,
  0xD923, 0xD923, 0xD923, 0xD923, 0xD923, 0xD923, 0xD923, 0xD923, 0xD923, 0xD923, 0xD923, 0xD923,
  0xD923, 0xD923, 0xD923, 0xD923, 0xD923, 0xD923, 0xD923, 0xD923, 0xD923, 0xD923, 0xD923, 0xD923,
  0xD923, 0xD923, 0xD923, 0xD923, 0xD923, 0xD923, 0xD923, 0xD923, 0xD923, 0xD923, 0xD923, 0xD923,
  0xD923, 0xD923, 0xD923, 0xD923, 0xD923, 0xD923, 0xD923, 0xD923, 0xD923, 0xD923, 0xD923, 0xD923,
  0xD923, 0xD923, 0xD923, 0xD923, 0xD923, 0xD923, 0xD923, 0xD923, 0xD923, 0xD923, 0xD923, 0xD923,
  0xD923, 0xD923, 0xD923, 0xD923, 0xD923, 0xD923, 0xD923, 0xD923, 0xD923, 0xD923, 0xD923, 0xD923,
  0xD923, 0xD923, 0xD923, 0xD923, 0xD923, 0xD923, 0xD923, 0xD923, 0xD923, 0xD923, 0xD923, 0xD923,
  0xD923, 0xD923, 0xD923, 0xD923, 0xD923, 0xD923, 0xD923, 0xD923, 0xD923, 0xD923, 0xD923, 0xD923,
  0xD923, 0xD923, 0xD923, 0xD923, 0xD923, 0xD923, 0xD923, 0xD923, 0xD923, 0xD923, 0xD923, 0xD923,
  0xD923, 0xD923, 0xD923, 0xD923, 0xD923, 0xD923, 0xD923, 0xD923, 0xD923, 0xD923, 0xD923, 0xD923,
  0xD923, 0xD923, 0xD923, 0xD923, 0xD923, 0xD923, 0xD923, 0xD923, 0xD923, 0xD923, 0xD923, 0xD923,
  0xD923, 0xD923, 0xD923, 0xD923, 0xD923, 0xD923, 0xD923, 0xD923, 0xD923, 0xD923, 0xD923, 0xD923,
  0xD923, 0xD923, 0xD923, 0xD923, 0xD923, 0xD923, 0xD923, 0xD923, 0xD923, 0xD923, 0xD923, 0xD923,
  0xD923, 0xD923, 0xD923, 0xD923, 0xD923, 0xD923, 0xD923, 0xD923, 0xD923, 0xD923, 0xD923, 0xD923,
  0xD923, 0xD923, 0xD923, 0xD923, 0xD923, 0xD923, 0xD923, 0xD923, 0xD923, 0xD923, 0xD923, 0xD923,
  0xD923, 0xD923, 0xD923, 0xD923, 0xD923, 0xD923, 0xD923, 0xD923, 0xD923, 0xD923, 0xD923, 0xD923,
  0xD923, 0xD923, 0xD923, 0xD923, 0xD923, 0xD923, 0xD923, 0xD923, 0xD923, 0xD923, 0xD923, 0xD923,
  0xD923, 0xD923, 0xD923, 0xD923, 0xD923, 0xD923, 0xD923, 0xD923, 0xD923, 0xD923, 0xD923, 0xD923,
  0xD923, 0xD923, 0xD923, 0xD923, 0xD923, 0xD923, 0xD923, 0xD923, 0xD923, 0xD923, 0xD923, 0xD923,
  0xD923, 0xD923, 0xD923, 0xD923, 0xD923, 0xD923, 0xD923, 0xD923, 0xD923, 0xD923, 0xD923, 0xD923,
  0xD923, 0xD923, 0xD923, 0xD923, 0xD923, 0xD923, 0xD923, 0xD923, 0xD923, 0xD923, 0xD923, 0xD923,
  0xD923, 0xD923, 0xD923, 0xD923, 0xD923, 0xD923, 0xD923, 0xD923, 0xD923, 0xD923, 0xD923, 0xD923,
  0xD923, 0xD923, 0xD923, 0xD923, 0xD923, 0xD923, 0xD923, 0xD923, 0xD923, 0xD923, 0xD923, 0xD923,
  0xD923, 0xD923, 0xD923, 0xD923, 0xD923, 0xD923, 0xD923, 0xD923, 0xD923, 0xD923, 0xD923, 0xD923,
  0xD923, 0xD923, 0xD923, 0xD923, 0xD923, 0xD923, 0xD923, 0xD923, 0xD923, 0xD923, 0xD923, 0xD923,
  0xD923, 0xD923, 0xD923, 0xD923, 0xD923, 0xD923, 0xD923, 0xD923, 0xD923, 0xD923, 0xD923, 0xD923,
  0xD923, 0xD923, 0xD923, 0xD923, 0xD923, 0xD923, 0xD923, 0xD923, 0xD923, 0xD923, 0xD923, 0xD923,
  0xD923, 0xD923, 0xD923, 0xD923, 0xD923, 0xD923, 0xD923, 0xD923, 0xD923, 0xD923, 0xD923, 0xD923,
  0xD923, 0xD923, 0xD923, 0xD923, 0xD923, 0xD923, 0xD923, 0xD923, 0xD923, 0xD923, 0xD923, 0xD923,
  0xD923, 0xD923, 0xD923, 0xD923, 0xD923, 0xD923, 0xD923, 0xD923, 0xD923, 0xD923, 0xD923, 0xD923,
  0xD923, 0xD923, 0xD923, 0xD923, 0xD923, 0xD923, 0xD923, 0xD923, 0xD923, 0xD923, 0xD923, 0xD923,
  0xD923, 0xD923, 0xD923, 0xD923, 0xD923, 0xD923, 0xD923, 0xD923, 0xD923, 0xD923, 0xD923, 0xD923,
  0xD923, 0xD923, 0xD923, 0xD923, 0xD923, 0xD923, 0xD923, 0xD923, 0xD923, 0xD923, 0xD923, 0xD923,
  0xD923, 0xD923, 0xD923, 0xD923, 0xD923, 0xD923, 0xD923, 0xD923, 0xD923, 0xD923, 0xD923, 0xD923,
  0xD923, 0xD923, 0xD923, 0xD923, 0xD923, 0xD923, 0xD923, 0xD923, 0xD923, 0xD923, 0xD923, 0xD923,
  0xD923, 0xD923, 0xD923, 0xD923, 0xD923, 0xD923, 0xD923, 0xD923, 0xD923, 0xD923, 0xD923, 0xD923,
  0xD923, 0xD923, 0xD923, 0xD923, 0xD923, 0xD923, 0xD923, 0xD923, 0xD923, 0xD923, 0xD923, 0xD923,
  0xD923, 0xD923, 0xD923, 0xD923, 0xD923, 0xD923, 0xD923, 0xD923, 0xD923, 0xD923, 0xD923, 0xD923,
  0xD923, 0xD923, 0xD923, 0xD923, 0xD923, 0xD923, 0xD923, 0xD923, 0xD923, 0xD923, 0xD923, 0xD923,
  0xD923, 0xD923, 0xD923, 0xD923, 0xD923, 0xD923, 0xD923, 0xD923, 0xD923, 0xD923, 0xD923, 0xD923,
  0xD923, 0xD923, 0xD923, 0xD923, 0xD923, 0xD923, 0xD923, 0xD923, 0xD923, 0xD923, 0xD923, 0xD923,
  0xD923, 0xD923, 0xD923, 0xD923, 0xD923, 0xD923, 0xD923, 0xD923, 0xD923, 0xD923, 0xD923, 0xD923,
  0xD923, 0xD923, 0xD923, 0xD923, 0xD923, 0xD923, 0xD923, 0xD923, 0xD923, 0xD923, 0xD923, 0xD923,
  0xD923, 0xD923, 0xD923, 0xD923, 0xD923, 0xD923, 0xD923, 0xD923, 0xD923, 0xD923, 0xD923, 0xD923,
  0xD923, 0xD923, 0xD923, 0xD923, 0xD923, 0xD923, 0xD923, 0xD923, 0xD923, 0xD923, 0xD923, 0xD923,
  0xD923, 0xD923, 0xD923, 0xD923, 0xD923, 0xD923, 0xD923, 0xD923, 0xD923, 0xD923, 0xD923, 0xD923,
  0xD923, 0xD923, 0xD923, 0xD923, 0xD923, 0xD923, 0xD923, 0xD923, 0xD923, 0xD923, 0xD923, 0xD923,
  0xD923, 0xD923, 0xD923, 0xD923, 0xD923, 0xD923, 0xD923, 0xD923, 0xD923, 0xD923, 0xD923, 0xD923,
  0xD923, 0xD923, 0xD923, 0xD923, 0xD923, 0xD923, 0xD923, 0xD923, 0xD923, 0xD923, 0xD923, 0xD923,
  0xD923, 0xD923, 0xD923, 0xD923, 0xD923, 0xD923, 0xD923, 0xD923, 0xD923, 0xD923, 0xD923, 0xD923,
  0xD923, 0xD923, 0xD923, 0xD923, 0xD923, 0xD923, 0xD923, 0xD923, 0xD923, 0xD923, 0xD923, 0xD923,
  0xD923, 0xD923, 0xD923, 0xD923, 0xD923, 0xD923, 0xD923, 0xD923, 0xD923, 0xD923, 0xD923, 0xD923,
  0xD923, 0xD923, 0xD923, 0xD923, 0xD923, 0xD923, 0xD923, 0xD923, 0xD923, 0xD923, 0xD923, 0xD923,
  0xD923, 0xD923, 0xD923, 0xD923, 0xD923, 0xD923, 0xD923, 0xD923, 0xD923, 0xD923, 0xD923, 0xD923,
  0xD923, 0xD923, 0xD923, 0xD923, 0xD923, 0xD923, 0xD923, 0xD923, 0xD923, 0xD923, 0xD923, 0xD923,
  0xD923, 0xD923, 0xD923, 0xD923, 0xD923, 0xD923, 0xD923, 0xD923, 0xD923, 0xD923, 0xD923, 0xD923,
  0xD923, 0xD923, 0xD923, 0xD923, 0xD923, 0xD923, 0xD923, 0xD923, 0xD923, 0xD923, 0xD923, 0xD923,
  0xD923, 0xD923, 0xD923, 0xD923, 0xD923, 0xD923, 0xD923, 0xD923, 0xD923, 0xD923, 0xD923, 0xD923,
  0xD923, 0xD923, 0xD923, 0xD923, 0xD923, 0xD923, 0xD923, 0xD923, 0xD923, 0xD923, 0xD923, 0xD923,
  0xD923, 0xD923, 0xD923, 0xD923, 0xD923, 0xD923, 0xD923, 0xD923, 0xD923, 0xD923, 0xD923, 0xD923,
  0xD923, 0xD923, 0xD923, 0xD923, 0xD923, 0xD923, 0xD923, 0xD923, 0xD923, 0xD923, 0xD923, 0xD923,
  0xD923, 0xD923, 0xD923, 0xD923, 0xD923, 0xD923, 0xD923, 0xD923, 0xD923, 0xD923, 0xD923, 0xD923,
  0xD923, 0xD923, 0xD923, 0xD923, 0xD923, 0xD923, 0xD923, 0xD923, 0xD923, 0xD923, 0xD923, 0xD923,
  0xD923, 0xD923, 0xD923, 0xD923, 0xD923, 0xD923, 0xD923, 0xD923, 0xD923, 0xD923, 0xD923, 0xD923,
  0xD923, 0xD923, 0xD923, 0xD923, 0xD923, 0xD923, 0xD923, 0xD923, 0xD923, 0xD923, 0xD923, 0xD923,
  0xD923, 0xD923, 0xD923, 0xD923, 0xD923, 0xD923, 0xD923, 0xD923, 0xD923, 0xD923, 0xD923, 0xD923,
  0xD923, 0xD923, 0xD923, 0xD923, 0xD923, 0xD923, 0xD923, 0xD923, 0xD923, 0xD923, 0xD923, 0xD923,
  0xD923, 0xD923, 0xD923, 0xD923, 0xD923, 0xD923, 0xD923, 0xD923, 0xD923, 0xD923, 0xD923, 0xD923,
  0xD923, 0xD923, 0xD923, 0xD923, 0xD923, 0xD923, 0xD923, 0xD923, 0xD923, 0xD923, 0xD923, 0xD923,
  0xD923, 0xD923, 0xD923, 0xD923, 0xD923, 0xD923, 0xD923, 0xD923, 0xD923, 0xD923, 0xD923, 0xD923,
  0xD923, 0xD923, 0xD923, 0xD923, 0xD923, 0xD923, 0xD923, 0xD923, 0xD923, 0xD923, 0xD923, 0xD923,
  0xD923, 0xD923, 0xD923, 0xD923, 0xD923, 0xD923, 0xD923, 0xD923, 0xD923, 0xD923, 0xD923, 0xD923,
  0xD923, 0xD923, 0xD923, 0xD923, 0xD923, 0xD923, 0xD923, 0xD923, 0xD923, 0xD923, 0xD923, 0xD923,
  0xD923, 0xD923, 0xD923, 0xD923, 0xD923, 0xD923, 0xD923, 0xD923, 0xD923, 0xD923, 0xD923, 0xD923,
  0xD923, 0xD923, 0xD923, 0xD923, 0xD923, 0xD923, 0xD923, 0xD923, 0xD923, 0xD923, 0xD923, 0xD923,
  0xD923, 0xD923, 0xD923, 0xD923, 0xD923, 0xD923, 0xD923, 0xD923, 0xD923, 0xD923, 0xD923, 0xD923,
  0xD923, 0xD923, 0xD923, 0xD923, 0xD923, 0xD923, 0xD923, 0xD923, 0xD923, 0xD923, 0xD923, 0xD923,
  0xD923, 0xD923, 0xD923, 0xD923, 0xD923, 0xD923, 0xD923, 0xD923, 0xD923, 0xD923, 0xD923, 0xD923,
  0xD923, 0xD923, 0xD923, 0xD923, 0xD923, 0xD923, 0xD923, 0xD923, 0xD923, 0xD923, 0xD923, 0xD923,
  0xD923, 0xD923, 0xD923, 0xD923, 0xD923, 0xD923, 0xD923, 0xD923, 0xD923, 0xD923, 0xD923, 0xD923,
  0xD923, 0xD923, 0xD923, 0xD923, 0xD923, 0xD923, 0xD923, 0xD923, 0xD923, 0xD923, 0xD923, 0xD923,
  0xD923, 0xD923, 0xD923, 0xD923, 0xD923, 0xD923, 0xD923, 0xD923, 0xD923, 0xD923, 0xD923, 0xD923,
  0xD923, 0xD923, 0xD923, 0xD923, 0xD923, 0xD923, 0xD923, 0xD923, 0xD923, 0xD923, 0xD923, 0xD923,
  0xD923, 0xD923, 0xD923, 0xD923, 0xD923, 0xD923, 0xD923, 0xD923, 0xD923, 0xD923, 0xD923, 0xD923,
  0xD923, 0xD923, 0xD923, 0xD923, 0xD923, 0xD923, 0xD923, 0xD923, 0xD923, 0xD923, 0xD923, 0xD923,
  0xD923, 0xD923, 0xD923, 0xD923, 0xD923, 0xD923, 0xD923, 0xD923, 0xD923, 0xD923, 0xD923, 0xD923,
  0xD923, 0xD923, 0xD923, 0xD923, 0xD923, 0xD923, 0xD923, 0xD923, 0xD923, 0xD923, 0xD923, 0xD923,
  0xD923, 0xD923, 0xD923, 0xD923, 0xD923, 0xD923, 0xD923, 0xD923, 0xD923, 0xD923, 0xD923, 0xD923,
  0xD923, 0xD923, 0xD923, 0xD923, 0xD923, 0xD923, 0xD923, 0xD923, 0xD923, 0xD923, 0xD923, 0xD923,
  0xD923, 0xD923, 0xD923, 0xD923, 0xD923, 0xD923, 0xD923, 0xD923, 0xD923, 0xD923, 0xD923, 0xD923,
  0xD923, 0xD923, 0xD923, 0xD923, 0xD923, 0xD923, 0xD923, 0xD923, 0xD923, 0xD923, 0xD923, 0xD923,
  0xD923, 0xD923, 0xD923, 0xD923, 0xD923, 0xD923, 0xD923, 0xD923, 0xD923, 0xD923, 0xD923, 0xD923,
  0xD923, 0xD923, 0xD923, 0xD923, 0xD923, 0xD923, 0xD923, 0xD923, 0xD923, 0xD923, 0xD923, 0xD923,
  0xD923, 0xD923, 0xD923, 0xD923, 0xD923, 0xD923, 0xD923, 0xD923, 0xD923, 0xD923, 0xD923, 0xD923,
  0xD923, 0xD923, 0xD923, 0xD923, 0xD923, 0xD923, 0xD923, 0xD923, 0xD923, 0xD923, 0xD923, 0xD923,
  0xD923, 0xD923, 0xD923, 0xD923, 0xD923, 0xD923, 0xD923, 0xD923, 0xD923, 0xD923, 0xD923, 0xD923,
  0xD923, 0xD923, 0xD923, 0xD923, 0xD923, 0xD923, 0xD923, 0xD923, 0xD923, 0xD923, 0xD923, 0xD923,
  0xD923, 0xD923, 0xD923, 0xD923, 0xD923, 0xD923, 0xD923, 0xD923, 0xD923, 0xD923, 0xD923, 0xD923,
  0xD923, 0xD923, 0xD923, 0xD923, 0xD923, 0xD923, 0xD923, 0xD923, 0xD923, 0xD923, 0xD923, 0xD923,
  0xD923, 0xD923, 0xD923, 0xD923, 0xD923, 0xD923, 0xD923, 0xD923, 0xD923, 0xD923, 0xD923, 0xD923,
  0xD923, 0xD923, 0xD923, 0xD923, 0xD923, 0xD923, 0xD923, 0xD923, 0xD923, 0xD923, 0xD923, 0xD923,
  0xD923, 0xD923, 0xD923, 0xD923, 0xD923, 0xD923, 0xD923, 0xD923, 0xD923, 0xD923, 0xD923, 0xD923,
  0xD923, 0xD923, 0xD923, 0xD923, 0xD923, 0xD923, 0xD923, 0xD923, 0xD923, 0xD923, 0xD923, 0xD923,
  0xD923, 0xD923, 0xD923, 0xD923, 0xD923, 0xD923, 0xD923, 0xD923, 0xD923, 0xD923, 0xD923, 0xD923,
  0xD923, 0xD923, 0xD923, 0xD923, 0xD923, 0xD923, 0xD923, 0xD923, 0xD923, 0xD923, 0xD923, 0xD923,
  0xD923, 0xD923, 0xD923, 0xD923, 0xD923, 0xD923, 0xD923, 0xD923, 0xD923, 0xD923, 0xD923, 0xD923,
  0xD923, 0xD923, 0xD923, 0xD923, 0xD923, 0xD923, 0xD923, 0xD923, 0xD923, 0xD923, 0xD923, 0xD923,
  0xD923, 0xD923, 0xD923, 0xD923, 0xD923, 0xD923, 0xD923, 0xD923, 0xD923, 0xD923, 0xD923, 0xD923,
  0xD923, 0xD923, 0xD923, 0xD923, 0xD923, 0xD923, 0xD923, 0xD923, 0xD923, 0xD923, 0xD923, 0xD923,
  0xD923, 0xD923, 0xD923, 0xD923, 0xD923, 0xD923, 0xD923, 0xD923, 0xD923, 0xD923, 0xD923, 0xD923,
  0xD923, 0xD923, 0xD923, 0xD923, 0xD923, 0xD923, 0xD923, 0xD923, 0xD923, 0xD923, 0xD923, 0xD923,
  0xD923, 0xD923, 0xD923, 0xD923, 0xD923, 0xD923, 0xD923, 0xD923, 0xD923, 0xD923, 0xD923, 0xD923,
  0xD923, 0xD923, 0xD923, 0xD923, 0xD923, 0xD923, 0xD923, 0xD923, 0xD923, 0xD923, 0xD923, 0xD923,
  0xD923, 0xD923, 0xD923, 0xD923, 0xD923, 0xD923, 0xD923, 0xD923, 0xD923, 0xD923, 0xD923, 0xD923,
  0xD923, 0xD923, 0xD923, 0xD923, 0xD923, 0xD923, 0xD923, 0xD923, 0xD923, 0xD923, 0xD923, 0xD923,
  0xD923, 0xD923, 0xD923, 0xD923, 0xD923, 0xD923, 0xD923, 0xD923, 0xD923, 0xD923, 0xD923, 0xD923,
  0xD923, 0xD923, 0xD923, 0xD923, 0xD923, 0xD923, 0xD923, 0xD923, 0xD923, 0xD923, 0xD923, 0xD923,
  0xD923, 0xD923, 0xD923, 0xD923, 0xD923, 0xD923, 0xD923, 0xD923, 0xD923, 0xD923, 0xD923, 0xD923,
  0xD923, 0xD923, 0xD923, 0xD923, 0xD923, 0xD923, 0xD923, 0xD923, 0xD923, 0xD923, 0xD923, 0xD923,
  0xD923, 0xD923, 0xD923, 0xD923, 0xD923, 0xD923, 0xD923, 0xD923, 0xD923, 0xD923, 0xD923, 0xD923,
  0xD923, 0xD923, 0xD923, 0xD923, 0xD923, 0xD923, 0xD923, 0xD923, 0xD923, 0xD923, 0xD923, 0xD923,
  0xD923, 0xD923, 0xD923, 0xD923, 0xD923, 0xD923, 0xD923, 0xD923, 0xD923, 0xD923, 0xD923, 0xD923,
  0xD923, 0xD923, 0xD923, 0xD923, 0xD923, 0xD923, 0xD923, 0xD923, 0xD923, 0xD923, 0xD923, 0xD923,
  0xD923, 0xD923, 0xD923, 0xD923, 0xD923, 0xD923, 0xD923, 0xD923, 0xD923, 0xD923, 0xD923, 0xD923,
  0xD923, 0xD923, 0xD923, 0xD923, 0xD923, 0xD923, 0xD923, 0xD923, 0xD923, 0xD923, 0xD923, 0xD923,
  0xD923, 0xD923, 0xD923, 0xD923, 0xD923, 0xD923, 0xD923, 0xD923, 0xD923, 0xD923, 0xD923, 0xD923,
  0xD923, 0xD923, 0xD923, 0xD923, 0xD923, 0xD923, 0xD923, 0xD923, 0xD923, 0xD923, 0xD923, 0xD923,
  0xD923, 0xD923, 0xD923, 0xD923, 0xD923, 0xD923, 0xD923, 0xD923, 0xD923, 0xD923, 0xD923, 0xD923,
  0xD923, 0xD923, 0xD923, 0xD923, 0xD923, 0xD923, 0xD923, 0xD923, 0xD923, 0xD923, 0xD923, 0xD923,
  0xD923, 0xD923, 0xD923, 0xD923, 0xD923, 0xD923, 0xD923, 0xD923, 0xD923, 0xD923, 0xD923, 0xD923,
  0xD923, 0xD923, 0xD923, 0xD923, 0xD923, 0xD923, 0xD923, 0xD923, 0xD923, 0xD923, 0xD923, 0xD923,
  0xD923, 0xD923, 0xD923, 0xD923, 0xD923, 0xD923, 0xD923, 0xD923, 0xD923, 0xD923, 0xD923, 0xD923,
  0xD923, 0xD923, 0xD923, 0xD923, 0xD923, 0xD923, 0xD923, 0xD923, 0xD923, 0xD923, 0xD923, 0xD923,
  0xD923, 0xD923, 0xD923, 0xD923, 0xD923, 0xD923, 0xD923, 0xD923, 0xD923, 0xD923, 0xD923, 0xD923,
  0xD923, 0xD923, 0xD923, 0xD923, 0xD923, 0xD923, 0xD923, 0xD923, 0xD923, 0xD923, 0xD923, 0xD923,
  0xD923, 0xD923, 0xD923, 0xD923, 0xD923, 0xD923, 0xD923, 0xD923, 0xD923, 0xD923, 0xD923, 0xD923,
  0xD923, 0xD923, 0xD923, 0xD923, 0xD923, 0xD923, 0xD923, 0xD923, 0xD923, 0xD923, 0xD923, 0xD923,
  0xD923, 0xD923, 0xD923, 0xD923, 0xD923, 0xD923, 0xD923, 0xD923, 0xD923, 0xD923, 0xD923, 0xD923,
  0xD923, 0xD923, 0xD923, 0xD923, 0xD923, 0xD923, 0xD923, 0xD923, 0xD923, 0xD923, 0xD923, 0xD923,
  0xD923, 0xD923, 0xD923, 0xD923, 0xD923, 0xD923, 0xD923, 0xD923, 0xD923, 0xD923, 0xD923, 0xD923,
  0xD923, 0xD923, 0xD923, 0xD923, 0xD923, 0xD923, 0xD923, 0xD923, 0xD923, 0xD923, 0xD923, 0xD923,
  0xD923, 0xD923, 0xD923, 0xD923, 0xD923, 0xD923, 0xD923, 0xD923, 0xD923, 0xD923, 0xD923, 0xD923,
  0xD923, 0xD923, 0xD923, 0xD923, 0xD923, 0xD923, 0xD923, 0xD923, 0xD923, 0xD923, 0xD923, 0xD923,
  0xD923, 0xD923, 0xD923, 0xD923, 0xD923, 0xD923, 0xD923, 0xD923, 0xD923, 0xD923, 0xD923, 0xD923,
  0xD923, 0xD923, 0xD923, 0xD923, 0xD923, 0xD923, 0xD923, 0xD923, 0xD923, 0xD923, 0xD923, 0xD923,
  0xD923, 0xD923, 0xD923, 0xD923, 0xD923, 0xD923, 0xD923, 0xD923, 0xD923, 0xD923, 0xD923, 0xD923,
  0xD923, 0xD923, 0xD923, 0xD923, 0xD923, 0xD923, 0xD923, 0xD923, 0xD923, 0xD923, 0xD923, 0xD923,
  0xD923, 0xD923, 0xD923, 0xD923, 0xD923, 0xD923, 0xD923, 0xD923, 0xD923, 0xD923, 0xD923, 0xD923,
  0xD923, 0xD923, 0xD923, 0xD923, 0xD923, 0xD923, 0xD923, 0xD923, 0xD923, 0xD923, 0xD923, 0xD923,
  0xD923, 0xD923, 0xD923, 0xD923, 0xD923, 0xD923, 0xD923, 0xD923, 0xD923, 0xD923, 0xD923, 0xD923,
  0xD923, 0xD923, 0xD923, 0xD923, 0xD923, 0xD923, 0xD923, 0xD923, 0xD923, 0xD923, 0xD923, 0xD923,
  0xD923, 0xD923, 0xD923, 0xD923, 0xD923, 0xD923, 0xD923, 0xD923, 0xD923, 0xD923, 0xD923, 0xD923,
  0xD923, 0xD923, 0xD923, 0xD923, 0xD923, 0xD923, 0xD923, 0xD923, 0xD923, 0xD923, 0xD923, 0xD923,
  0xD923, 0xD923, 0xD923, 0xD923, 0xD923, 0xD923, 0xD923, 0xD923, 0xD923, 0xD923, 0xD923, 0xD923,
  0xD923, 0xD923, 0xD923, 0xD923, 0xD923, 0xD923, 0xD923, 0xD923, 0xD923, 0xD923, 0xD923, 0xD923,
  0xD923, 0xD923, 0xD923, 0xD923, 0xD923, 0xD923, 0xD923, 0xD923, 0xD923, 0xD923, 0xD923, 0xD923,
  0xD923, 0xD923, 0xD923, 0xD923, 0xD923, 0xD923, 0xD923, 0xD923, 0xD923, 0xD923, 0xD923, 0xD923,
  0xD923, 0xD923, 0xD923, 0xD923, 0xD923, 0xD923, 0xD923, 0xD923, 0xD923, 0xD923, 0xD923, 0xD923,
  0xD923, 0xD923, 0xD923, 0xD923, 0xD923, 0xD923, 0xD923, 0xD923, 0xD923, 0xD923, 0xD923, 0xD923,
  0xD923, 0xD923, 0xD923, 0xD923, 0xD923, 0xD923, 0xD923, 0xD923, 0xD923, 0xD923, 0xD923, 0xD923,
  0xD923, 0xD923, 0xD923, 0xD923, 0xD923, 0xD923, 0xD923, 0xD923, 0xD923, 0xD923, 0xD923, 0xD923,
  0xD923, 0xD923, 0xD923, 0xD923, 0xD923, 0xD923, 0xD923, 0xD923, 0xD923, 0xD923, 0xD923, 0xD923,
  0xD923, 0xD923, 0xD923, 0xD923, 0xD923, 0xD923, 0xD923, 0xD923, 0xD923, 0xD923, 0xD923, 0xD923,
  0xD923, 0xD923, 0xD923, 0xD923, 0xD923, 0xD923, 0xD923, 0xD923, 0xD923, 0xD923, 0xD923, 0xD923,
  0xD923, 0xD923, 0xD923, 0xD923, 0xD923, 0xD923, 0xD923, 0xD923, 0xD923, 0xD923, 0xD923, 0xD923,
  0xD923, 0xD923, 0xD923, 0xD923, 0xD923, 0xD923, 0xD923, 0xD923, 0xD923, 0xD923, 0xD923, 0xD923,
  0xD923, 0xD923, 0xD923, 0xD923, 0xD923, 0xD923, 0xD923, 0xD923, 0xD923, 0xD923, 0xD923, 0xD923,
  0xD923, 0xD923, 0xD923, 0xD923, 0xD923, 0xD923, 0xD923, 0xD923, 0xD923, 0xD923, 0xD923, 0xD923,
  0xD923, 0xD923, 0xD923, 0xD923, 0xD923, 0xD923, 0xD923, 0xD923, 0xD923, 0xD923, 0xD923, 0xD923,
  0xD923, 0xD923, 0xD923, 0xD923, 0xD923, 0xD923, 0xD923, 0xD923, 0xD923, 0xD923, 0xD923, 0xD923,
  0xD923, 0xD923, 0xD923, 0xD923, 0xD923, 0xD923, 0xD923, 0xD923, 0xD923, 0xD923, 0xD923, 0xD923,
  0xD923, 0xD923, 0xD923, 0xD923, 0xD923, 0xD923, 0xD923, 0xD923, 0xD923, 0xD923, 0xD923, 0xD923,
  0xD923, 0xD923, 0xD923, 0xD923, 0xD923, 0xD923, 0xD923, 0xD923, 0xD923, 0xD923, 0xD923, 0xD923,
  0xD923, 0xD923, 0xD923, 0xD923, 0xD923, 0xD923, 0xD923, 0xD923, 0xD923, 0xD923, 0xD923, 0xD923,
  0xD923, 0xD923, 0xD923, 0xD923, 0xD923, 0xD923, 0xD923, 0xD923, 0xD923, 0xD923, 0xD923, 0xD923,
  0xD923, 0xD923, 0xD923, 0xD923, 0xD923, 0xD923, 0xD923, 0xD923, 0xD923, 0xD923, 0xD923, 0xD923,
  0xD923, 0xD923, 0xD923, 0xD923, 0xD923, 0xD923, 0xD923, 0xD923, 0xD923, 0xD923, 0xD923, 0xD923,
  0xD923, 0xD923, 0xD923, 0xD923, 0xD923, 0xD923, 0xD923, 0xD923, 0xD923, 0xD923, 0xD923, 0xD923,
  0xD923, 0xD923, 0xD923, 0xD923, 0xD923, 0xD923, 0xD923, 0xD923, 0xD923, 0xD923, 0xD923, 0xD923,
  0xD923, 0xD923, 0xD923, 0xD923, 0xD923, 0xD923, 0xD923, 0xD923, 0xD923, 0xD923, 0xD923, 0xD923,
  0xD923, 0xD923, 0xD923, 0xD923, 0xD923, 0xD923, 0xD923, 0xD923, 0xD923, 0xD923, 0xD923, 0xD923,
  0xD923, 0xD923, 0xD923, 0xD923, 0xD923, 0xD923, 0xD923, 0xD923, 0xD923, 0xD923, 0xD923, 0xD923,
  0xD923, 0xD923, 0xD923, 0xD923, 0xD923, 0xD923, 0xD923, 0xD923, 0xD923, 0xD923, 0xD923, 0xD923,
  0xD923, 0xD923, 0xD923, 0xD923, 0xD923, 0xD923, 0xD923, 0xD923, 0xD923, 0xD923, 0xD923, 0xD923,
  0xD923, 0xD923, 0xD923, 0xD923, 0xD923, 0xD923, 0xD923, 0xD923, 0xD923, 0xD923, 0xD923, 0xD923,
  0xD923, 0xD923, 0xD923, 0xD923, 0xD923, 0xD923, 0xD923, 0xD923, 0xD923, 0xD923, 0xD923, 0xD923,
  0xD923, 0xD923, 0xD923, 0xD923, 0xD923, 0xD923, 0xD923, 0xD923, 0xD923, 0xD923, 0xD923, 0xD923,
  0xD923, 0xD923, 0xD923, 0xD923, 0xD923, 0xD923, 0xD923, 0xD923, 0xD923, 0xD923, 0xD923, 0xD923,
  0xD923, 0xD923, 0xD923, 0xD923, 0xD923, 0xD923, 0xD923, 0xD923, 0xD923, 0xD923, 0xD923, 0xD923,
  0xD923, 0xD923, 0xD923, 0xD923, 0xD923, 0xD923, 0xD923, 0xD923, 0xD923, 0xD923, 0xD923, 0xD923,
  0xD923, 0xD923, 0xD923, 0xD923, 0xD923, 0xD923, 0xD923, 0xD923, 0xD923, 0xD923, 0xD923, 0xD923,
  0xD923, 0xD923, 0xD923, 0xD923, 0xD923, 0xD923, 0xD923, 0xD923, 0xD923, 0xD923, 0xD923, 0xD923,
  0xD923, 0xD923, 0xD923, 0xD923, 0xD923, 0xD923, 0xD923, 0xD923, 0xD923, 0xD923, 0xD923, 0xD923,
  0xD923, 0xD923, 0xD923, 0xD923, 0xD923, 0xD923, 0xD923, 0xD923, 0xD923, 0xD923, 0xD923, 0xD923,
  0xD923, 0xD923, 0xD923, 0xD923, 0xD923, 0xD923, 0xD923, 0xD923, 0xD923, 0xD923, 0xD923, 0xD923,
  0xD923, 0xD923, 0xD923, 0xD923, 0xD923, 0xD923, 0xD923, 0xD923, 0xD923, 0xD923, 0xD923, 0xD923,
  0xD923, 0xD923, 0xD923, 0xD923, 0xD923, 0xD923, 0xD923, 0xD923, 0xD923, 0xD923, 0xD923, 0xD923,
  0xD923, 0xD923, 0xD923, 0xD923, 0xD923, 0xD923, 0xD923, 0xD923, 0xD923, 0xD923, 0xD923, 0xD923,
  0xD923, 0xD923, 0xD923, 0xD923, 0xD923, 0xD943, 0xE103, 0xD1C2, 0xD924, 0xD923, 0xD923, 0xD923,
  0xD923, 0xD923, 0xD923, 0xD923, 0xD923, 0xD923, 0xD923, 0xD923, 0xD923, 0xD923, 0xD923, 0xD923,
  0xD923, 0xD923, 0xD923, 0xD923, 0xD923, 0xD923, 0xD923, 0xD923, 0xD923, 0xD923, 0xD923, 0xD923,
  0xD923, 0xD923, 0xD923, 0xD923, 0xD923, 0xD923, 0xD923, 0xD923, 0xD923, 0xD923, 0xD923, 0xD923,
  0xD923, 0xD923, 0xD923, 0xD923, 0xD923, 0xD923, 0xD923, 0xD923, 0xD923, 0xD923, 0xD923, 0xD923,
  0xD923, 0xD923, 0xD923, 0xD923, 0xD923, 0xD923, 0xD923, 0xD923, 0xD923, 0xD923, 0xD923, 0xD923,
  0xD923, 0xD923, 0xD923, 0xD923, 0xD923, 0xD923, 0xD923, 0xD923, 0xD923, 0xD923, 0xD923, 0xD923,
  0xD923, 0xD923, 0xD923, 0xD923, 0xD923, 0xD923, 0xD923, 0xD923, 0xD923, 0xD923, 0xD923, 0xD923,
  0xD923, 0xD923, 0xD923, 0xD923, 0xD923, 0xD923, 0xD923, 0xD923, 0xD923, 0xD923, 0xD923, 0xD923,
  0xD923, 0xD923, 0xD923, 0xD923, 0xD923, 0xD923, 0xD923, 0xD923, 0xD923, 0xD923, 0xD923, 0xD923,
  0xD923, 0xD923, 0xD923, 0xD923, 0xD923, 0xD923, 0xD923, 0xD923, 0xD923, 0xD923, 0xD923, 0xD923,
  0xD923, 0xD923, 0xD923, 0xD923, 0xD923, 0xD923, 0xD923, 0xD923, 0xD923, 0xD923, 0xD923, 0xD923,
  0xD923, 0xD923, 0xD923, 0xD923, 0xD923, 0xD923, 0xD923, 0xD923, 0xD923, 0xD923, 0xD923, 0xD923,
  0xD923, 0xD923, 0xD923, 0xD923, 0xD923, 0xD923, 0xD923, 0xD923, 0xD923, 0xD923, 0xD923, 0xD923,
  0xD923, 0xD923, 0xD923, 0xD923, 0xD923, 0xD923, 0xD923, 0xD923, 0xD923, 0xD923, 0xD923, 0xD923,
  0xD923, 0xD923, 0xD923, 0xD923, 0xD923, 0xD923, 0xD923, 0xD923, 0xD923, 0xD923, 0xD923, 0xD923,
  0xD923, 0xD923, 0xD923, 0xD923, 0xD923, 0xD923, 0xD923, 0xD923, 0xD923, 0xD923, 0xD923, 0xD923,
  0xD923, 0xD923, 0xD923, 0xD923, 0xD923, 0xD923, 0xD923, 0xD923, 0xD923, 0xD923, 0xD923, 0xD923,
  0xD923, 0xD923, 0xD923, 0xD923, 0xD923, 0xD923, 0xD923, 0xD923, 0xD923, 0xD923, 0xD923, 0xD923,
  0xD923, 0xD923, 0xD923, 0xD923, 0xD923, 0xD923, 0xD923, 0xD923, 0xD923, 0xD923, 0xD923, 0xD923,
  0xD923, 0xD923, 0xD923, 0xD923, 0xD922, 0xD924, 0xD123, 0xE4E2, 0xD9C3, 0xD8E4, 0xD923, 0xD923,
  0xD923, 0xD923, 0xD923, 0xD923, 0xD923, 0xD923, 0xD923, 0xD923, 0xD923, 0xD923, 0xD923, 0xD923,
  0xD923, 0xD923, 0xD923, 0xD923, 0xD923, 0xD923, 0xD923, 0xD923, 0xD923, 0xD923, 0xD923, 0xD923,
  0xD923, 0xD923, 0xD923, 0xD923, 0xD923, 0xD923, 0xD923, 0xD923, 0xD923, 0xD923, 0xD923, 0xD923,
  0xD923, 0xD923, 0xD923, 0xD923, 0xD923, 0xD923, 0xD923, 0xD923, 0xD923, 0xD923, 0xD923, 0xD923,
  0xD923, 0xD923, 0xD923, 0xD923, 0xD923, 0xD923, 0xD923, 0xD923, 0xD923, 0xD923, 0xD923, 0xD923,
  0xD923, 0xD923, 0xD923, 0xD923, 0xD923, 0xD923, 0xD923, 0xD923, 0xD923, 0xD923, 0xD923, 0xD923,
  0xD923, 0xD923, 0xD923, 0xD923, 0xD923, 0xD923, 0xD923, 0xD923, 0xD923, 0xD923, 0xD923, 0xD923,
  0xD923, 0xD923, 0xD923, 0xD923, 0xD923, 0xD923, 0xD923, 0xD923, 0xD923, 0xD923, 0xD923, 0xD923,
  0xD923, 0xD923, 0xD923, 0xD923, 0xD923, 0xD923, 0xD923, 0xD923, 0xD923, 0xD923, 0xD923, 0xD923,
  0xD923, 0xD923, 0xD923, 0xD923, 0xD923, 0xD923, 0xD923, 0xD923, 0xD923, 0xD923, 0xD923, 0xD923,
  0xD923, 0xD923, 0xD923, 0xD923, 0xD923, 0xD923, 0xD923, 0xD923, 0xD923, 0xD923, 0xD923, 0xD923,
  0xD923, 0xD923, 0xD923, 0xD923, 0xD923, 0xD923, 0xD923, 0xD923, 0xD923, 0xD923, 0xD923, 0xD923,
  0xD923, 0xD923, 0xD923, 0xD923, 0xD923, 0xD923, 0xD923, 0xD923, 0xD923, 0xD923, 0xD923, 0xD923,
  0xD923, 0xD923, 0xD923, 0xD923, 0xD923, 0xD923, 0xD923, 0xD923, 0xD923, 0xD923, 0xD923, 0xD923,
  0xD923, 0xD923, 0xD923, 0xD923, 0xD923, 0xD923, 0xD923, 0xD923, 0xD923, 0xD923, 0xD923, 0xD923,
  0xD923, 0xD923, 0xD923, 0xD923, 0xD923, 0xD923, 0xD923, 0xD923, 0xD923, 0xD923, 0xD923, 0xD923,
  0xD923, 0xD923, 0xD923, 0xD923, 0xD923, 0xD923, 0xD923, 0xD923, 0xD923, 0xD923, 0xD923, 0xD923,
  0xD923, 0xD923, 0xD923, 0xD923, 0xD923, 0xD923, 0xD923, 0xD923, 0xD923, 0xD923, 0xD923, 0xD923,
  0xD923, 0xD923, 0xD923, 0xD923, 0xD923, 0xD923, 0xD923, 0xD923, 0xD923, 0xD923, 0xD923, 0xD923,
  0xD923, 0xD923, 0xD923, 0xD923, 0xD923, 0xD104, 0xD1E2, 0xFF82, 0xDB22, 0xD0C3, 0xD924, 0xD943,
  0xD923, 0xD923, 0xD923, 0xD923, 0xD923, 0xD923, 0xD923, 0xD923, 0xD923, 0xD923, 0xD923, 0xD923,
  0xD923, 0xD923, 0xD923, 0xD923, 0xD923, 0xD923, 0xD923, 0xD923, 0xD923, 0xD923, 0xD923, 0xD923,
  0xD923, 0xD923, 0xD923, 0xD923, 0xD923, 0xD923, 0xD923, 0xD923, 0xD923, 0xD923, 0xD923, 0xD923,
  0xD923, 0xD923, 0xD923, 0xD923, 0xD923, 0xD923, 0xD923, 0xD923, 0xD923, 0xD923, 0xD923, 0xD923,
  0xD923, 0xD923, 0xD923, 0xD923, 0xD923, 0xD923, 0xD923, 0xD923, 0xD923, 0xD923, 0xD923, 0xD923,
  0xD923, 0xD923, 0xD923, 0xD923, 0xD923, 0xD923, 0xD923, 0xD923, 0xD923, 0xD923, 0xD923, 0xD923,
  0xD923, 0xD923, 0xD923, 0xD923, 0xD923, 0xD923, 0xD923, 0xD923, 0xD923, 0xD923, 0xD923, 0xD923,
  0xD923, 0xD923, 0xD923, 0xD923, 0xD923, 0xD923, 0xD923, 0xD923, 0xD923, 0xD923, 0xD923, 0xD923,
  0xD923, 0xD923, 0xD923, 0xD923, 0xD923, 0xD923, 0xD923, 0xD923, 0xD923, 0xD923, 0xD923, 0xD923,
  0xD923, 0xD923, 0xD923, 0xD923, 0xD923, 0xD923, 0xD923, 0xD923, 0xD923, 0xD923, 0xD923, 0xD923,
  0xD923, 0xD923, 0xD923, 0xD923, 0xD923, 0xD923, 0xD923, 0xD923, 0xD923, 0xD923, 0xD923, 0xD923,
  0xD923, 0xD923, 0xD923, 0xD923, 0xD923, 0xD923, 0xD923, 0xD923, 0xD923, 0xD923, 0xD923, 0xD923,
  0xD923, 0xD923, 0xD923, 0xD923, 0xD923, 0xD923, 0xD923, 0xD923, 0xD923, 0xD923, 0xD923, 0xD923,
  0xD923, 0xD923, 0xD923, 0xD923, 0xD923, 0xD923, 0xD923, 0xD923, 0xD923, 0xD923, 0xD923, 0xD923,
  0xD923, 0xD923, 0xD923, 0xD923, 0xD923, 0xD923, 0xD923, 0xD923, 0xD923, 0xD923, 0xD923, 0xD923,
  0xD923, 0xD923, 0xD923, 0xD923, 0xD923, 0xD923, 0xD923, 0xD923, 0xD923, 0xD923, 0xD923, 0xD923,
  0xD923, 0xD923, 0xD923, 0xD923, 0xD923, 0xD923, 0xD923, 0xD923, 0xD923, 0xD923, 0xD923, 0xD923,
  0xD923, 0xD923, 0xD923, 0xD923, 0xD923, 0xD923, 0xD923, 0xD923, 0xD923, 0xD923, 0xD923, 0xD923,
  0xD923, 0xD923, 0xD923, 0xD923, 0xD923, 0xD923, 0xD923, 0xD923, 0xD923, 0xD923, 0xD923, 0xD923,
  0xD923, 0xD923, 0xD923, 0xD923, 0xD943, 0xD0E2, 0xE382, 0xFFE2, 0xE502, 0xD0E2, 0xD943, 0xD923,
  0xD923, 0xD923, 0xD923, 0xD923, 0xD923, 0xD923, 0xD923, 0xD923, 0xD923, 0xD923, 0xD923, 0xD923,
  0xD923, 0xD923, 0xD923, 0xD923, 0xD923, 0xD923, 0xD923, 0xD923, 0xD923, 0xD923, 0xD923, 0xD923,
  0xD923, 0xD923, 0xD923, 0xD923, 0xD923, 0xD923, 0xD923, 0xD923, 0xD923, 0xD923, 0xD923, 0xD923,
  0xD923, 0xD923, 0xD923, 0xD923, 0xD923, 0xD923, 0xD923, 0xD923, 0xD923, 0xD923, 0xD923, 0xD923,
  0xD923, 0xD923, 0xD923, 0xD923, 0xD923, 0xD923, 0xD923, 0xD923, 0xD923, 0xD923, 0xD923, 0xD923,
  0xD923, 0xD923, 0xD923, 0xD923, 0xD923, 0xD923, 0xD923, 0xD923, 0xD923, 0xD923, 0xD923, 0xD923,
  0xD923, 0xD923, 0xD923, 0xD923, 0xD923, 0xD923, 0xD923, 0xD923, 0xD923, 0xD923, 0xD923, 0xD923,
  0xD923, 0xD923, 0xD923, 0xD923, 0xD923, 0xD923, 0xD923, 0xD923, 0xD923, 0xD923, 0xD923, 0xD923,
  0xD923, 0xD923, 0xD923, 0xD923, 0xD923, 0xD923, 0xD923, 0xD923, 0xD923, 0xD923, 0xD923, 0xD923,
  0xD923, 0xD923, 0xD923, 0xD923, 0xD923, 0xD923, 0xD923, 0xD923, 0xD923, 0xD923, 0xD923, 0xD923,
  0xD923, 0xD923, 0xD923, 0xD923, 0xD923, 0xD923, 0xD923, 0xD923, 0xD923, 0xD923, 0xD923, 0xD923,
  0xD923, 0xD923, 0xD923, 0xD923, 0xD923, 0xD923, 0xD923, 0xD923, 0xD923, 0xD923, 0xD923, 0xD923,
  0xD923, 0xD923, 0xD923, 0xD923, 0xD923, 0xD923, 0xD923, 0xD923, 0xD923, 0xD923, 0xD923, 0xD923,
  0xD923, 0xD923, 0xD923, 0xD923, 0xD923, 0xD923, 0xD923, 0xD923, 0xD923, 0xD923, 0xD923, 0xD923,
  0xD923, 0xD923, 0xD923, 0xD923, 0xD923, 0xD923, 0xD923, 0xD923, 0xD923, 0xD923, 0xD923, 0xD923,
  0xD923, 0xD923, 0xD923, 0xD923, 0xD923, 0xD923, 0xD923, 0xD923, 0xD923, 0xD923, 0xD923, 0xD923,
  0xD923, 0xD923, 0xD923, 0xD923, 0xD923, 0xD923, 0xD923, 0xD923, 0xD923, 0xD923, 0xD923, 0xD923,
  0xD923, 0xD923, 0xD923, 0xD923, 0xD923, 0xD923, 0xD923, 0xD923, 0xD923, 0xD923, 0xD923, 0xD923,
  0xD923, 0xD923, 0xD923, 0xD923, 0xD923, 0xD923, 0xD923, 0xD923, 0xD923, 0xD923, 0xD923, 0xD923,
  0xD923, 0xD923, 0xD923, 0xD923, 0xD923, 0xD0E3, 0xEDA1, 0xFFE1, 0xF6E1, 0xD163, 0xD923, 0xD923,
  0xD923, 0xD923, 0xD923, 0xD923, 0xD923, 0xD923, 0xD923, 0xD923, 0xD923, 0xD923, 0xD923, 0xD923,
  0xD923, 0xD923, 0xD923, 0xD923, 0xD923, 0xD923, 0xD923, 0xD923, 0xD923, 0xD923, 0xD923, 0xD923,
  0xD923, 0xD923, 0xD923, 0xD923, 0xD923, 0xD923, 0xD923, 0xD923, 0xD923, 0xD923, 0xD923, 0xD923,
  0xD923, 0xD923, 0xD923, 0xD923, 0xD923, 0xD923, 0xD923, 0xD923, 0xD923, 0xD923, 0xD923, 0xD923,
  0xD923, 0xD923, 0xD923, 0xD923, 0xD923, 0xD923, 0xD923, 0xD923, 0xD923, 0xD923, 0xD923, 0xD923,
  0xD923, 0xD923, 0xD923, 0xD923, 0xD923, 0xD923, 0xD923, 0xD923, 0xD923, 0xD923, 0xD923, 0xD923,
  0xD923, 0xD923, 0xD923, 0xD923, 0xD923, 0xD923, 0xD923, 0xD923, 0xD923, 0xD923, 0xD923, 0xD923,
  0xD923, 0xD923, 0xD923, 0xD923, 0xD923, 0xD923, 0xD923, 0xD923, 0xD923, 0xD923, 0xD923, 0xD923,
  0xD923, 0xD923, 0xD923, 0xD923, 0xD923, 0xD923, 0xD923, 0xD923, 0xD923, 0xD923, 0xD923, 0xD923,
  0xD923, 0xD923, 0xD923, 0xD923, 0xD923, 0xD923, 0xD923, 0xD923, 0xD923, 0xD923, 0xD923, 0xD923,
  0xD923, 0xD923, 0xD923, 0xD923, 0xD923, 0xD923, 0xD923, 0xD923, 0xD923, 0xD923, 0xD923, 0xD923,
  0xD923, 0xD923, 0xD923, 0xD923, 0xD923, 0xD923, 0xD923, 0xD923, 0xD923, 0xD923, 0xD923, 0xD923,
  0xD923, 0xD923, 0xD923, 0xD923, 0xD923, 0xD923, 0xD923, 0xD923, 0xD923, 0xD923, 0xD923, 0xD923,
  0xD923, 0xD923, 0xD923, 0xD923, 0xD923, 0xD923, 0xD923, 0xD923, 0xD923, 0xD923, 0xD923, 0xD923,
  0xD923, 0xD923, 0xD923, 0xD923, 0xD923, 0xD923, 0xD923, 0xD923, 0xD923, 0xD923, 0xD923, 0xD923,
  0xD923, 0xD923, 0xD923, 0xD923, 0xD923, 0xD923, 0xD923, 0xD923, 0xD923, 0xD923, 0xD923, 0xD923,
  0xD923, 0xD923, 0xD923, 0xD923, 0xD923, 0xD923, 0xD923, 0xD923, 0xD923, 0xD923, 0xD923, 0xD923,
  0xD923, 0xD923, 0xD923, 0xD923, 0xD923, 0xD923, 0xD923, 0xD923, 0xD923, 0xD923, 0xD923, 0xD923,
  0xD923, 0xD923, 0xD923, 0xD923, 0xD923, 0xD923, 0xD923, 0xD923, 0xD923, 0xD923, 0xD923, 0xD923,
  0xD923, 0xD923, 0xD923, 0xD923, 0xD903, 0xD1C3, 0xFF41, 0xFFE1, 0xFFE0, 0xD302, 0xD0C4, 0xD943,
  0xD923, 0xD923, 0xD923, 0xD923, 0xD923, 0xD923, 0xD923, 0xD923, 0xD923, 0xD923, 0xD923, 0xD923,
  0xD923, 0xD923, 0xD923, 0xD923, 0xD923, 0xD923, 0xD923, 0xD923, 0xD923, 0xD923, 0xD923, 0xD923,
  0xD923, 0xD923, 0xD923, 0xD923, 0xD923, 0xD923, 0xD923, 0xD923, 0xD923, 0xD923, 0xD923, 0xD923,
  0xD923, 0xD923, 0xD923, 0xD923, 0xD923, 0xD923, 0xD923, 0xD923, 0xD923, 0xD923, 0xD923, 0xD923,
  0xD923, 0xD923, 0xD923, 0xD923, 0xD923, 0xD923, 0xD923, 0xD923, 0xD923, 0xD923, 0xD923, 0xD923,
  0xD923, 0xD923, 0xD923, 0xD923, 0xD923, 0xD923, 0xD923, 0xD923, 0xD923, 0xD923, 0xD923, 0xD923,
  0xD923, 0xD923, 0xD923, 0xD923, 0xD923, 0xD923, 0xD923, 0xD923, 0xD923, 0xD923, 0xD923, 0xD923,
  0xD923, 0xD923, 0xD923, 0xD923, 0xD923, 0xD923, 0xD923, 0xD923, 0xD923, 0xD923, 0xD923, 0xD923,
  0xD923, 0xD923, 0xD923, 0xD923, 0xD923, 0xD923, 0xD923, 0xD923, 0xD923, 0xD923, 0xD923, 0xD923,
  0xD923, 0xD923, 0xD923, 0xD923, 0xD923, 0xD923, 0xD923, 0xD923, 0xD923, 0xD923, 0xD923, 0xD923,
  0xD923, 0xD923, 0xD923, 0xD923, 0xD923, 0xD923, 0xD923, 0xD923, 0xD923, 0xD923, 0xD923, 0xD923,
  0xD923, 0xD923, 0xD923, 0xD923, 0xD923, 0xD923, 0xD923, 0xD923, 0xD923, 0xD923, 0xD923, 0xD923,
  0xD923, 0xD923, 0xD923, 0xD923, 0xD923, 0xD923, 0xD923, 0xD923, 0xD923, 0xD923, 0xD923, 0xD923,
  0xD923, 0xD923, 0xD923, 0xD923, 0xD923, 0xD923, 0xD923, 0xD923, 0xD923, 0xD923, 0xD923, 0xD923,
  0xD923, 0xD923, 0xD923, 0xD923, 0xD923, 0xD923, 0xD923, 0xD923, 0xD923, 0xD923, 0xD923, 0xD923,
  0xD923, 0xD923, 0xD923, 0xD923, 0xD923, 0xD923, 0xD923, 0xD923, 0xD923, 0xD923, 0xD923, 0xD923,
  0xD923, 0xD923, 0xD923, 0xD923, 0xD923, 0xD923, 0xD923, 0xD923, 0xD923, 0xD923, 0xD923, 0xD923,
  0xD923, 0xD923, 0xD923, 0xD923, 0xD923, 0xD923, 0xD923, 0xD923, 0xD923, 0xD923, 0xD923, 0xD923,
  0xD923, 0xD923, 0xD923, 0xD923, 0xD923, 0xD923, 0xD923, 0xD923, 0xD923, 0xD923, 0xD923, 0xD923,
  0xD923, 0xD923, 0xD923, 0xD943, 0xD0C3, 0xDB82, 0xFFE0, 0xFFC0, 0xFFE1, 0xE4E2, 0xD0C2, 0xD943,
  0xD923, 0xD923, 0xD923, 0xD923, 0xD923, 0xD923, 0xD923, 0xD923, 0xD923, 0xD923, 0xD923, 0xD923,
  0xD923, 0xD923, 0xD923, 0xD923, 0xD923, 0xD923, 0xD923, 0xD923, 0xD923, 0xD923, 0xD923, 0xD923,
  0xD923, 0xD923, 0xD923, 0xD923, 0xD923, 0xD923, 0xD923, 0xD923, 0xD923, 0xD923, 0xD923, 0xD923,
  0xD923, 0xD923, 0xD923, 0xD923, 0xD923, 0xD923, 0xD923, 0xD923, 0xD923, 0xD923, 0xD923, 0xD923,
  0xD923, 0xD923, 0xD923, 0xD923, 0xD923, 0xD923, 0xD923, 0xD923, 0xD923, 0xD923, 0xD923, 0xD923,
  0xD923, 0xD923, 0xD923, 0xD923, 0xD923, 0xD923, 0xD923, 0xD923, 0xD923, 0xD923, 0xD923, 0xD923,
  0xD923, 0xD923, 0xD923, 0xD923, 0xD923, 0xD923, 0xD923, 0xD923, 0xD923, 0xD923, 0xD923, 0xD923,
  0xD923, 0xD923, 0xD923, 0xD923, 0xD923, 0xD923, 0xD923, 0xD923, 0xD923, 0xD923, 0xD923, 0xD923,
  0xD923, 0xD923, 0xD923, 0xD923, 0xD923, 0xD923, 0xD923, 0xD923, 0xD923, 0xD923, 0xD923, 0xD923,
  0xD923, 0xD923, 0xD923, 0xD923, 0xD923, 0xD923, 0xD923, 0xD923, 0xD923, 0xD923, 0xD923, 0xD923,
  0xD923, 0xD923, 0xD923, 0xD923, 0xD923, 0xD923, 0xD923, 0xD923, 0xD923, 0xD923, 0xD923, 0xD923,
  0xD923, 0xD923, 0xD923, 0xD923, 0xD923, 0xD923, 0xD923, 0xD923, 0xD923, 0xD923, 0xD923, 0xD923,
  0xD923, 0xD923, 0xD923, 0xD923, 0xD923, 0xD923, 0xD923, 0xD923, 0xD923, 0xD923, 0xD923, 0xD923,
  0xD923, 0xD923, 0xD923, 0xD923, 0xD923, 0xD923, 0xD923, 0xD923, 0xD923, 0xD923, 0xD923, 0xD923,
  0xD923, 0xD923, 0xD923, 0xD923, 0xD923, 0xD923, 0xD923, 0xD923, 0xD923, 0xD923, 0xD923, 0xD923,
  0xD923, 0xD923, 0xD923, 0xD923, 0xD923, 0xD923, 0xD923, 0xD923, 0xD923, 0xD923, 0xD923, 0xD923,
  0xD923, 0xD923, 0xD923, 0xD923, 0xD923, 0xD923, 0xD923, 0xD923, 0xD923, 0xD923, 0xD923, 0xD923,
  0xD923, 0xD923, 0xD923, 0xD923, 0xD923, 0xD923, 0xD923, 0xD923, 0xD923, 0xD923, 0xD923, 0xD923,
  0xD923, 0xD923, 0xD923, 0xD923, 0xD923, 0xD923, 0xD923, 0xD923, 0xD923, 0xD923, 0xD923, 0xD923,
  0xD923, 0xD923, 0xD943, 0xD943, 0xD0E3, 0xED82, 0xFFE0, 0xFFC0, 0xFFE1, 0xF6C2, 0xD162, 0xD923,
  0xD923, 0xD923, 0xD923, 0xD923, 0xD923, 0xD923, 0xD923, 0xD923, 0xD923, 0xD923, 0xD923, 0xD923,
  0xD923, 0xD923, 0xD923, 0xD923, 0xD923, 0xD923, 0xD923, 0xD923, 0xD923, 0xD923, 0xD923, 0xD923,
  0xD923, 0xD923, 0xD923, 0xD923, 0xD923, 0xD923, 0xD923, 0xD923, 0xD923, 0xD923, 0xD923, 0xD923,
  0xD923, 0xD923, 0xD923, 0xD923, 0xD923, 0xD923, 0xD923, 0xD923, 0xD923, 0xD923, 0xD923, 0xD923,
  0xD923, 0xD923, 0xD923, 0xD923, 0xD923, 0xD923, 0xD923, 0xD923, 0xD923, 0xD923, 0xD923, 0xD923,
  0xD923, 0xD923, 0xD923, 0xD923, 0xD923, 0xD923, 0xD923, 0xD923, 0xD923, 0xD923, 0xD923, 0xD923,
  0xD923, 0xD923, 0xD923, 0xD923, 0xD923, 0xD923, 0xD923, 0xD923, 0xD923, 0xD923, 0xD923, 0xD923,
  0xD923, 0xD923, 0xD923, 0xD923, 0xD923, 0xD923, 0xD923, 0xD923, 0xD923, 0xD923, 0xD923, 0xD923,
  0xD923, 0xD923, 0xD923, 0xD923, 0xD923, 0xD923, 0xD923, 0xD923, 0xD923, 0xD923, 0xD923, 0xD923,
  0xD923, 0xD923, 0xD923, 0xD923, 0xD923, 0xD923, 0xD923, 0xD923, 0xD923, 0xD923, 0xD923, 0xD923,
  0xD923, 0xD923, 0xD923, 0xD923, 0xD923, 0xD923, 0xD923, 0xD923, 0xD923, 0xD923, 0xD923, 0xD923,
  0xD923, 0xD923, 0xD923, 0xD923, 0xD923, 0xD923, 0xD923, 0xD923, 0xD923, 0xD923, 0xD923, 0xD923,
  0xD923, 0xD923, 0xD923, 0xD923, 0xD923, 0xD923, 0xD923, 0xD923, 0xD923, 0xD923, 0xD923, 0xD923,
  0xD923, 0xD923, 0xD923, 0xD923, 0xD923, 0xD923, 0xD923, 0xD923, 0xD923, 0xD923, 0xD923, 0xD923,
  0xD923, 0xD923, 0xD923, 0xD923, 0xD923, 0xD923, 0xD923, 0xD923, 0xD923, 0xD923, 0xD923, 0xD923,
  0xD923, 0xD923, 0xD923, 0xD923, 0xD923, 0xD923, 0xD923, 0xD923, 0xD923, 0xD923, 0xD923, 0xD923,
  0xD923, 0xD923, 0xD923, 0xD923, 0xD923, 0xD923, 0xD923, 0xD923, 0xD923, 0xD923, 0xD923, 0xD923,
  0xD923, 0xD923, 0xD923, 0xD923, 0xD923, 0xD923, 0xD923, 0xD923, 0xD923, 0xD923, 0xD923, 0xD923,
  0xD923, 0xD923, 0xD923, 0xD923, 0xD923, 0xD923, 0xD923, 0xD923, 0xD923, 0xD923, 0xD923, 0xD923,
  0xD923, 0xD923, 0xD923, 0xD904, 0xD1A2, 0xFF22, 0xFFE0, 0xFFE0, 0xFFE0, 0xFFE1, 0xDAC3, 0xD8C3,
  0xD923, 0xD923, 0xD923, 0xD923, 0xD923, 0xD923, 0xD923, 0xD923, 0xD923, 0xD923, 0xD923, 0xD923,
  0xD923, 0xD923, 0xD923, 0xD923, 0xD923, 0xD923, 0xD923, 0xD923, 0xD923, 0xD923, 0xD923, 0xD923,
  0xD923, 0xD923, 0xD923, 0xD923, 0xD923, 0xD923, 0xD923, 0xD923, 0xD923, 0xD923, 0xD923, 0xD923,
  0xD923, 0xD923, 0xD923, 0xD923, 0xD923, 0xD923, 0xD923, 0xD923, 0xD923, 0xD923, 0xD923, 0xD923,
  0xD923, 0xD923, 0xD923, 0xD923, 0xD923, 0xD923, 0xD923, 0xD923, 0xD923, 0xD923, 0xD923, 0xD923,
  0xD923, 0xD923, 0xD923, 0xD923, 0xD923, 0xD923, 0xD923, 0xD923, 0xD923, 0xD923, 0xD923, 0xD923,
  0xD923, 0xD923, 0xD923, 0xD923, 0xD923, 0xD923, 0xD923, 0xD923, 0xD923, 0xD923, 0xD923, 0xD923,
  0xD923, 0xD923, 0xD923, 0xD923, 0xD923, 0xD923, 0xD923, 0xD923, 0xD923, 0xD923, 0xD923, 0xD923,
  0xD923, 0xD923, 0xD923, 0xD923, 0xD923, 0xD923, 0xD923, 0xD923, 0xD923, 0xD923, 0xD923, 0xD923,
  0xD923, 0xD923, 0xD923, 0xD923, 0xD923, 0xD923, 0xD923, 0xD923, 0xD923, 0xD923, 0xD923, 0xD923,
  0xD923, 0xD923, 0xD923, 0xD923, 0xD923, 0xD923, 0xD923, 0xD923, 0xD923, 0xD923, 0xD923, 0xD923,
  0xD923, 0xD923, 0xD923, 0xD923, 0xD923, 0xD923, 0xD923, 0xD923, 0xD923, 0xD923, 0xD923, 0xD923,
  0xD923, 0xD923, 0xD923, 0xD923, 0xD923, 0xD923, 0xD923, 0xD923, 0xD923, 0xD923, 0xD923, 0xD923,
  0xD923, 0xD923, 0xD923, 0xD923, 0xD923, 0xD923, 0xD923, 0xD923, 0xD923, 0xD923, 0xD923, 0xD923,
  0xD923, 0xD923, 0xD923, 0xD923, 0xD923, 0xD923, 0xD923, 0xD923, 0xD923, 0xD923, 0xD923, 0xD923,
  0xD923, 0xD923, 0xD923, 0xD923, 0xD923, 0xD923, 0xD923, 0xD923, 0xD923, 0xD923, 0xD923, 0xD923,
  0xD923, 0xD923, 0xD923, 0xD923, 0xD923, 0xD923, 0xD923, 0xD923, 0xD923, 0xD923, 0xD923, 0xD923,
  0xD923, 0xD923, 0xD923, 0xD923, 0xD923, 0xD923, 0xD923, 0xD923, 0xD923, 0xD923, 0xD923, 0xD923,
  0xD923, 0xD923, 0xD923, 0xD923, 0xD923, 0xD923, 0xD923, 0xD923, 0xD923, 0xD923, 0xD923, 0xD923,
  0xD923, 0xD923, 0xE124, 0xD8C3, 0xDB62, 0xFFE1, 0xFFE0, 0xFFE0, 0xFFE0, 0xFFE1, 0xE4C2, 0xD0C3,
  0xD924, 0xD923, 0xD923, 0xD923, 0xD923, 0xD923, 0xD923, 0xD923, 0xD923, 0xD923, 0xD923, 0xD923,
  0xD923, 0xD923, 0xD923, 0xD923, 0xD923, 0xD923, 0xD923, 0xD923, 0xD923, 0xD923, 0xD923, 0xD923,
  0xD923, 0xD923, 0xD923, 0xD923, 0xD923, 0xD923, 0xD923, 0xD923, 0xD923, 0xD923, 0xD923, 0xD923,
  0xD923, 0xD923, 0xD923, 0xD923, 0xD923, 0xD923, 0xD923, 0xD923, 0xD923, 0xD923, 0xD923, 0xD923,
  0xD923, 0xD923, 0xD923, 0xD923, 0xD923, 0xD923, 0xD923, 0xD923, 0xD923, 0xD923, 0xD923, 0xD923,
  0xD923, 0xD923, 0xD923, 0xD923, 0xD923, 0xD923, 0xD923, 0xD923, 0xD923, 0xD923, 0xD923, 0xD923,
  0xD923, 0xD923, 0xD923, 0xD923, 0xD923, 0xD923, 0xD923, 0xD923, 0xD923, 0xD923, 0xD923, 0xD923,
  0xD923, 0xD923, 0xD923, 0xD923, 0xD923, 0xD923, 0xD923, 0xD923, 0xD923, 0xD923, 0xD923, 0xD923,
  0xD923, 0xD923, 0xD923, 0xD923, 0xD923, 0xD923, 0xD923, 0xD923, 0xD923, 0xD923, 0xD923, 0xD923,
  0xD923, 0xD923, 0xD923, 0xD923, 0xD923, 0xD923, 0xD923, 0xD923, 0xD923, 0xD923, 0xD923, 0xD923,
  0xD923, 0xD923, 0xD923, 0xD923, 0xD923, 0xD923, 0xD923, 0xD923, 0xD923, 0xD923, 0xD923, 0xD923,
  0xD923, 0xD923, 0xD923, 0xD923, 0xD923, 0xD923, 0xD923, 0xD923, 0xD923, 0xD923, 0xD923, 0xD923,
  0xD923, 0xD923, 0xD923, 0xD923, 0xD923, 0xD923, 0xD923, 0xD923, 0xD923, 0xD923, 0xD923, 0xD923,
  0xD923, 0xD923, 0xD923, 0xD923, 0xD923, 0xD923, 0xD923, 0xD923, 0xD923, 0xD923, 0xD923, 0xD923,
  0xD923, 0xD923, 0xD923, 0xD923, 0xD923, 0xD923, 0xD923, 0xD923, 0xD923, 0xD923, 0xD923, 0xD923,
  0xD923, 0xD923, 0xD923, 0xD923, 0xD923, 0xD923, 0xD923, 0xD923, 0xD923, 0xD923, 0xD923, 0xD923,
  0xD923, 0xD923, 0xD923, 0xD923, 0xD923, 0xD923, 0xD923, 0xD923, 0xD923, 0xD923, 0xD923, 0xD923,
  0xD923, 0xD923, 0xD923, 0xD923, 0xD923, 0xD923, 0xD923, 0xD923, 0xD923, 0xD923, 0xD923, 0xD923,
  0xD923, 0xD923, 0xD923, 0xD923, 0xD923, 0xD923, 0xD923, 0xD923, 0xD923, 0xD923, 0xD923, 0xD923,
  0xD923, 0xD923, 0xD923, 0xC902, 0xED62, 0xFFE0, 0xFFC1, 0xFFE0, 0xFFC1, 0xFFE0, 0xF6A2, 0xD143,
  0xD923, 0xD923, 0xD923, 0xD923, 0xD923, 0xD923, 0xD923, 0xD923, 0xD923, 0xD923, 0xD923, 0xD923,
  0xD923, 0xD923, 0xD923, 0xD923, 0xD923, 0xD923, 0xD923, 0xD923, 0xD923, 0xD923, 0xD923, 0xD923,
  0xD923, 0xD923, 0xD923, 0xD923, 0xD923, 0xD923, 0xD923, 0xD923, 0xD923, 0xD923, 0xD923, 0xD923,
  0xD923, 0xD923, 0xD923, 0xD923, 0xD923, 0xD923, 0xD923, 0xD923, 0xD923, 0xD923, 0xD923, 0xD923,
  0xD923, 0xD923, 0xD923, 0xD923, 0xD923, 0xD923, 0xD923, 0xD923, 0xD923, 0xD923, 0xD923, 0xD923,
  0xD923, 0xD923, 0xD923, 0xD923, 0xD923, 0xD923, 0xD923, 0xD923, 0xD923, 0xD923, 0xD923, 0xD923,
  0xD923, 0xD923, 0xD923, 0xD923, 0xD923, 0xD923, 0xD923, 0xD923, 0xD923, 0xD923, 0xD923, 0xD923,
  0xD923, 0xD923, 0xD923, 0xD923, 0xD923, 0xD923, 0xD923, 0xD923, 0xD923, 0xD923, 0xD923, 0xD923,
  0xD923, 0xD923, 0xD923, 0xD923, 0xD923, 0xD923, 0xD923, 0xD923, 0xD923, 0xD923, 0xD923, 0xD923,
  0xD923, 0xD923, 0xD923, 0xD923, 0xD923, 0xD923, 0xD923, 0xD923, 0xD923, 0xD923, 0xD923, 0xD923,
  0xD923, 0xD923, 0xD923, 0xD923, 0xD923, 0xD923, 0xD923, 0xD923, 0xD923, 0xD923, 0xD923, 0xD923,
  0xD923, 0xD923, 0xD923, 0xD923, 0xD923, 0xD923, 0xD923, 0xD923, 0xD923, 0xD923, 0xD923, 0xD923,
  0xD923, 0xD923, 0xD923, 0xD923, 0xD923, 0xD923, 0xD923, 0xD923, 0xD923, 0xD923, 0xD923, 0xD923,
  0xD923, 0xD923, 0xD923, 0xD923, 0xD923, 0xD923, 0xD923, 0xD923, 0xD923, 0xD923, 0xD923, 0xD923,
  0xD923, 0xD923, 0xD923, 0xD923, 0xD923, 0xD923, 0xD923, 0xD923, 0xD923, 0xD923, 0xD923, 0xD923,
  0xD923, 0xD923, 0xD923, 0xD923, 0xD923, 0xD923, 0xD923, 0xD923, 0xD923, 0xD923, 0xD923, 0xD923,
  0xD923, 0xD923, 0xD923, 0xD923, 0xD923, 0xD923, 0xD923, 0xD923, 0xD923, 0xD923, 0xD923, 0xD923,
  0xD923, 0xD923, 0xD923, 0xD923, 0xD923, 0xD923, 0xD923, 0xD923, 0xD923, 0xD923, 0xD923, 0xD923,
  0xD923, 0xD923, 0xD923, 0xD923, 0xD923, 0xD923, 0xD923, 0xD923, 0xD923, 0xD923, 0xD923, 0xD923,
  0xD923, 0xD923, 0xD903, 0xD182, 0xFF41, 0xFFE0, 0xFFE0, 0xFFE0, 0xFFE0, 0xFFE0, 0xFFE0, 0xDAA2,
  0xD8C3, 0xD943, 0xD923, 0xD923, 0xD923, 0xD923, 0xD923, 0xD923, 0xD923, 0xD923, 0xD923, 0xD923,
  0xD923, 0xD923, 0xD923, 0xD923, 0xD923, 0xD923, 0xD923, 0xD923, 0xD923, 0xD923, 0xD923, 0xD923,
  0xD923, 0xD923, 0xD923, 0xD923, 0xD923, 0xD923, 0xD923, 0xD923, 0xD923, 0xD923, 0xD923, 0xD923,
  0xD923, 0xD923, 0xD923, 0xD923, 0xD923, 0xD923, 0xD923, 0xD923, 0xD923, 0xD923, 0xD923, 0xD923,
  0xD923, 0xD923, 0xD923, 0xD923, 0xD923, 0xD923, 0xD923, 0xD923, 0xD923, 0xD923, 0xD923, 0xD923,
  0xD923, 0xD923, 0xD923, 0xD923, 0xD923, 0xD923, 0xD923, 0xD923, 0xD923, 0xD923, 0xD923, 0xD923,
  0xD923, 0xD923, 0xD923, 0xD923, 0xD923, 0xD923, 0xD923, 0xD923, 0xD923, 0xD923, 0xD923, 0xD923,
  0xD923, 0xD923, 0xD923, 0xD923, 0xD923, 0xD923, 0xD923, 0xD923, 0xD923, 0xD923, 0xD923, 0xD923,
  0xD923, 0xD923, 0xD923, 0xD923, 0xD923, 0xD923, 0xD923, 0xD923, 0xD923, 0xD923, 0xD923, 0xD923,
  0xD923, 0xD923, 0xD923, 0xD923, 0xD923, 0xD923, 0xD923, 0xD923, 0xD923, 0xD923, 0xD923, 0xD923,
  0xD923, 0xD923, 0xD923, 0xD923, 0xD923, 0xD923, 0xD923, 0xD923, 0xD923, 0xD923, 0xD923, 0xD923,
  0xD923, 0xD923, 0xD923, 0xD923, 0xD923, 0xD923, 0xD923, 0xD923, 0xD923, 0xD923, 0xD923, 0xD923,
  0xD923, 0xD923, 0xD923, 0xD923, 0xD923, 0xD923, 0xD923, 0xD923, 0xD923, 0xD923, 0xD923, 0xD923,
  0xD923, 0xD923, 0xD923, 0xD923, 0xD923, 0xD923, 0xD923, 0xD923, 0xD923, 0xD923, 0xD923, 0xD923,
  0xD923, 0xD923, 0xD923, 0xD923, 0xD923, 0xD923, 0xD923, 0xD923, 0xD923, 0xD923, 0xD923, 0xD923,
  0xD923, 0xD923, 0xD923, 0xD923, 0xD923, 0xD923, 0xD923, 0xD923, 0xD923, 0xD923, 0xD923, 0xD923,
  0xD923, 0xD923, 0xD923, 0xD923, 0xD923, 0xD923, 0xD923, 0xD923, 0xD923, 0xD923, 0xD923, 0xD923,
  0xD923, 0xD923, 0xD923, 0xD923, 0xD923, 0xD923, 0xD923, 0xD923, 0xD923, 0xD923, 0xD923, 0xD923,
  0xD923, 0xD923, 0xD923, 0xD923, 0xD923, 0xD923, 0xD923, 0xD923, 0xD923, 0xD923, 0xD923, 0xD923,
  0xD923, 0xD943, 0xD0C4, 0xDB22, 0xFFE0, 0xFFE0, 0xFFE0, 0xFFE0, 0xFFE0, 0xFFC0, 0xFFE0, 0xE482,
  0xD0C3, 0xD944, 0xD923, 0xD923, 0xD923, 0xD923, 0xD923, 0xD923, 0xD923, 0xD923, 0xD923, 0xD923,
  0xD923, 0xD923, 0xD923, 0xD923, 0xD923, 0xD923, 0xD923, 0xD923, 0xD923, 0xD923, 0xD923, 0xD923,
  0xD923, 0xD923, 0xD923, 0xD923, 0xD923, 0xD923, 0xD923, 0xD923, 0xD923, 0xD923, 0xD923, 0xD923,
  0xD923, 0xD923, 0xD923, 0xD923, 0xD923, 0xD923, 0xD923, 0xD923, 0xD923, 0xD923, 0xD923, 0xD923,
  0xD923, 0xD923, 0xD923, 0xD923, 0xD923, 0xD923, 0xD923, 0xD923, 0xD923, 0xD923, 0xD923, 0xD923,
  0xD923, 0xD923, 0xD923, 0xD923, 0xD923, 0xD923, 0xD923, 0xD923, 0xD923, 0xD923, 0xD923, 0xD923,
  0xD923, 0xD923, 0xD923, 0xD923, 0xD923, 0xD923, 0xD923, 0xD923, 0xD923, 0xD923, 0xD923, 0xD923,
  0xD923, 0xD923, 0xD923, 0xD923, 0xD923, 0xD923, 0xD923, 0xD923, 0xD923, 0xD923, 0xD923, 0xD923,
  0xD923, 0xD923, 0xD923, 0xD923, 0xD923, 0xD923, 0xD923, 0xD923, 0xD923, 0xD923, 0xD923, 0xD923,
  0xD923, 0xD923, 0xD923, 0xD923, 0xD923, 0xD923, 0xD923, 0xD923, 0xD923, 0xD923, 0xD923, 0xD923,
  0xD923, 0xD923, 0xD923, 0xD923, 0xD923, 0xD923, 0xD923, 0xD923, 0xD923, 0xD923, 0xD923, 0xD923,
  0xD923, 0xD923, 0xD923, 0xD923, 0xD923, 0xD923, 0xD923, 0xD923, 0xD923, 0xD923, 0xD923, 0xD923,
  0xD923, 0xD923, 0xD923, 0xD923, 0xD923, 0xD923, 0xD923, 0xD923, 0xD923, 0xD923, 0xD923, 0xD923,
  0xD923, 0xD923, 0xD923, 0xD923, 0xD923, 0xD923, 0xD923, 0xD923, 0xD923, 0xD923, 0xD923, 0xD923,
  0xD923, 0xD923, 0xD923, 0xD923, 0xD923, 0xD923, 0xD923, 0xD923, 0xD923, 0xD923, 0xD923, 0xD923,
  0xD923, 0xD923, 0xD923, 0xD923, 0xD923, 0xD923, 0xD923, 0xD923, 0xD923, 0xD923, 0xD923, 0xD923,
  0xD923, 0xD923, 0xD923, 0xD923, 0xD923, 0xD923, 0xD923, 0xD923, 0xD923, 0xD923, 0xD923, 0xD923,
  0xD923, 0xD923, 0xD923, 0xD923, 0xD923, 0xD923, 0xD923, 0xD923, 0xD923, 0xD923, 0xD923, 0xD923,
  0xD923, 0xD923, 0xD923, 0xD923, 0xD923, 0xD923, 0xD923, 0xD923, 0xD923, 0xD923, 0xD923, 0xD923,
  0xD923, 0xD943, 0xD0C3, 0xE541, 0xFFE0, 0xFFE0, 0xFFE0, 0xFFE0, 0xFFE0, 0xFFE0, 0xFFE0, 0xF682,
  0xC962, 0xD924, 0xD903, 0xD922, 0xD923, 0xD923, 0xD923, 0xD923, 0xD923, 0xD923, 0xD923, 0xD923,
  0xD923, 0xD923, 0xD923, 0xD923, 0xD923, 0xD923, 0xD923, 0xD923, 0xD923, 0xD923, 0xD923, 0xD923,
  0xD923, 0xD923, 0xD923, 0xD923, 0xD923, 0xD923, 0xD923, 0xD923, 0xD923, 0xD923, 0xD923, 0xD923,
  0xD923, 0xD923, 0xD923, 0xD923, 0xD923, 0xD923, 0xD923, 0xD923, 0xD923, 0xD923, 0xD923, 0xD923,
  0xD923, 0xD923, 0xD923, 0xD923, 0xD923, 0xD923, 0xD923, 0xD923, 0xD923, 0xD923, 0xD923, 0xD923,
  0xD923, 0xD923, 0xD923, 0xD923, 0xD923, 0xD923, 0xD923, 0xD923, 0xD923, 0xD923, 0xD923, 0xD923,
  0xD923, 0xD923, 0xD923, 0xD923, 0xD923, 0xD923, 0xD923, 0xD923, 0xD923, 0xD923, 0xD923, 0xD923,
  0xD923, 0xD923, 0xD923, 0xD923, 0xD923, 0xD923, 0xD923, 0xD923, 0xD923, 0xD923, 0xD923, 0xD923,
  0xD923, 0xD923, 0xD923, 0xD923, 0xD923, 0xD923, 0xD923, 0xD923, 0xD923, 0xD923, 0xD923, 0xD923,
  0xD923, 0xD923, 0xD923, 0xD923, 0xD923, 0xD923, 0xD923, 0xD923, 0xD923, 0xD923, 0xD923, 0xD923,
  0xD923, 0xD923, 0xD923, 0xD923, 0xD923, 0xD923, 0xD923, 0xD923, 0xD923, 0xD923, 0xD923, 0xD923,
  0xD923, 0xD923, 0xD923, 0xD923, 0xD923, 0xD923, 0xD923, 0xD923, 0xD923, 0xD923, 0xD923, 0xD923,
  0xD923, 0xD923, 0xD923, 0xD923, 0xD923, 0xD923, 0xD923, 0xD923, 0xD923, 0xD923, 0xD923, 0xD923,
  0xD923, 0xD923, 0xD923, 0xD923, 0xD923, 0xD923, 0xD923, 0xD923, 0xD923, 0xD923, 0xD923, 0xD923,
  0xD923, 0xD923, 0xD923, 0xD923, 0xD923, 0xD923, 0xD923, 0xD923, 0xD923, 0xD923, 0xD923, 0xD923,
  0xD923, 0xD923, 0xD923, 0xD923, 0xD923, 0xD923, 0xD923, 0xD923, 0xD923, 0xD923, 0xD923, 0xD923,
  0xD923, 0xD923, 0xD923, 0xD923, 0xD923, 0xD923, 0xD923, 0xD923, 0xD923, 0xD923, 0xD923, 0xD923,
  0xD923, 0xD923, 0xD923, 0xD923, 0xD923, 0xD923, 0xD923, 0xD923, 0xD923, 0xD923, 0xD923, 0xD923,
  0xD923, 0xD923, 0xD923, 0xD923, 0xD923, 0xD923, 0xD923, 0xD923, 0xD923, 0xD923, 0xD923, 0xD923,
  0xD923, 0xD923, 0xD982, 0xF702, 0xFFE0, 0xFFE0, 0xFFE0, 0xFFE0, 0xFFE0, 0xFFE0, 0xFFE0, 0xFFC1,
  0xD281, 0xD0E2, 0xD923, 0xD923, 0xD923, 0xD923, 0xD923, 0xD923, 0xD923, 0xD923, 0xD923, 0xD923,
  0xD923, 0xD923, 0xD923, 0xD923, 0xD923, 0xD923, 0xD923, 0xD923, 0xD923, 0xD923, 0xD923, 0xD923,
  0xD923, 0xD923, 0xD923, 0xD923, 0xD923, 0xD923, 0xD923, 0xD923, 0xD923, 0xD923, 0xD923, 0xD923,
  0xD923, 0xD923, 0xD923, 0xD923, 0xD923, 0xD923, 0xD923, 0xD923, 0xD923, 0xD923, 0xD923, 0xD923,
  0xD923, 0xD923, 0xD923, 0xD923, 0xD923, 0xD923, 0xD923, 0xD923, 0xD923, 0xD923, 0xD923, 0xD923,
  0xD923, 0xD923, 0xD923, 0xD923, 0xD923, 0xD923, 0xD923, 0xD923, 0xD923, 0xD923, 0xD923, 0xD923,
  0xD923, 0xD923, 0xD923, 0xD923, 0xD923, 0xD923, 0xD923, 0xD923, 0xD923, 0xD923, 0xD923, 0xD923,
  0xD923, 0xD923, 0xD923, 0xD923, 0xD923, 0xD923, 0xD923, 0xD923, 0xD923, 0xD923, 0xD923, 0xD923,
  0xD923, 0xD923, 0xD923, 0xD923, 0xD923, 0xD923, 0xD923, 0xD923, 0xD923, 0xD923, 0xD923, 0xD923,
  0xD923, 0xD923, 0xD923, 0xD923, 0xD923, 0xD923, 0xD923, 0xD923, 0xD923, 0xD923, 0xD923, 0xD923,
  0xD923, 0xD923, 0xD923, 0xD923, 0xD923, 0xD923, 0xD923, 0xD923, 0xD923, 0xD923, 0xD923, 0xD923,
  0xD923, 0xD923, 0xD923, 0xD923, 0xD923, 0xD923, 0xD923, 0xD923, 0xD923, 0xD923, 0xD923, 0xD923,
  0xD923, 0xD923, 0xD923, 0xD923, 0xD923, 0xD923, 0xD923, 0xD923, 0xD923, 0xD923, 0xD923, 0xD923,
  0xD923, 0xD923, 0xD923, 0xD923, 0xD923, 0xD923, 0xD923, 0xD923, 0xD923, 0xD923, 0xD923, 0xD923,
  0xD923, 0xD923, 0xD923, 0xD923, 0xD923, 0xD923, 0xD923, 0xD923, 0xD923, 0xD923, 0xD923, 0xD923,
  0xD923, 0xD923, 0xD923, 0xD923, 0xD923, 0xD923, 0xD923, 0xD923, 0xD923, 0xD923, 0xD923, 0xD923,
  0xD923, 0xD923, 0xD923, 0xD923, 0xD923, 0xD923, 0xD923, 0xD923, 0xD923, 0xD923, 0xD923, 0xD923,
  0xD923, 0xD923, 0xD923, 0xD923, 0xD923, 0xD923, 0xD923, 0xD923, 0xD923, 0xD923, 0xD923, 0xD923,
  0xD923, 0xD923, 0xD923, 0xD923, 0xD923, 0xD923, 0xD923, 0xD923, 0xD923, 0xD923, 0xD923, 0xD923,
  0xD143, 0xD8C2, 0xDAE3, 0xFFE1, 0xFFE0, 0xFFE0, 0xFFE0, 0xFFE0, 0xFFE0, 0xFFE0, 0xFFE0, 0xFFE0,
  0xE462, 0xD8A3, 0xD943, 0xD923, 0xD923, 0xD923, 0xD923, 0xD923, 0xD923, 0xD923, 0xD923, 0xD923,
  0xD923, 0xD923, 0xD923, 0xD923, 0xD923, 0xD923, 0xD923, 0xD923, 0xD923, 0xD923, 0xD923, 0xD923,
  0xD923, 0xD923, 0xD923, 0xD923, 0xD923, 0xD923, 0xD923, 0xD923, 0xD923, 0xD923, 0xD923, 0xD923,
  0xD923, 0xD923, 0xD923, 0xD923, 0xD923, 0xD923, 0xD923, 0xD923, 0xD923, 0xD923, 0xD923, 0xD923,
  0xD923, 0xD923, 0xD923, 0xD923, 0xD923, 0xD923, 0xD923, 0xD923, 0xD923, 0xD923, 0xD923, 0xD923,
  0xD923, 0xD923, 0xD923, 0xD923, 0xD923, 0xD923, 0xD923, 0xD923, 0xD923, 0xD923, 0xD923, 0xD923,
  0xD923, 0xD923, 0xD923, 0xD923, 0xD923, 0xD923, 0xD923, 0xD923, 0xD923, 0xD923, 0xD923, 0xD923,
  0xD923, 0xD923, 0xD923, 0xD923, 0xD923, 0xD923, 0xD923, 0xD923, 0xD923, 0xD923, 0xD923, 0xD923,
  0xD923, 0xD923, 0xD923, 0xD923, 0xD923, 0xD923, 0xD923, 0xD923, 0xD923, 0xD923, 0xD923, 0xD923,
  0xD923, 0xD923, 0xD923, 0xD923, 0xD923, 0xD923, 0xD923, 0xD923, 0xD923, 0xD923, 0xD923, 0xD923,
  0xD923, 0xD923, 0xD923, 0xD923, 0xD923, 0xD923, 0xD923, 0xD923, 0xD923, 0xD923, 0xD923, 0xD923,
  0xD923, 0xD923, 0xD923, 0xD923, 0xD923, 0xD923, 0xD923, 0xD923, 0xD923, 0xD923, 0xD923, 0xD923,
  0xD923, 0xD923, 0xD923, 0xD923, 0xD923, 0xD923, 0xD923, 0xD923, 0xD923, 0xD923, 0xD923, 0xD923,
  0xD923, 0xD923, 0xD923, 0xD923, 0xD923, 0xD923, 0xD923, 0xD923, 0xD923, 0xD923, 0xD923, 0xD923,
  0xD923, 0xD923, 0xD923, 0xD923, 0xD923, 0xD923, 0xD923, 0xD923, 0xD923, 0xD923, 0xD923, 0xD923,
  0xD923, 0xD923, 0xD923, 0xD923, 0xD923, 0xD923, 0xD923, 0xD923, 0xD923, 0xD923, 0xD923, 0xD923,
  0xD923, 0xD923, 0xD923, 0xD923, 0xD923, 0xD923, 0xD923, 0xD923, 0xD923, 0xD923, 0xD923, 0xD923,
  0xD923, 0xD923, 0xD923, 0xD923, 0xD923, 0xD923, 0xD923, 0xD923, 0xD923, 0xD923, 0xD923, 0xD923,
  0xD923, 0xD923, 0xD923, 0xD923, 0xD923, 0xD923, 0xD923, 0xD923, 0xD923, 0xD923, 0xD923, 0xD923,
  0xD924, 0xD0C2, 0xE4E3, 0xFFE1, 0xFFE0, 0xFFE0, 0xFFE0, 0xFFE0, 0xFFE0, 0xFFE0, 0xFFE0, 0xFFE0,
  0xF661, 0xC943, 0xD905, 0xD922, 0xD923, 0xD923, 0xD923, 0xD923, 0xD923, 0xD923, 0xD923, 0xD923,
  0xD923, 0xD923, 0xD923, 0xD923, 0xD923, 0xD923, 0xD923, 0xD923, 0xD923, 0xD923, 0xD923, 0xD923,
  0xD923, 0xD923, 0xD923, 0xD923, 0xD923, 0xD923, 0xD923, 0xD923, 0xD923, 0xD923, 0xD923, 0xD923,
  0xD923, 0xD923, 0xD923, 0xD923, 0xD923, 0xD923, 0xD923, 0xD923, 0xD923, 0xD923, 0xD923, 0xD923,
  0xD923, 0xD923, 0xD923, 0xD923, 0xD923, 0xD923, 0xD923, 0xD923, 0xD923, 0xD923, 0xD923, 0xD923,
  0xD923, 0xD923, 0xD923, 0xD923, 0xD923, 0xD923, 0xD923, 0xD923, 0xD923, 0xD923, 0xD923, 0xD923,
  0xD923, 0xD923, 0xD923, 0xD923, 0xD923, 0xD923, 0xD923, 0xD923, 0xD923, 0xD923, 0xD923, 0xD923,
  0xD923, 0xD923, 0xD923, 0xD923, 0xD923, 0xD923, 0xD923, 0xD923, 0xD923, 0xD923, 0xD923, 0xD923,
  0xD923, 0xD923, 0xD923, 0xD923, 0xD923, 0xD923, 0xD923, 0xD923, 0xD923, 0xD923, 0xD923, 0xD923,
  0xD923, 0xD923, 0xD923, 0xD923, 0xD923, 0xD923, 0xD923, 0xD923, 0xD923, 0xD923, 0xD923, 0xD923,
  0xD923, 0xD923, 0xD923, 0xD923, 0xD923, 0xD923, 0xD923, 0xD923, 0xD923, 0xD923, 0xD923, 0xD923,
  0xD923, 0xD923, 0xD923, 0xD923, 0xD923, 0xD923, 0xD923, 0xD923, 0xD923, 0xD923, 0xD923, 0xD923,
  0xD923, 0xD923, 0xD923, 0xD923, 0xD923, 0xD923, 0xD923, 0xD923, 0xD923, 0xD923, 0xD923, 0xD923,
  0xD923, 0xD923, 0xD923, 0xD923, 0xD923, 0xD923, 0xD923, 0xD923, 0xD923, 0xD923, 0xD923, 0xD923,
  0xD923, 0xD923, 0xD923, 0xD923, 0xD923, 0xD923, 0xD923, 0xD923, 0xD923, 0xD923, 0xD923, 0xD923,
  0xD923, 0xD923, 0xD923, 0xD923, 0xD923, 0xD923, 0xD923, 0xD923, 0xD923, 0xD923, 0xD923, 0xD923,
  0xD923, 0xD923, 0xD923, 0xD923, 0xD923, 0xD923, 0xD923, 0xD923, 0xD923, 0xD923, 0xD923, 0xD923,
  0xD923, 0xD923, 0xD923, 0xD923, 0xD923, 0xD923, 0xD923, 0xD923, 0xD923, 0xD923, 0xD923, 0xD923,
  0xD923, 0xD923, 0xD923, 0xD923, 0xD923, 0xD923, 0xD923, 0xD923, 0xD923, 0xD923, 0xD923, 0xD923,
  0xD903, 0xC982, 0xF6E1, 0xFFE0, 0xFFE0, 0xFFE0, 0xFFE0, 0xFFE0, 0xFFE0, 0xFFE0, 0xFFE0, 0xFFE0,
  0xFFC0, 0xD263, 0xD8E3, 0xD943, 0xD923, 0xD923, 0xD923, 0xD923, 0xD923, 0xD923, 0xD923, 0xD923,
  0xD923, 0xD923, 0xD923, 0xD923, 0xD923, 0xD923, 0xD923, 0xD923, 0xD923, 0xD923, 0xD923, 0xD923,
  0xD923, 0xD923, 0xD923, 0xD923, 0xD923, 0xD923, 0xD923, 0xD923, 0xD923, 0xD923, 0xD923, 0xD923,
  0xD923, 0xD923, 0xD923, 0xD923, 0xD923, 0xD923, 0xD923, 0xD923, 0xD923, 0xD923, 0xD923, 0xD923,
  0xD923, 0xD923, 0xD923, 0xD923, 0xD923, 0xD923, 0xD923, 0xD923, 0xD923, 0xD923, 0xD923, 0xD923,
  0xD923, 0xD923, 0xD923, 0xD923, 0xD923, 0xD923, 0xD923, 0xD923, 0xD923, 0xD923, 0xD923, 0xD923,
  0xD923, 0xD923, 0xD923, 0xD923, 0xD923, 0xD923, 0xD923, 0xD923, 0xD923, 0xD923, 0xD923, 0xD923,
  0xD923, 0xD923, 0xD923, 0xD923, 0xD923, 0xD923, 0xD923, 0xD923, 0xD923, 0xD923, 0xD923, 0xD923,
  0xD923, 0xD923, 0xD923, 0xD923, 0xD923, 0xD923, 0xD923, 0xD923, 0xD923, 0xD923, 0xD923, 0xD923,
  0xD923, 0xD923, 0xD923, 0xD923, 0xD923, 0xD923, 0xD923, 0xD923, 0xD923, 0xD923, 0xD923, 0xD923,
  0xD923, 0xD923, 0xD923, 0xD923, 0xD923, 0xD923, 0xD923, 0xD923, 0xD923, 0xD923, 0xD923, 0xD923,
  0xD923, 0xD923, 0xD923, 0xD923, 0xD923, 0xD923, 0xD923, 0xD923, 0xD923, 0xD923, 0xD923, 0xD923,
  0xD923, 0xD923, 0xD923, 0xD923, 0xD923, 0xD923, 0xD923, 0xD923, 0xD923, 0xD923, 0xD923, 0xD923,
  0xD923, 0xD923, 0xD923, 0xD923, 0xD923, 0xD923, 0xD923, 0xD923, 0xD923, 0xD923, 0xD923, 0xD923,
  0xD923, 0xD923, 0xD923, 0xD923, 0xD923, 0xD923, 0xD923, 0xD923, 0xD923, 0xD923, 0xD923, 0xD923,
  0xD923, 0xD923, 0xD923, 0xD923, 0xD923, 0xD923, 0xD923, 0xD923, 0xD923, 0xD923, 0xD923, 0xD923,
  0xD923, 0xD923, 0xD923, 0xD923, 0xD923, 0xD923, 0xD923, 0xD923, 0xD923, 0xD923, 0xD923, 0xD923,
  0xD923, 0xD923, 0xD923, 0xD923, 0xD923, 0xD923, 0xD923, 0xD923, 0xD923, 0xD923, 0xD923, 0xD923,
  0xD923, 0xD923, 0xD923, 0xD923, 0xD923, 0xD923, 0xD923, 0xD923, 0xD923, 0xD923, 0xD923, 0xD943,
  0xD8C3, 0xDAE2, 0xFFE1, 0xFFE0, 0xFFE0, 0xFFE0, 0xFFE0, 0xFFE0, 0xFFE0, 0xFFE0, 0xFFE0, 0xFFC0,
  0xFFE1, 0xE442, 0xD8C2, 0xD943, 0xD923, 0xD923, 0xD923, 0xD923, 0xD923, 0xD923, 0xD923, 0xD923,
  0xD923, 0xD923, 0xD923, 0xD923, 0xD923, 0xD923, 0xD923, 0xD923, 0xD923, 0xD923, 0xD923, 0xD923,
  0xD923, 0xD923, 0xD923, 0xD923, 0xD923, 0xD923, 0xD923, 0xD923, 0xD923, 0xD923, 0xD923, 0xD923,
  0xD923, 0xD923, 0xD923, 0xD923, 0xD923, 0xD923, 0xD923, 0xD923, 0xD923, 0xD923, 0xD923, 0xD923,
  0xD923, 0xD923, 0xD923, 0xD923, 0xD923, 0xD923, 0xD923, 0xD923, 0xD923, 0xD923, 0xD923, 0xD923,
  0xD923, 0xD923, 0xD923, 0xD923, 0xD923, 0xD923, 0xD923, 0xD923, 0xD923, 0xD923, 0xD923, 0xD923,
  0xD923, 0xD923, 0xD923, 0xD923, 0xD923, 0xD923, 0xD923, 0xD923, 0xD923, 0xD923, 0xD923, 0xD923,
  0xD923, 0xD923, 0xD923, 0xD923, 0xD923, 0xD923, 0xD923, 0xD923, 0xD923, 0xD923, 0xD923, 0xD923,
  0xD923, 0xD923, 0xD923, 0xD923, 0xD923, 0xD923, 0xD923, 0xD923, 0xD923, 0xD923, 0xD923, 0xD923,
  0xD923, 0xD923, 0xD923, 0xD923, 0xD923, 0xD923, 0xD923, 0xD923, 0xD923, 0xD923, 0xD923, 0xD923,
  0xD923, 0xD923, 0xD923, 0xD923, 0xD923, 0xD923, 0xD923, 0xD923, 0xD923, 0xD923, 0xD923, 0xD923,
  0xD923, 0xD923, 0xD923, 0xD923, 0xD923, 0xD923, 0xD923, 0xD923, 0xD923, 0xD923, 0xD923, 0xD923,
  0xD923, 0xD923, 0xD923, 0xD923, 0xD923, 0xD923, 0xD923, 0xD923, 0xD923, 0xD923, 0xD923, 0xD923,
  0xD923, 0xD923, 0xD923, 0xD923, 0xD923, 0xD923, 0xD923, 0xD923, 0xD923, 0xD923, 0xD923, 0xD923,
  0xD923, 0xD923, 0xD923, 0xD923, 0xD923, 0xD923, 0xD923, 0xD923, 0xD923, 0xD923, 0xD923, 0xD923,
  0xD923, 0xD923, 0xD923, 0xD923, 0xD923, 0xD923, 0xD923, 0xD923, 0xD923, 0xD923, 0xD923, 0xD923,
  0xD923, 0xD923, 0xD923, 0xD923, 0xD923, 0xD923, 0xD923, 0xD923, 0xD923, 0xD923, 0xD923, 0xD923,
  0xD923, 0xD923, 0xD923, 0xD923, 0xD923, 0xD923, 0xD923, 0xD923, 0xD923, 0xD923, 0xD923, 0xD923,
  0xD923, 0xD923, 0xD923, 0xD923, 0xD923, 0xD923, 0xD923, 0xD923, 0xD923, 0xD144, 0xD943, 0xD943,
  0xD8A4, 0xECE2, 0xFFE0, 0xFFC0, 0xFFE0, 0xFFE0, 0xFFE0, 0xFFE0, 0xFFE0, 0xFFE0, 0xFFE0, 0xFFC0,
  0xFFE0, 0xF622, 0xD103, 0xD923, 0xD923, 0xD923, 0xD923, 0xD923, 0xD923, 0xD923, 0xD923, 0xD923,
  0xD923, 0xD923, 0xD923, 0xD923, 0xD923, 0xD923, 0xD923, 0xD923, 0xD923, 0xD923, 0xD923, 0xD923,
  0xD923, 0xD923, 0xD923, 0xD923, 0xD923, 0xD923, 0xD923, 0xD923, 0xD923, 0xD923, 0xD923, 0xD923,
  0xD923, 0xD923, 0xD923, 0xD923, 0xD923, 0xD923, 0xD923, 0xD923, 0xD923, 0xD923, 0xD923, 0xD923,
  0xD923, 0xD923, 0xD923, 0xD923, 0xD923, 0xD923, 0xD923, 0xD923, 0xD923, 0xD923, 0xD923, 0xD923,
  0xD923, 0xD923, 0xD923, 0xD923, 0xD923, 0xD923, 0xD923, 0xD923, 0xD923, 0xD923, 0xD923, 0xD923,
  0xD923, 0xD923, 0xD923, 0xD923, 0xD923, 0xD923, 0xD923, 0xD923, 0xD923, 0xD923, 0xD923, 0xD923,
  0xD923, 0xD923, 0xD923, 0xD923, 0xD923, 0xD923, 0xD923, 0xD923, 0xD923, 0xD923, 0xD923, 0xD923,
  0xD923, 0xD923, 0xD923, 0xD923, 0xD923, 0xD923, 0xD923, 0xD923, 0xD923, 0xD923, 0xD923, 0xD923,
  0xD923, 0xD923, 0xD923, 0xD923, 0xD923, 0xD923, 0xD923, 0xD923, 0xD923, 0xD923, 0xD923, 0xD923,
  0xD923, 0xD923, 0xD923, 0xD923, 0xD923, 0xD923, 0xD923, 0xD923, 0xD923, 0xD923, 0xD923, 0xD923,
  0xD923, 0xD923, 0xD923, 0xD923, 0xD923, 0xD923, 0xD923, 0xD923, 0xD923, 0xD923, 0xD923, 0xD923,
  0xD923, 0xD923, 0xD923, 0xD923, 0xD923, 0xD923, 0xD923, 0xD923, 0xD923, 0xD923, 0xD923, 0xD923,
  0xD923, 0xD923, 0xD923, 0xD923, 0xD923, 0xD923, 0xD923, 0xD923, 0xD923, 0xD923, 0xD923, 0xD923,
  0xD923, 0xD923, 0xD923, 0xD923, 0xD923, 0xD923, 0xD923, 0xD923, 0xD923, 0xD923, 0xD923, 0xD923,
  0xD923, 0xD923, 0xD923, 0xD923, 0xD923, 0xD923, 0xD923, 0xD923, 0xD923, 0xD923, 0xD923, 0xD923,
  0xD923, 0xD923, 0xD923, 0xD923, 0xD923, 0xD923, 0xD923, 0xD923, 0xD923, 0xD923, 0xD923, 0xD923,
  0xD923, 0xD923, 0xD923, 0xD923, 0xD923, 0xD923, 0xD923, 0xD923, 0xD923, 0xD923, 0xD923, 0xD923,
  0xD923, 0xD923, 0xD923, 0xD923, 0xD923, 0xD923, 0xD923, 0xD923, 0xD923, 0xD923, 0xD923, 0xD923,
  0xD182, 0xF6C2, 0xFFE0, 0xFFC0, 0xFFE0, 0xFFE0, 0xFFE0, 0xFFE0, 0xFFE0, 0xFFE0, 0xFFE0, 0xFFE0,
  0xFFE0, 0xFFA2, 0xD242, 0xD8E3, 0xD943, 0xD923, 0xD923, 0xD923, 0xD923, 0xD923, 0xD923, 0xD923,
  0xD923, 0xD923, 0xD923, 0xD923, 0xD923, 0xD923, 0xD923, 0xD923, 0xD923, 0xD923, 0xD923, 0xD923,
  0xD923, 0xD923, 0xD923, 0xD923, 0xD923, 0xD923, 0xD923, 0xD923, 0xD923, 0xD923, 0xD923, 0xD923,
  0xD923, 0xD923, 0xD923, 0xD923, 0xD923, 0xD923, 0xD923, 0xD923, 0xD923, 0xD923, 0xD923, 0xD923,
  0xD923, 0xD923, 0xD923, 0xD923, 0xD923, 0xD923, 0xD923, 0xD923, 0xD923, 0xD923, 0xD923, 0xD923,
  0xD923, 0xD923, 0xD923, 0xD923, 0xD923, 0xD923, 0xD923, 0xD923, 0xD923, 0xD923, 0xD923, 0xD923,
  0xD923, 0xD923, 0xD923, 0xD923, 0xD923, 0xD923, 0xD923, 0xD923, 0xD923, 0xD923, 0xD923, 0xD923,
  0xD923, 0xD923, 0xD923, 0xD923, 0xD923, 0xD923, 0xD923, 0xD923, 0xD923, 0xD923, 0xD923, 0xD923,
  0xD923, 0xD923, 0xD923, 0xD923, 0xD923, 0xD923, 0xD923, 0xD923, 0xD923, 0xD923, 0xD923, 0xD923,
  0xD923, 0xD923, 0xD923, 0xD923, 0xD923, 0xD923, 0xD923, 0xD923, 0xD923, 0xD923, 0xD923, 0xD923,
  0xD923, 0xD923, 0xD923, 0xD923, 0xD923, 0xD923, 0xD923, 0xD923, 0xD923, 0xD923, 0xD923, 0xD923,
  0xD923, 0xD923, 0xD923, 0xD923, 0xD923, 0xD923, 0xD923, 0xD923, 0xD923, 0xD923, 0xD923, 0xD923,
  0xD923, 0xD923, 0xD923, 0xD923, 0xD923, 0xD923, 0xD923, 0xD923, 0xD923, 0xD923, 0xD923, 0xD923,
  0xD923, 0xD923, 0xD923, 0xD923, 0xD923, 0xD923, 0xD923, 0xD923, 0xD923, 0xD923, 0xD923, 0xD923,
  0xD923, 0xD923, 0xD923, 0xD923, 0xD923, 0xD923, 0xD923, 0xD923, 0xD923, 0xD923, 0xD923, 0xD923,
  0xD923, 0xD923, 0xD923, 0xD923, 0xD923, 0xD923, 0xD923, 0xD923, 0xD923, 0xD923, 0xD923, 0xD923,
  0xD923, 0xD923, 0xD923, 0xD923, 0xD923, 0xD923, 0xD923, 0xD923, 0xD923, 0xD923, 0xD923, 0xD923,
  0xD923, 0xD923, 0xD923, 0xD923, 0xD923, 0xD923, 0xD923, 0xD923, 0xD923, 0xD923, 0xD923, 0xD923,
  0xD923, 0xD923, 0xD923, 0xD923, 0xD923, 0xD923, 0xD923, 0xD923, 0xD923, 0xD903, 0xD924, 0xD0E2,
  0xDAC2, 0xFFE1, 0xFFE0, 0xFFE0, 0xFFE0, 0xFFE0, 0xFFE0, 0xFFE0, 0xFFE0, 0xFFE0, 0xFFE0, 0xFFE0,
  0xFFC0, 0xFFE0, 0xE422, 0xD0C3, 0xD943, 0xD923, 0xD923, 0xD923, 0xD923, 0xD923, 0xD923, 0xD923,
  0xD923, 0xD923, 0xD923, 0xD923, 0xD923, 0xD923, 0xD923, 0xD923, 0xD923, 0xD923, 0xD923, 0xD923,
  0xD923, 0xD923, 0xD923, 0xD923, 0xD923, 0xD923, 0xD923, 0xD923, 0xD923, 0xD923, 0xD923, 0xD923,
  0xD923, 0xD923, 0xD923, 0xD923, 0xD923, 0xD923, 0xD923, 0xD923, 0xD923, 0xD923, 0xD923, 0xD923,
  0xD923, 0xD923, 0xD923, 0xD923, 0xD923, 0xD923, 0xD923, 0xD923, 0xD923, 0xD923, 0xD923, 0xD923,
  0xD923, 0xD923, 0xD923, 0xD923, 0xD923, 0xD923, 0xD923, 0xD923, 0xD923, 0xD923, 0xD923, 0xD923,
  0xD923, 0xD923, 0xD923, 0xD923, 0xD923, 0xD923, 0xD923, 0xD923, 0xD923, 0xD923, 0xD923, 0xD923,
  0xD923, 0xD923, 0xD923, 0xD923, 0xD923, 0xD923, 0xD923, 0xD923, 0xD923, 0xD923, 0xD923, 0xD923,
  0xD923, 0xD923, 0xD923, 0xD923, 0xD923, 0xD923, 0xD923, 0xD923, 0xD923, 0xD923, 0xD923, 0xD923,
  0xD923, 0xD923, 0xD923, 0xD923, 0xD923, 0xD923, 0xD923, 0xD923, 0xD923, 0xD923, 0xD923, 0xD923,
  0xD923, 0xD923, 0xD923, 0xD923, 0xD923, 0xD923, 0xD923, 0xD923, 0xD923, 0xD923, 0xD923, 0xD923,
  0xD923, 0xD923, 0xD923, 0xD923, 0xD923, 0xD923, 0xD923, 0xD923, 0xD923, 0xD923, 0xD923, 0xD923,
  0xD923, 0xD923, 0xD923, 0xD923, 0xD923, 0xD923, 0xD923, 0xD923, 0xD923, 0xD923, 0xD923, 0xD923,
  0xD923, 0xD923, 0xD923, 0xD923, 0xD923, 0xD923, 0xD923, 0xD923, 0xD923, 0xD923, 0xD923, 0xD923,
  0xD923, 0xD923, 0xD923, 0xD923, 0xD923, 0xD923, 0xD923, 0xD923, 0xD923, 0xD923, 0xD923, 0xD923,
  0xD923, 0xD923, 0xD923, 0xD923, 0xD923, 0xD923, 0xD923, 0xD923, 0xD923, 0xD923, 0xD923, 0xD923,
  0xD923, 0xD923, 0xD923, 0xD923, 0xD923, 0xD923, 0xD923, 0xD923, 0xD124, 0xD922, 0xD923, 0xD923,
  0xD923, 0xD923, 0xD923, 0xD923, 0xD923, 0xD923, 0xD923, 0xD923, 0xD923, 0xD923, 0xD923, 0xD923,
  0xD923, 0xD923, 0xD923, 0xD923, 0xD923, 0xD923, 0xD923, 0xD923, 0xD923, 0xD924, 0xD162, 0xD8C3,
  0xECC2, 0xFFE0, 0xFFC0, 0xFFE0, 0xFFE0, 0xFFE0, 0xFFE0, 0xFFE0, 0xFFE0, 0xFFE0, 0xFFE0, 0xFFE0,
  0xFFC0, 0xFFE0, 0xEE22, 0xD903, 0xD923, 0xD923, 0xD923, 0xD923, 0xD923, 0xD923, 0xD923, 0xD923,
  0xD923, 0xD923, 0xD923, 0xD923, 0xD923, 0xD923, 0xD923, 0xD923, 0xD923, 0xD923, 0xD923, 0xD923,
  0xD923, 0xD923, 0xD923, 0xD923, 0xD942, 0xD924, 0xD923, 0xD923, 0xD923, 0xD923, 0xD923, 0xD923,
  0xD923, 0xD923, 0xD923, 0xD923, 0xD923, 0xD923, 0xD923, 0xD923, 0xD923, 0xD923, 0xD923, 0xD923,
  0xD923, 0xD923, 0xD923, 0xD923, 0xD923, 0xD923, 0xD923, 0xD923, 0xD923, 0xD923, 0xD923, 0xD923,
  0xD923, 0xD923, 0xD923, 0xD923, 0xD923, 0xD923, 0xD923, 0xD923, 0xD923, 0xD923, 0xD923, 0xD923,
  0xD923, 0xD923, 0xD923, 0xD923, 0xD923, 0xD923, 0xD923, 0xD923, 0xD923, 0xD923, 0xD923, 0xD923,
  0xD923, 0xD923, 0xD923, 0xD923, 0xD923, 0xD923, 0xD923, 0xD923, 0xD923, 0xD923, 0xD923, 0xD923,
  0xD923, 0xD923, 0xD923, 0xD923, 0xD923, 0xD923, 0xD923, 0xD923, 0xD923, 0xD923, 0xD923, 0xD923,
  0xD923, 0xD923, 0xD923, 0xD923, 0xD923, 0xD923, 0xD923, 0xD923, 0xD923, 0xD923, 0xD923, 0xD923,
  0xD923, 0xD923, 0xD923, 0xD923, 0xD923, 0xD923, 0xD923, 0xD923, 0xD923, 0xD923, 0xD923, 0xD923,
  0xD923, 0xD923, 0xD923, 0xD923, 0xD923, 0xD923, 0xD923, 0xD923, 0xD923, 0xD923, 0xD923, 0xD923,
  0xD923, 0xD923, 0xD923, 0xD923, 0xD923, 0xD923, 0xD923, 0xD923, 0xD923, 0xD923, 0xD923, 0xD923,
  0xD923, 0xD923, 0xD923, 0xD923, 0xD923, 0xD923, 0xD923, 0xD923, 0xD923, 0xD923, 0xD923, 0xD923,
  0xD923, 0xD923, 0xD923, 0xD923, 0xD923, 0xD923, 0xD923, 0xD923, 0xD923, 0xD923, 0xD923, 0xD923,
  0xD923, 0xD923, 0xD923, 0xD923, 0xD923, 0xD923, 0xD923, 0xD923, 0xD923, 0xD923, 0xD923, 0xD923,
  0xD923, 0xD923, 0xD923, 0xD923, 0xD923, 0xD923, 0xD923, 0xD923, 0xD943, 0xD903, 0xE104, 0xD923,
  0xD923, 0xD923, 0xD923, 0xD923, 0xD923, 0xD923, 0xD923, 0xD923, 0xD923, 0xD923, 0xD923, 0xD923,
  0xD923, 0xD923, 0xD923, 0xD923, 0xD923, 0xD923, 0xD923, 0xD923, 0xD923, 0xD143, 0xD124, 0xD123,
  0xF6C1, 0xFFE0, 0xFFE0, 0xFFE0, 0xFFE0, 0xFFE0, 0xFFE0, 0xFFE0, 0xFFE0, 0xFFE0, 0xFFE0, 0xFFE0,
  0xFFE0, 0xFFE0, 0xFFA1, 0xDA02, 0xD8E3, 0xD923, 0xD923, 0xD923, 0xD923, 0xD923, 0xD923, 0xD923,
  0xD923, 0xD923, 0xD923, 0xD923, 0xD923, 0xD923, 0xD923, 0xD923, 0xD923, 0xD923, 0xD923, 0xD923,
  0xD923, 0xD923, 0xD142, 0xD924, 0xD923, 0xD904, 0xD923, 0xD923, 0xD923, 0xD923, 0xD923, 0xD923,
  0xD923, 0xD923, 0xD923, 0xD923, 0xD923, 0xD923, 0xD923, 0xD923, 0xD923, 0xD923, 0xD923, 0xD923,
  0xD923, 0xD923, 0xD923, 0xD923, 0xD923, 0xD923, 0xD923, 0xD923, 0xD923, 0xD923, 0xD923, 0xD923,
  0xD923, 0xD923, 0xD923, 0xD923, 0xD923, 0xD923, 0xD923, 0xD923, 0xD923, 0xD923, 0xD923, 0xD923,
  0xD923, 0xD923, 0xD923, 0xD923, 0xD923, 0xD923, 0xD923, 0xD923, 0xD923, 0xD923, 0xD923, 0xD923,
  0xD923, 0xD923, 0xD923, 0xD923, 0xD923, 0xD923, 0xD923, 0xD923, 0xD923, 0xD923, 0xD923, 0xD923,
  0xD923, 0xD923, 0xD923, 0xD923, 0xD923, 0xD923, 0xD923, 0xD923, 0xD923, 0xD923, 0xD923, 0xD923,
  0xD923, 0xD923, 0xD923, 0xD923, 0xD923, 0xD923, 0xD923, 0xD923, 0xD923, 0xD923, 0xD923, 0xD923,
  0xD923, 0xD923, 0xD923, 0xD923, 0xD923, 0xD923, 0xD923, 0xD923, 0xD923, 0xD923, 0xD923, 0xD923,
  0xD923, 0xD923, 0xD923, 0xD923, 0xD923, 0xD923, 0xD923, 0xD923, 0xD923, 0xD923, 0xD923, 0xD923,
  0xD923, 0xD923, 0xD923, 0xD923, 0xD923, 0xD923, 0xD923, 0xD923, 0xD923, 0xD923, 0xD923, 0xD923,
  0xD923, 0xD923, 0xD923, 0xD923, 0xD923, 0xD923, 0xD923, 0xD923, 0xD923, 0xD923, 0xD923, 0xD923,
  0xD923, 0xD923, 0xD923, 0xD923, 0xD923, 0xD923, 0xD923, 0xD923, 0xD923, 0xD923, 0xD923, 0xD923,
  0xD923, 0xD923, 0xD923, 0xD923, 0xD923, 0xD923, 0xD923, 0xD923, 0xD923, 0xD923, 0xD923, 0xD923,
  0xD923, 0xD923, 0xD923, 0xD923, 0xD923, 0xD923, 0xD924, 0xD942, 0xD922, 0xD964, 0xD162, 0xD103,
  0xD123, 0xD123, 0xD123, 0xD123, 0xD123, 0xD123, 0xD123, 0xD123, 0xD123, 0xD123, 0xD123, 0xD123,
  0xD123, 0xD123, 0xD123, 0xD123, 0xD123, 0xD123, 0xD123, 0xD123, 0xD123, 0xD923, 0xD0C4, 0xD2C2,
  0xFFE2, 0xFFE0, 0xFFE0, 0xFFE0, 0xFFE0, 0xFFE0, 0xFFE0, 0xFFE0, 0xFFE0, 0xFFE0, 0xFFE0, 0xFFE0,
  0xFFE0, 0xFFC1, 0xFFE1, 0xDC01, 0xD0C3, 0xD143, 0xD123, 0xD123, 0xD123, 0xD123, 0xD123, 0xD123,
  0xD123, 0xD123, 0xD123, 0xD123, 0xD123, 0xD123, 0xD123, 0xD123, 0xD123, 0xD123, 0xD123, 0xD123,
  0xD123, 0xD123, 0xD903, 0xD903, 0xD122, 0xD962, 0xD923, 0xD923, 0xD923, 0xD923, 0xD923, 0xD923,
  0xD923, 0xD923, 0xD923, 0xD923, 0xD923, 0xD923, 0xD923, 0xD923, 0xD923, 0xD923, 0xD923, 0xD923,
  0xD923, 0xD923, 0xD923, 0xD923, 0xD923, 0xD923, 0xD923, 0xD923, 0xD923, 0xD923, 0xD923, 0xD923,
  0xD923, 0xD923, 0xD923, 0xD923, 0xD923, 0xD923, 0xD923, 0xD923, 0xD923, 0xD923, 0xD923, 0xD923,
  0xD923, 0xD923, 0xD923, 0xD923, 0xD923, 0xD923, 0xD923, 0xD923, 0xD923, 0xD923, 0xD923, 0xD923,
  0xD923, 0xD923, 0xD923, 0xD923, 0xD923, 0xD923, 0xD923, 0xD923, 0xD923, 0xD923, 0xD923, 0xD923,
  0xD923, 0xD923, 0xD923, 0xD923, 0xD923, 0xD923, 0xD923, 0xD923, 0xD923, 0xD923, 0xD923, 0xD923,
  0xD923, 0xD923, 0xD923, 0xD923, 0xD923, 0xD923, 0xD923, 0xD923, 0xD923, 0xD923, 0xD923, 0xD923,
  0xD923, 0xD923, 0xD923, 0xD923, 0xD923, 0xD923, 0xD923, 0xD923, 0xD923, 0xD923, 0xD923, 0xD923,
  0xD923, 0xD923, 0xD923, 0xD923, 0xD923, 0xD923, 0xD923, 0xD923, 0xD923, 0xD923, 0xD923, 0xD923,
  0xD923, 0xD923, 0xD923, 0xD923, 0xD923, 0xD923, 0xD923, 0xD923, 0xD923, 0xD923, 0xD923, 0xD923,
  0xD923, 0xD923, 0xD923, 0xD923, 0xD923, 0xD923, 0xD923, 0xD923, 0xD923, 0xD923, 0xD923, 0xD923,
  0xD923, 0xD923, 0xD923, 0xD923, 0xD923, 0xD923, 0xD923, 0xD923, 0xD923, 0xD923, 0xD923, 0xD923,
  0xD923, 0xD923, 0xD923, 0xD923, 0xD923, 0xD923, 0xD923, 0xD923, 0xD923, 0xD923, 0xD923, 0xD923,
  0xD923, 0xD923, 0xD923, 0xD923, 0xD923, 0xD923, 0xD924, 0xD923, 0xD8E3, 0xD243, 0xEE02, 0xF701,
  0xF681, 0xF6A1, 0xF6C1, 0xF6A1, 0xF6A1, 0xF6A1, 0xF6A1, 0xF6A1, 0xF6A1, 0xF6A1, 0xF6A1, 0xF6A1,
  0xF6A1, 0xF6A1, 0xF6A1, 0xF6A1, 0xF6A1, 0xF6A1, 0xF6A1, 0xF6A1, 0xF6A1, 0xF6A1, 0xF681, 0xF701,
  0xFFE1, 0xFFE0, 0xFFE0, 0xFFE0, 0xFFE0, 0xFFE0, 0xFFE0, 0xFFE0, 0xFFE0, 0xFFE0, 0xFFE0, 0xFFE0,
  0xFFE0, 0xFFE0, 0xFFE0, 0xFF61, 0xF6A1, 0xF6A1, 0xF6A1, 0xF6A1, 0xF6A1, 0xF6A1, 0xF6A1, 0xF6A1,
  0xF6A1, 0xF6A1, 0xF6A1, 0xF6A1, 0xF6A1, 0xF6A1, 0xF6A1, 0xF6A1, 0xF6A1, 0xF6A1, 0xF6A1, 0xF6A1,
  0xF6A1, 0xF6A1, 0xF681, 0xF6E0, 0xF6A2, 0xDB03, 0xD903, 0xD923, 0xD923, 0xD923, 0xD923, 0xD923,
  0xD923, 0xD923, 0xD923, 0xD923, 0xD923, 0xD923, 0xD923, 0xD923, 0xD923, 0xD923, 0xD923, 0xD923,
  0xD923, 0xD923, 0xD923, 0xD923, 0xD923, 0xD923, 0xD923, 0xD923, 0xD923, 0xD923, 0xD923, 0xD923,
  0xD923, 0xD923, 0xD923, 0xD923, 0xD923, 0xD923, 0xD923, 0xD923, 0xD923, 0xD923, 0xD923, 0xD923,
  0xD923, 0xD923, 0xD923, 0xD923, 0xD923, 0xD923, 0xD923, 0xD923, 0xD923, 0xD923, 0xD923, 0xD923,
  0xD923, 0xD923, 0xD923, 0xD923, 0xD923, 0xD923, 0xD923, 0xD923, 0xD923, 0xD923, 0xD923, 0xD923,
  0xD923, 0xD923, 0xD923, 0xD923, 0xD923, 0xD923, 0xD923, 0xD923, 0xD923, 0xD923, 0xD923, 0xD923,
  0xD923, 0xD923, 0xD923, 0xD923, 0xD923, 0xD923, 0xD923, 0xD923, 0xD923, 0xD923, 0xD923, 0xD923,
  0xD923, 0xD923, 0xD923, 0xD923, 0xD923, 0xD923, 0xD923, 0xD923, 0xD923, 0xD923, 0xD923, 0xD923,
  0xD923, 0xD923, 0xD923, 0xD923, 0xD923, 0xD923, 0xD923, 0xD923, 0xD923, 0xD923, 0xD923, 0xD923,
  0xD923, 0xD923, 0xD923, 0xD923, 0xD923, 0xD923, 0xD923, 0xD923, 0xD923, 0xD923, 0xD923, 0xD923,
  0xD923, 0xD923, 0xD923, 0xD923, 0xD923, 0xD923, 0xD923, 0xD923, 0xD923, 0xD923, 0xD923, 0xD923,
  0xD923, 0xD923, 0xD923, 0xD923, 0xD923, 0xD923, 0xD923, 0xD923, 0xD923, 0xD923, 0xD923, 0xD923,
  0xD923, 0xD923, 0xD923, 0xD923, 0xD923, 0xD923, 0xD923, 0xD923, 0xD923, 0xD923, 0xD923, 0xD923,
  0xD923, 0xD923, 0xD923, 0xD923, 0xD923, 0xD923, 0xD923, 0xD923, 0xD923, 0xD103, 0xDA22, 0xF622,
  0xFFE0, 0xFFE0, 0xFFE0, 0xFFE0, 0xFFE0, 0xFFE0, 0xFFE0, 0xFFE0, 0xFFE0, 0xFFE0, 0xFFE0, 0xFFE0,
  0xFFE0, 0xFFE0, 0xFFE0, 0xFFE0, 0xFFE0, 0xFFE0, 0xFFE0, 0xFFE0, 0xFFE0, 0xFFE0, 0xFFE0, 0xFFE0,
  0xFFE0, 0xFFE0, 0xFFE0, 0xFFE0, 0xFFE0, 0xFFE0, 0xFFE0, 0xFFE0, 0xFFE0, 0xFFE0, 0xFFE0, 0xFFE0,
  0xFFE0, 0xFFE0, 0xFFE0, 0xFFE0, 0xFFE0, 0xFFE0, 0xFFE0, 0xFFE0, 0xFFE0, 0xFFE0, 0xFFE0, 0xFFE0,
  0xFFE0, 0xFFE0, 0xFFE0, 0xFFE0, 0xFFE0, 0xFFE0, 0xFFE0, 0xFFE0, 0xFFE0, 0xFFE0, 0xFFE0, 0xFFE0,
  0xFFE0, 0xFFE0, 0xFFE1, 0xF702, 0xD321, 0xD103, 0xD923, 0xD923, 0xD923, 0xD923, 0xD923, 0xD923,
  0xD923, 0xD923, 0xD923, 0xD923, 0xD923, 0xD923, 0xD923, 0xD923, 0xD923, 0xD923, 0xD923, 0xD923,
  0xD923, 0xD923, 0xD923, 0xD923, 0xD923, 0xD923, 0xD923, 0xD923, 0xD923, 0xD923, 0xD923, 0xD923,
  0xD923, 0xD923, 0xD923, 0xD923, 0xD923, 0xD923, 0xD923, 0xD923, 0xD923, 0xD923, 0xD923, 0xD923,
  0xD923, 0xD923, 0xD923, 0xD923, 0xD923, 0xD923, 0xD923, 0xD923, 0xD923, 0xD923, 0xD923, 0xD923,
  0xD923, 0xD923, 0xD923, 0xD923, 0xD923, 0xD923, 0xD923, 0xD923, 0xD923, 0xD923, 0xD923, 0xD923,
  0xD923, 0xD923, 0xD923, 0xD923, 0xD923, 0xD923, 0xD923, 0xD923, 0xD923, 0xD923, 0xD923, 0xD923,
  0xD923, 0xD923, 0xD923, 0xD923, 0xD923, 0xD923, 0xD923, 0xD923, 0xD923, 0xD923, 0xD923, 0xD923,
  0xD923, 0xD923, 0xD923, 0xD923, 0xD923, 0xD923, 0xD923, 0xD923, 0xD923, 0xD923, 0xD923, 0xD923,
  0xD923, 0xD923, 0xD923, 0xD923, 0xD923, 0xD923, 0xD923, 0xD923, 0xD923, 0xD923, 0xD923, 0xD923,
  0xD923, 0xD923, 0xD923, 0xD923, 0xD923, 0xD923, 0xD923, 0xD923, 0xD923, 0xD923, 0xD923, 0xD923,
  0xD923, 0xD923, 0xD923, 0xD923, 0xD923, 0xD923, 0xD923, 0xD923, 0xD923, 0xD923, 0xD923, 0xD923,
  0xD923, 0xD923, 0xD923, 0xD923, 0xD923, 0xD923, 0xD923, 0xD923, 0xD923, 0xD923, 0xD923, 0xD923,
  0xD923, 0xD923, 0xD923, 0xD923, 0xD923, 0xD923, 0xD923, 0xD923, 0xD923, 0xD923, 0xD923, 0xD923,
  0xD923, 0xD923, 0xD923, 0xD923, 0xD923, 0xD923, 0xD923, 0xD923, 0xD923, 0xD923, 0xD0E3, 0xD0E3,
  0xE442, 0xFFC1, 0xFFE0, 0xFFC0, 0xFFC1, 0xFFE0, 0xFFE0, 0xFFE0, 0xFFE0, 0xFFE0, 0xFFE0, 0xFFE0,
  0xFFE0, 0xFFE0, 0xFFE0, 0xFFE0, 0xFFE0, 0xFFE0, 0xFFE0, 0xFFE0, 0xFFE0, 0xFFE0, 0xFFE0, 0xFFE0,
  0xFFE0, 0xFFE0, 0xFFE0, 0xFFE0, 0xFFE0, 0xFFE0, 0xFFE0, 0xFFE0, 0xFFE0, 0xFFE0, 0xFFE0, 0xFFE0,
  0xFFE0, 0xFFE0, 0xFFE0, 0xFFE0, 0xFFE0, 0xFFE0, 0xFFE0, 0xFFE0, 0xFFE0, 0xFFE0, 0xFFE0, 0xFFE0,
  0xFFE0, 0xFFE0, 0xFFE0, 0xFFE0, 0xFFE0, 0xFFE0, 0xFFE0, 0xFFE0, 0xFFE0, 0xFFE0, 0xFFE0, 0xFFC0,
  0xFFE0, 0xFFE1, 0xE562, 0xD182, 0xE085, 0xD923, 0xD923, 0xD923, 0xD923, 0xD923, 0xD923, 0xD923,
  0xD923, 0xD923, 0xD923, 0xD923, 0xD923, 0xD923, 0xD923, 0xD923, 0xD923, 0xD923, 0xD923, 0xD923,
  0xD923, 0xD923, 0xD923, 0xD923, 0xD923, 0xD923, 0xD923, 0xD923, 0xD923, 0xD923, 0xD923, 0xD923,
  0xD923, 0xD923, 0xD923, 0xD923, 0xD923, 0xD923, 0xD923, 0xD923, 0xD923, 0xD923, 0xD923, 0xD923,
  0xD923, 0xD923, 0xD923, 0xD923, 0xD923, 0xD923, 0xD923, 0xD923, 0xD923, 0xD923, 0xD923, 0xD923,
  0xD923, 0xD923, 0xD923, 0xD923, 0xD923, 0xD923, 0xD923, 0xD923, 0xD923, 0xD923, 0xD923, 0xD923,
  0xD923, 0xD923, 0xD923, 0xD923, 0xD923, 0xD923, 0xD923, 0xD923, 0xD923, 0xD923, 0xD923, 0xD923,
  0xD923, 0xD923, 0xD923, 0xD923, 0xD923, 0xD923, 0xD923, 0xD923, 0xD923, 0xD923, 0xD923, 0xD923,
  0xD923, 0xD923, 0xD923, 0xD923, 0xD923, 0xD923, 0xD923, 0xD923, 0xD923, 0xD923, 0xD923, 0xD923,
  0xD923, 0xD923, 0xD923, 0xD923, 0xD923, 0xD923, 0xD923, 0xD923, 0xD923, 0xD923, 0xD923, 0xD923,
  0xD923, 0xD923, 0xD923, 0xD923, 0xD923, 0xD923, 0xD923, 0xD923, 0xD923, 0xD923, 0xD923, 0xD923,
  0xD923, 0xD923, 0xD923, 0xD923, 0xD923, 0xD923, 0xD923, 0xD923, 0xD923, 0xD923, 0xD923, 0xD923,
  0xD923, 0xD923, 0xD923, 0xD923, 0xD923, 0xD923, 0xD923, 0xD923, 0xD923, 0xD923, 0xD923, 0xD923,
  0xD923, 0xD923, 0xD923, 0xD923, 0xD923, 0xD923, 0xD923, 0xD923, 0xD923, 0xD923, 0xD923, 0xD923,
  0xD923, 0xD923, 0xD923, 0xD923, 0xD923, 0xD923, 0xD923, 0xD923, 0xD923, 0xD923, 0xD924, 0xD143,
  0xD0C3, 0xDAC2, 0xF6E1, 0xFFE1, 0xFFE0, 0xFFC0, 0xFFE0, 0xFFE0, 0xFFE0, 0xFFE0, 0xFFE0, 0xFFE0,
  0xFFE0, 0xFFE0, 0xFFE0, 0xFFE0, 0xFFE0, 0xFFE0, 0xFFE0, 0xFFE0, 0xFFE0, 0xFFE0, 0xFFE0, 0xFFE0,
  0xFFE0, 0xFFE0, 0xFFE0, 0xFFE0, 0xFFE0, 0xFFE0, 0xFFE0, 0xFFE0, 0xFFE0, 0xFFE0, 0xFFE0, 0xFFE0,
  0xFFE0, 0xFFE0, 0xFFE0, 0xFFE0, 0xFFE0, 0xFFE0, 0xFFE0, 0xFFE0, 0xFFE0, 0xFFE0, 0xFFE0, 0xFFE0,
  0xFFE0, 0xFFE0, 0xFFE0, 0xFFE0, 0xFFE0, 0xFFE0, 0xFFE0, 0xFFE0, 0xFFE0, 0xFFE0, 0xFFC0, 0xFFE0,
  0xFF82, 0xE383, 0xD8E2, 0xD143, 0xD163, 0xD923, 0xD923, 0xD923, 0xD923, 0xD923, 0xD923, 0xD923,
  0xD923, 0xD923, 0xD923, 0xD923, 0xD923, 0xD923, 0xD923, 0xD923, 0xD923, 0xD923, 0xD923, 0xD923,
  0xD923, 0xD923, 0xD923, 0xD923, 0xD923, 0xD923, 0xD923, 0xD923, 0xD923, 0xD923, 0xD923, 0xD923,
  0xD923, 0xD923, 0xD923, 0xD923, 0xD923, 0xD923, 0xD923, 0xD923, 0xD923, 0xD923, 0xD923, 0xD923,
  0xD923, 0xD923, 0xD923, 0xD923, 0xD923, 0xD923, 0xD923, 0xD923, 0xD923, 0xD923, 0xD923, 0xD923,
  0xD923, 0xD923, 0xD923, 0xD923, 0xD923, 0xD923, 0xD923, 0xD923, 0xD923, 0xD923, 0xD923, 0xD923,
  0xD923, 0xD923, 0xD923, 0xD923, 0xD923, 0xD923, 0xD923, 0xD923, 0xD923, 0xD923, 0xD923, 0xD923,
  0xD923, 0xD923, 0xD923, 0xD923, 0xD923, 0xD923, 0xD923, 0xD923, 0xD923, 0xD923, 0xD923, 0xD923,
  0xD923, 0xD923, 0xD923, 0xD923, 0xD923, 0xD923, 0xD923, 0xD923, 0xD923, 0xD923, 0xD923, 0xD923,
  0xD923, 0xD923, 0xD923, 0xD923, 0xD923, 0xD923, 0xD923, 0xD923, 0xD923, 0xD923, 0xD923, 0xD923,
  0xD923, 0xD923, 0xD923, 0xD923, 0xD923, 0xD923, 0xD923, 0xD923, 0xD923, 0xD923, 0xD923, 0xD923,
  0xD923, 0xD923, 0xD923, 0xD923, 0xD923, 0xD923, 0xD923, 0xD923, 0xD923, 0xD923, 0xD923, 0xD923,
  0xD923, 0xD923, 0xD923, 0xD923, 0xD923, 0xD923, 0xD923, 0xD923, 0xD923, 0xD923, 0xD923, 0xD923,
  0xD923, 0xD923, 0xD923, 0xD923, 0xD923, 0xD923, 0xD923, 0xD923, 0xD923, 0xD923, 0xD923, 0xD923,
  0xD923, 0xD923, 0xD923, 0xD923, 0xD923, 0xD923, 0xD923, 0xD923, 0xD923, 0xD923, 0xD923, 0xD923,
  0xD943, 0xD0E3, 0xD183, 0xED62, 0xFFE0, 0xFFE0, 0xFFC0, 0xFFE0, 0xFFE0, 0xFFE0, 0xFFE0, 0xFFE0,
  0xFFE0, 0xFFE0, 0xFFE0, 0xFFE0, 0xFFE0, 0xFFE0, 0xFFE0, 0xFFE0, 0xFFE0, 0xFFE0, 0xFFE0, 0xFFE0,
  0xFFE0, 0xFFE0, 0xFFE0, 0xFFE0, 0xFFE0, 0xFFE0, 0xFFE0, 0xFFE0, 0xFFE0, 0xFFE0, 0xFFE0, 0xFFE0,
  0xFFE0, 0xFFE0, 0xFFE0, 0xFFE0, 0xFFE0, 0xFFE0, 0xFFE0, 0xFFE0, 0xFFE0, 0xFFE0, 0xFFE0, 0xFFE0,
  0xFFE0, 0xFFE0, 0xFFE0, 0xFFE0, 0xFFE0, 0xFFE0, 0xFFE0, 0xFFE0, 0xFFE0, 0xFFE0, 0xFFE1, 0xF642,
  0xD242, 0xD0C3, 0xD944, 0xD923, 0xD903, 0xD143, 0xD923, 0xD923, 0xD923, 0xD923, 0xD923, 0xD923,
  0xD923, 0xD923, 0xD923, 0xD923, 0xD923, 0xD923, 0xD923, 0xD923, 0xD923, 0xD923, 0xD923, 0xD923,
  0xD923, 0xD923, 0xD923, 0xD923, 0xD923, 0xD923, 0xD923, 0xD923, 0xD923, 0xD923, 0xD923, 0xD923,
  0xD923, 0xD923, 0xD923, 0xD923, 0xD923, 0xD923, 0xD923, 0xD923, 0xD923, 0xD923, 0xD923, 0xD923,
  0xD923, 0xD923, 0xD923, 0xD923, 0xD923, 0xD923, 0xD923, 0xD923, 0xD923, 0xD923, 0xD923, 0xD923,
  0xD923, 0xD923, 0xD923, 0xD923, 0xD923, 0xD923, 0xD923, 0xD923, 0xD923, 0xD923, 0xD923, 0xD923,
  0xD923, 0xD923, 0xD923, 0xD923, 0xD923, 0xD923, 0xD923, 0xD923, 0xD923, 0xD923, 0xD923, 0xD923,
  0xD923, 0xD923, 0xD923, 0xD923, 0xD923, 0xD923, 0xD923, 0xD923, 0xD923, 0xD923, 0xD923, 0xD923,
  0xD923, 0xD923, 0xD923, 0xD923, 0xD923, 0xD923, 0xD923, 0xD923, 0xD923, 0xD923, 0xD923, 0xD923,
  0xD923, 0xD923, 0xD923, 0xD923, 0xD923, 0xD923, 0xD923, 0xD923, 0xD923, 0xD923, 0xD923, 0xD923,
  0xD923, 0xD923, 0xD923, 0xD923, 0xD923, 0xD923, 0xD923, 0xD923, 0xD923, 0xD923, 0xD923, 0xD923,
  0xD923, 0xD923, 0xD923, 0xD923, 0xD923, 0xD923, 0xD923, 0xD923, 0xD923, 0xD923, 0xD923, 0xD923,
  0xD923, 0xD923, 0xD923, 0xD923, 0xD923, 0xD923, 0xD923, 0xD923, 0xD923, 0xD923, 0xD923, 0xD923,
  0xD923, 0xD923, 0xD923, 0xD923, 0xD923, 0xD923, 0xD923, 0xD923, 0xD923, 0xD923, 0xD923, 0xD923,
  0xD923, 0xD923, 0xD923, 0xD923, 0xD923, 0xD923, 0xD923, 0xD923, 0xD923, 0xD923, 0xD923, 0xD923,
  0xD923, 0xD943, 0xD903, 0xD0E2, 0xDBC2, 0xFF81, 0xFFE0, 0xFFC0, 0xFFE0, 0xFFE0, 0xFFE0, 0xFFE0,
  0xFFE0, 0xFFE0, 0xFFE0, 0xFFE0, 0xFFE0, 0xFFE0, 0xFFE0, 0xFFE0, 0xFFE0, 0xFFE0, 0xFFE0, 0xFFE0,
  0xFFE0, 0xFFE0, 0xFFE0, 0xFFE0, 0xFFE0, 0xFFE0, 0xFFE0, 0xFFE0, 0xFFE0, 0xFFE0, 0xFFE0, 0xFFE0,
  0xFFE0, 0xFFE0, 0xFFE0, 0xFFE0, 0xFFE0, 0xFFE0, 0xFFE0, 0xFFE0, 0xFFE0, 0xFFE0, 0xFFE0, 0xFFE0,
  0xFFE0, 0xFFE0, 0xFFE0, 0xFFE0, 0xFFE0, 0xFFE0, 0xFFE0, 0xFFC0, 0xFFE0, 0xFFE2, 0xE4C2, 0xC962,
  0xD8C4, 0xD943, 0xD123, 0xD903, 0xD923, 0xD923, 0xD923, 0xD923, 0xD923, 0xD923, 0xD923, 0xD923,
  0xD923, 0xD923, 0xD923, 0xD923, 0xD923, 0xD923, 0xD923, 0xD923, 0xD923, 0xD923, 0xD923, 0xD923,
  0xD923, 0xD923, 0xD923, 0xD923, 0xD923, 0xD923, 0xD923, 0xD923, 0xD923, 0xD923, 0xD923, 0xD923,
  0xD923, 0xD923, 0xD923, 0xD923, 0xD923, 0xD923, 0xD923, 0xD923, 0xD923, 0xD923, 0xD923, 0xD923,
  0xD923, 0xD923, 0xD923, 0xD923, 0xD923, 0xD923, 0xD923, 0xD923, 0xD923, 0xD923, 0xD923, 0xD923,
  0xD923, 0xD923, 0xD923, 0xD923, 0xD923, 0xD923, 0xD923, 0xD923, 0xD923, 0xD923, 0xD923, 0xD923,
  0xD923, 0xD923, 0xD923, 0xD923, 0xD923, 0xD923, 0xD923, 0xD923, 0xD923, 0xD923, 0xD923, 0xD923,
  0xD923, 0xD923, 0xD923, 0xD923, 0xD923, 0xD923, 0xD923, 0xD923, 0xD923, 0xD923, 0xD923, 0xD923,
  0xD923, 0xD923, 0xD923, 0xD923, 0xD923, 0xD923, 0xD923, 0xD923, 0xD923, 0xD923, 0xD923, 0xD923,
  0xD923, 0xD923, 0xD923, 0xD923, 0xD923, 0xD923, 0xD923, 0xD923, 0xD923, 0xD923, 0xD923, 0xD923,
  0xD923, 0xD923, 0xD923, 0xD923, 0xD923, 0xD923, 0xD923, 0xD923, 0xD923, 0xD923, 0xD923, 0xD923,
  0xD923, 0xD923, 0xD923, 0xD923, 0xD923, 0xD923, 0xD923, 0xD923, 0xD923, 0xD923, 0xD923, 0xD923,
  0xD923, 0xD923, 0xD923, 0xD923, 0xD923, 0xD923, 0xD923, 0xD923, 0xD923, 0xD923, 0xD923, 0xD923,
  0xD923, 0xD923, 0xD923, 0xD923, 0xD923, 0xD923, 0xD923, 0xD923, 0xD923, 0xD923, 0xD923, 0xD923,
  0xD923, 0xD923, 0xD923, 0xD923, 0xD923, 0xD923, 0xD923, 0xD923, 0xD923, 0xD923, 0xD923, 0xD923,
  0xD923, 0xD923, 0xD923, 0xE123, 0xD0C2, 0xD242, 0xF662, 0xFFE1, 0xFFE0, 0xFFE0, 0xFFE0, 0xFFE0,
  0xFFE0, 0xFFE0, 0xFFE0, 0xFFE0, 0xFFE0, 0xFFE0, 0xFFE0, 0xFFE0, 0xFFE0, 0xFFE0, 0xFFE0, 0xFFE0,
  0xFFE0, 0xFFE0, 0xFFE0, 0xFFE0, 0xFFE0, 0xFFE0, 0xFFE0, 0xFFE0, 0xFFE0, 0xFFE0, 0xFFE0, 0xFFE0,
  0xFFE0, 0xFFE0, 0xFFE0, 0xFFE0, 0xFFE0, 0xFFE0, 0xFFE0, 0xFFE0, 0xFFE0, 0xFFE0, 0xFFE0, 0xFFE0,
  0xFFE0, 0xFFE0, 0xFFE0, 0xFFE0, 0xFFE0, 0xFFE0, 0xFFE0, 0xFFE1, 0xF722, 0xDB22, 0xD8A3, 0xD905,
  0xD143, 0xD923, 0xD904, 0xD923, 0xD923, 0xD923, 0xD923, 0xD923, 0xD923, 0xD923, 0xD923, 0xD923,
  0xD923, 0xD923, 0xD923, 0xD923, 0xD923, 0xD923, 0xD923, 0xD923, 0xD923, 0xD923, 0xD923, 0xD923,
  0xD923, 0xD923, 0xD923, 0xD923, 0xD923, 0xD923, 0xD923, 0xD923, 0xD923, 0xD923, 0xD923, 0xD923,
  0xD923, 0xD923, 0xD923, 0xD923, 0xD923, 0xD923, 0xD923, 0xD923, 0xD923, 0xD923, 0xD923, 0xD923,
  0xD923, 0xD923, 0xD923, 0xD923, 0xD923, 0xD923, 0xD923, 0xD923, 0xD923, 0xD923, 0xD923, 0xD923,
  0xD923, 0xD923, 0xD923, 0xD923, 0xD923, 0xD923, 0xD923, 0xD923, 0xD923, 0xD923, 0xD923, 0xD923,
  0xD923, 0xD923, 0xD923, 0xD923, 0xD923, 0xD923, 0xD923, 0xD923, 0xD923, 0xD923, 0xD923, 0xD923,
  0xD923, 0xD923, 0xD923, 0xD923, 0xD923, 0xD923, 0xD923, 0xD923, 0xD923, 0xD923, 0xD923, 0xD923,
  0xD923, 0xD923, 0xD923, 0xD923, 0xD923, 0xD923, 0xD923, 0xD923, 0xD923, 0xD923, 0xD923, 0xD923,
  0xD923, 0xD923, 0xD923, 0xD923, 0xD923, 0xD923, 0xD923, 0xD923, 0xD923, 0xD923, 0xD923, 0xD923,
  0xD923, 0xD923, 0xD923, 0xD923, 0xD923, 0xD923, 0xD923, 0xD923, 0xD923, 0xD923, 0xD923, 0xD923,
  0xD923, 0xD923, 0xD923, 0xD923, 0xD923, 0xD923, 0xD923, 0xD923, 0xD923, 0xD923, 0xD923, 0xD923,
  0xD923, 0xD923, 0xD923, 0xD923, 0xD923, 0xD923, 0xD923, 0xD923, 0xD923, 0xD923, 0xD923, 0xD923,
  0xD923, 0xD923, 0xD923, 0xD923, 0xD923, 0xD923, 0xD923, 0xD923, 0xD923, 0xD923, 0xD923, 0xD923,
  0xD923, 0xD923, 0xD923, 0xD923, 0xD923, 0xD923, 0xD923, 0xD923, 0xD923, 0xD923, 0xD923, 0xD923,
  0xD923, 0xD923, 0xD143, 0xD924, 0xD942, 0xD8E4, 0xD123, 0xE4E2, 0xFFE2, 0xFFE0, 0xFFE0, 0xFFE0,
  0xFFE0, 0xFFE0, 0xFFE0, 0xFFE0, 0xFFE0, 0xFFE0, 0xFFE0, 0xFFE0, 0xFFE0, 0xFFE0, 0xFFE0, 0xFFE0,
  0xFFE0, 0xFFE0, 0xFFE0, 0xFFE0, 0xFFE0, 0xFFE0, 0xFFE0, 0xFFE0, 0xFFE0, 0xFFE0, 0xFFE0, 0xFFE0,
  0xFFE0, 0xFFE0, 0xFFE0, 0xFFE0, 0xFFE0, 0xFFE0, 0xFFE0, 0xFFE0, 0xFFE0, 0xFFE0, 0xFFE0, 0xFFE0,
  0xFFE0, 0xFFE0, 0xFFE0, 0xFFE0, 0xFFE0, 0xFFE0, 0xFFE1, 0xEDC3, 0xD9C2, 0xD8C3, 0xD924, 0xD943,
  0xD142, 0xD143, 0xD924, 0xD923, 0xD923, 0xD923, 0xD923, 0xD923, 0xD923, 0xD923, 0xD923, 0xD923,
  0xD923, 0xD923, 0xD923, 0xD923, 0xD923, 0xD923, 0xD923, 0xD923, 0xD923, 0xD923, 0xD923, 0xD923,
  0xD923, 0xD923, 0xD923, 0xD923, 0xD923, 0xD923, 0xD923, 0xD923, 0xD923, 0xD923, 0xD923, 0xD923,
  0xD923, 0xD923, 0xD923, 0xD923, 0xD923, 0xD923, 0xD923, 0xD923, 0xD923, 0xD923, 0xD923, 0xD923,
  0xD923, 0xD923, 0xD923, 0xD923, 0xD923, 0xD923, 0xD923, 0xD923, 0xD923, 0xD923, 0xD923, 0xD923,
  0xD923, 0xD923, 0xD923, 0xD923, 0xD923, 0xD923, 0xD923, 0xD923, 0xD923, 0xD923, 0xD923, 0xD923,
  0xD923, 0xD923, 0xD923, 0xD923, 0xD923, 0xD923, 0xD923, 0xD923, 0xD923, 0xD923, 0xD923, 0xD923,
  0xD923, 0xD923, 0xD923, 0xD923, 0xD923, 0xD923, 0xD923, 0xD923, 0xD923, 0xD923, 0xD923, 0xD923,
  0xD923, 0xD923, 0xD923, 0xD923, 0xD923, 0xD923, 0xD923, 0xD923, 0xD923, 0xD923, 0xD923, 0xD923,
  0xD923, 0xD923, 0xD923, 0xD923, 0xD923, 0xD923, 0xD923, 0xD923, 0xD923, 0xD923, 0xD923, 0xD923,
  0xD923, 0xD923, 0xD923, 0xD923, 0xD923, 0xD923, 0xD923, 0xD923, 0xD923, 0xD923, 0xD923, 0xD923,
  0xD923, 0xD923, 0xD923, 0xD923, 0xD923, 0xD923, 0xD923, 0xD923, 0xD923, 0xD923, 0xD923, 0xD923,
  0xD923, 0xD923, 0xD923, 0xD923, 0xD923, 0xD923, 0xD923, 0xD923, 0xD923, 0xD923, 0xD923, 0xD923,
  0xD923, 0xD923, 0xD923, 0xD923, 0xD923, 0xD923, 0xD923, 0xD923, 0xD923, 0xD923, 0xD923, 0xD923,
  0xD923, 0xD923, 0xD923, 0xD923, 0xD923, 0xD923, 0xD923, 0xD923, 0xD923, 0xD923, 0xD923, 0xD923,
  0xD923, 0xD923, 0xD924, 0xD923, 0xD924, 0xD942, 0xD922, 0xD0C3, 0xDB42, 0xFF02, 0xFFE0, 0xFFC0,
  0xFFE0, 0xFFE0, 0xFFE0, 0xFFE0, 0xFFE0, 0xFFE0, 0xFFE0, 0xFFE0, 0xFFE0, 0xFFE0, 0xFFE0, 0xFFE0,
  0xFFE0, 0xFFE0, 0xFFE0, 0xFFE0, 0xFFE0, 0xFFE0, 0xFFE0, 0xFFE0, 0xFFE0, 0xFFE0, 0xFFE0, 0xFFE0,
  0xFFE0, 0xFFE0, 0xFFE0, 0xFFE0, 0xFFE0, 0xFFE0, 0xFFE0, 0xFFE0, 0xFFE0, 0xFFE0, 0xFFE0, 0xFFE0,
  0xFFE0, 0xFFE0, 0xFFE0, 0xFFC0, 0xFFE0, 0xFFA1, 0xE442, 0xC922, 0xD8E3, 0xD923, 0xD142, 0xD924,
  0xE103, 0xD922, 0xD923, 0xD923, 0xD923, 0xD923, 0xD923, 0xD923, 0xD923, 0xD923, 0xD923, 0xD923,
  0xD923, 0xD923, 0xD923, 0xD923, 0xD923, 0xD923, 0xD923, 0xD923, 0xD923, 0xD923, 0xD923, 0xD923,
  0xD923, 0xD923, 0xD923, 0xD923, 0xD923, 0xD923, 0xD923, 0xD923, 0xD923, 0xD923, 0xD923, 0xD923,
  0xD923, 0xD923, 0xD923, 0xD923, 0xD923, 0xD923, 0xD923, 0xD923, 0xD923, 0xD923, 0xD923, 0xD923,
  0xD923, 0xD923, 0xD923, 0xD923, 0xD923, 0xD923, 0xD923, 0xD923, 0xD923, 0xD923, 0xD923, 0xD923,
  0xD923, 0xD923, 0xD923, 0xD923, 0xD923, 0xD923, 0xD923, 0xD923, 0xD923, 0xD923, 0xD923, 0xD923,
  0xD923, 0xD923, 0xD923, 0xD923, 0xD923, 0xD923, 0xD923, 0xD923, 0xD923, 0xD923, 0xD923, 0xD923,
  0xD923, 0xD923, 0xD923, 0xD923, 0xD923, 0xD923, 0xD923, 0xD923, 0xD923, 0xD923, 0xD923, 0xD923,
  0xD923, 0xD923, 0xD923, 0xD923, 0xD923, 0xD923, 0xD923, 0xD923, 0xD923, 0xD923, 0xD923, 0xD923,
  0xD923, 0xD923, 0xD923, 0xD923, 0xD923, 0xD923, 0xD923, 0xD923, 0xD923, 0xD923, 0xD923, 0xD923,
  0xD923, 0xD923, 0xD923, 0xD923, 0xD923, 0xD923, 0xD923, 0xD923, 0xD923, 0xD923, 0xD923, 0xD923,
  0xD923, 0xD923, 0xD923, 0xD923, 0xD923, 0xD923, 0xD923, 0xD923, 0xD923, 0xD923, 0xD923, 0xD923,
  0xD923, 0xD923, 0xD923, 0xD923, 0xD923, 0xD923, 0xD923, 0xD923, 0xD923, 0xD923, 0xD923, 0xD923,
  0xD923, 0xD923, 0xD923, 0xD923, 0xD923, 0xD923, 0xD923, 0xD923, 0xD923, 0xD923, 0xD923, 0xD923,
  0xD923, 0xD923, 0xD923, 0xD923, 0xD923, 0xD923, 0xD923, 0xD923, 0xD923, 0xD923, 0xD923, 0xD923,
  0xD923, 0xD923, 0xD923, 0xD923, 0xD923, 0xD923, 0xD924, 0xE125, 0xD0E2, 0xD1E2, 0xF5C2, 0xFFE1,
  0xFFE0, 0xFFE0, 0xFFE0, 0xFFE0, 0xFFE0, 0xFFE0, 0xFFE0, 0xFFE0, 0xFFE0, 0xFFE0, 0xFFE0, 0xFFE0,
  0xFFE0, 0xFFE0, 0xFFE0, 0xFFE0, 0xFFE0, 0xFFE0, 0xFFE0, 0xFFE0, 0xFFE0, 0xFFE0, 0xFFE0, 0xFFE0,
  0xFFE0, 0xFFE0, 0xFFE0, 0xFFE0, 0xFFE0, 0xFFE0, 0xFFE0, 0xFFE0, 0xFFE0, 0xFFE0, 0xFFE0, 0xFFE0,
  0xFFE0, 0xFFC0, 0xFFC0, 0xFFE0, 0xF6C2, 0xDA83, 0xD0C1, 0xD923, 0xD943, 0xD923, 0xD923, 0xD923,
  0xD923, 0xD923, 0xD923, 0xD923, 0xD923, 0xD923, 0xD923, 0xD923, 0xD923, 0xD923, 0xD923, 0xD923,
  0xD923, 0xD923, 0xD923, 0xD923, 0xD923, 0xD923, 0xD923, 0xD923, 0xD923, 0xD923, 0xD923, 0xD923,
  0xD923, 0xD923, 0xD923, 0xD923, 0xD923, 0xD923, 0xD923, 0xD923, 0xD923, 0xD923, 0xD923, 0xD923,
  0xD923, 0xD923, 0xD923, 0xD923, 0xD923, 0xD923, 0xD923, 0xD923, 0xD923, 0xD923, 0xD923, 0xD923,
  0xD923, 0xD923, 0xD923, 0xD923, 0xD923, 0xD923, 0xD923, 0xD923, 0xD923, 0xD923, 0xD923, 0xD923,
  0xD923, 0xD923, 0xD923, 0xD923, 0xD923, 0xD923, 0xD923, 0xD923, 0xD923, 0xD923, 0xD923, 0xD923,
  0xD923, 0xD923, 0xD923, 0xD923, 0xD923, 0xD923, 0xD923, 0xD923, 0xD923, 0xD923, 0xD923, 0xD923,
  0xD923, 0xD923, 0xD923, 0xD923, 0xD923, 0xD923, 0xD923, 0xD923, 0xD923, 0xD923, 0xD923, 0xD923,
  0xD923, 0xD923, 0xD923, 0xD923, 0xD923, 0xD923, 0xD923, 0xD923, 0xD923, 0xD923, 0xD923, 0xD923,
  0xD923, 0xD923, 0xD923, 0xD923, 0xD923, 0xD923, 0xD923, 0xD923, 0xD923, 0xD923, 0xD923, 0xD923,
  0xD923, 0xD923, 0xD923, 0xD923, 0xD923, 0xD923, 0xD923, 0xD923, 0xD923, 0xD923, 0xD923, 0xD923,
  0xD923, 0xD923, 0xD923, 0xD923, 0xD923, 0xD923, 0xD923, 0xD923, 0xD923, 0xD923, 0xD923, 0xD923,
  0xD923, 0xD923, 0xD923, 0xD923, 0xD923, 0xD923, 0xD923, 0xD923, 0xD923, 0xD923, 0xD923, 0xD923,
  0xD923, 0xD923, 0xD923, 0xD923, 0xD923, 0xD923, 0xD923, 0xD923, 0xD923, 0xD923, 0xD923, 0xD923,
  0xD923, 0xD923, 0xD923, 0xD923, 0xD923, 0xD923, 0xD923, 0xD923, 0xD923, 0xD923, 0xD923, 0xD923,
  0xD923, 0xD923, 0xD923, 0xD923, 0xD923, 0xD923, 0xD924, 0xD922, 0xE123, 0xD904, 0xD102, 0xE442,
  0xFFC2, 0xFFE0, 0xFFC0, 0xFFE0, 0xFFE0, 0xFFE0, 0xFFE0, 0xFFE0, 0xFFE0, 0xFFE0, 0xFFE0, 0xFFE0,
  0xFFE0, 0xFFE0, 0xFFE0, 0xFFE0, 0xFFE0, 0xFFE0, 0xFFE0, 0xFFE0, 0xFFE0, 0xFFE0, 0xFFE0, 0xFFE0,
  0xFFE0, 0xFFE0, 0xFFE0, 0xFFE0, 0xFFE0, 0xFFE0, 0xFFE0, 0xFFE0, 0xFFE0, 0xFFE0, 0xFFE0, 0xFFE0,
  0xFFE0, 0xFFE0, 0xFFE0, 0xED42, 0xD962, 0xD8E3, 0xD944, 0xD923, 0xD923, 0xD923, 0xD923, 0xD923,
  0xD923, 0xD923, 0xD923, 0xD923, 0xD923, 0xD923, 0xD923, 0xD923, 0xD923, 0xD923, 0xD923, 0xD923,
  0xD923, 0xD923, 0xD923, 0xD923, 0xD923, 0xD923, 0xD923, 0xD923, 0xD923, 0xD923, 0xD923, 0xD923,
  0xD923, 0xD923, 0xD923, 0xD923, 0xD923, 0xD923, 0xD923, 0xD923, 0xD923, 0xD923, 0xD923, 0xD923,
  0xD923, 0xD923, 0xD923, 0xD923, 0xD923, 0xD923, 0xD923, 0xD923, 0xD923, 0xD923, 0xD923, 0xD923,
  0xD923, 0xD923, 0xD923, 0xD923, 0xD923, 0xD923, 0xD923, 0xD923, 0xD923, 0xD923, 0xD923, 0xD923,
  0xD923, 0xD923, 0xD923, 0xD923, 0xD923, 0xD923, 0xD923, 0xD923, 0xD923, 0xD923, 0xD923, 0xD923,
  0xD923, 0xD923, 0xD923, 0xD923, 0xD923, 0xD923, 0xD923, 0xD923, 0xD923, 0xD923, 0xD923, 0xD923,
  0xD923, 0xD923, 0xD923, 0xD923, 0xD923, 0xD923, 0xD923, 0xD923, 0xD923, 0xD923, 0xD923, 0xD923,
  0xD923, 0xD923, 0xD923, 0xD923, 0xD923, 0xD923, 0xD923, 0xD923, 0xD923, 0xD923, 0xD923, 0xD923,
  0xD923, 0xD923, 0xD923, 0xD923, 0xD923, 0xD923, 0xD923, 0xD923, 0xD923, 0xD923, 0xD923, 0xD923,
  0xD923, 0xD923, 0xD923, 0xD923, 0xD923, 0xD923, 0xD923, 0xD923, 0xD923, 0xD923, 0xD923, 0xD923,
  0xD923, 0xD923, 0xD923, 0xD923, 0xD923, 0xD923, 0xD923, 0xD923, 0xD923, 0xD923, 0xD923, 0xD923,
  0xD923, 0xD923, 0xD923, 0xD923, 0xD923, 0xD923, 0xD923, 0xD923, 0xD923, 0xD923, 0xD923, 0xD923,
  0xD923, 0xD923, 0xD923, 0xD923, 0xD923, 0xD923, 0xD923, 0xD923, 0xD923, 0xD923, 0xD923, 0xD923,
  0xD923, 0xD923, 0xD923, 0xD923, 0xD923, 0xD923, 0xD923, 0xD923, 0xD923, 0xD923, 0xD923, 0xD923,
  0xD923, 0xD923, 0xD923, 0xD923, 0xD923, 0xD923, 0xD923, 0xD923, 0xD923, 0xD924, 0xD923, 0xD0C2,
  0xDAA2, 0xF6C2, 0xFFE1, 0xFFE0, 0xFFE0, 0xFFE0, 0xFFE0, 0xFFE0, 0xFFE0, 0xFFE0, 0xFFE0, 0xFFE0,
  0xFFE0, 0xFFE0, 0xFFE0, 0xFFE0, 0xFFE0, 0xFFE0, 0xFFE0, 0xFFE0, 0xFFE0, 0xFFE0, 0xFFE0, 0xFFE0,
  0xFFE0, 0xFFE0, 0xFFE0, 0xFFE0, 0xFFE0, 0xFFE0, 0xFFE0, 0xFFE0, 0xFFE0, 0xFFE0, 0xFFE0, 0xFFC0,
  0xFFE0, 0xFF62, 0xDBA2, 0xD0E3, 0xD923, 0xE123, 0xD143, 0xD923, 0xD923, 0xD923, 0xD923, 0xD923,
  0xD923, 0xD923, 0xD923, 0xD923, 0xD923, 0xD923, 0xD923, 0xD923, 0xD923, 0xD923, 0xD923, 0xD923,
  0xD923, 0xD923, 0xD923, 0xD923, 0xD923, 0xD923, 0xD923, 0xD923, 0xD923, 0xD923, 0xD923, 0xD923,
  0xD923, 0xD923, 0xD923, 0xD923, 0xD923, 0xD923, 0xD923, 0xD923, 0xD923, 0xD923, 0xD923, 0xD923,
  0xD923, 0xD923, 0xD923, 0xD923, 0xD923, 0xD923, 0xD923, 0xD923, 0xD923, 0xD923, 0xD923, 0xD923,
  0xD923, 0xD923, 0xD923, 0xD923, 0xD923, 0xD923, 0xD923, 0xD923, 0xD923, 0xD923, 0xD923, 0xD923,
  0xD923, 0xD923, 0xD923, 0xD923, 0xD923, 0xD923, 0xD923, 0xD923, 0xD923, 0xD923, 0xD923, 0xD923,
  0xD923, 0xD923, 0xD923, 0xD923, 0xD923, 0xD923, 0xD923, 0xD923, 0xD923, 0xD923, 0xD923, 0xD923,
  0xD923, 0xD923, 0xD923, 0xD923, 0xD923, 0xD923, 0xD923, 0xD923, 0xD923, 0xD923, 0xD923, 0xD923,
  0xD923, 0xD923, 0xD923, 0xD923, 0xD923, 0xD923, 0xD923, 0xD923, 0xD923, 0xD923, 0xD923, 0xD923,
  0xD923, 0xD923, 0xD923, 0xD923, 0xD923, 0xD923, 0xD923, 0xD923, 0xD923, 0xD923, 0xD923, 0xD923,
  0xD923, 0xD923, 0xD923, 0xD923, 0xD923, 0xD923, 0xD923, 0xD923, 0xD923, 0xD923, 0xD923, 0xD923,
  0xD923, 0xD923, 0xD923, 0xD923, 0xD923, 0xD923, 0xD923, 0xD923, 0xD923, 0xD923, 0xD923, 0xD923,
  0xD923, 0xD923, 0xD923, 0xD923, 0xD923, 0xD923, 0xD923, 0xD923, 0xD923, 0xD923, 0xD923, 0xD923,
  0xD923, 0xD923, 0xD923, 0xD923, 0xD923, 0xD923, 0xD923, 0xD923, 0xD923, 0xD923, 0xD923, 0xD923,
  0xD923, 0xD923, 0xD923, 0xD923, 0xD923, 0xD923, 0xD923, 0xD923, 0xD923, 0xD923, 0xD923, 0xD923,
  0xD923, 0xD923, 0xD923, 0xD923, 0xD923, 0xD923, 0xD923, 0xD924, 0xD924, 0xD923, 0xD923, 0xD943,
  0xD0E3, 0xD182, 0xED62, 0xFFE1, 0xFFE0, 0xFFC0, 0xFFE0, 0xFFE0, 0xFFE0, 0xFFE0, 0xFFE0, 0xFFE0,
  0xFFE0, 0xFFE0, 0xFFE0, 0xFFE0, 0xFFE0, 0xFFE0, 0xFFE0, 0xFFE0, 0xFFE0, 0xFFE0, 0xFFE0, 0xFFE0,
  0xFFE0, 0xFFE0, 0xFFE0, 0xFFE0, 0xFFE0, 0xFFE0, 0xFFE0, 0xFFE0, 0xFFE0, 0xFFC0, 0xFFE0, 0xFFE1,
  0xF622, 0xD242, 0xD8A3, 0xD923, 0xD123, 0xD124, 0xD923, 0xD923, 0xD923, 0xD923, 0xD923, 0xD923,
  0xD923, 0xD923, 0xD923, 0xD923, 0xD923, 0xD923, 0xD923, 0xD923, 0xD923, 0xD923, 0xD923, 0xD923,
  0xD923, 0xD923, 0xD923, 0xD923, 0xD923, 0xD923, 0xD923, 0xD923, 0xD923, 0xD923, 0xD923, 0xD923,
  0xD923, 0xD923, 0xD923, 0xD923, 0xD923, 0xD923, 0xD923, 0xD923, 0xD923, 0xD923, 0xD923, 0xD923,
  0xD923, 0xD923, 0xD923, 0xD923, 0xD923, 0xD923, 0xD923, 0xD923, 0xD923, 0xD923, 0xD923, 0xD923,
  0xD923, 0xD923, 0xD923, 0xD923, 0xD923, 0xD923, 0xD923, 0xD923, 0xD923, 0xD923, 0xD923, 0xD923,
  0xD923, 0xD923, 0xD923, 0xD923, 0xD923, 0xD923, 0xD923, 0xD923, 0xD923, 0xD923, 0xD923, 0xD923,
  0xD923, 0xD923, 0xD923, 0xD923, 0xD923, 0xD923, 0xD923, 0xD923, 0xD923, 0xD923, 0xD923, 0xD923,
  0xD923, 0xD923, 0xD923, 0xD923, 0xD923, 0xD923, 0xD923, 0xD923, 0xD923, 0xD923, 0xD923, 0xD923,
  0xD923, 0xD923, 0xD923, 0xD923, 0xD923, 0xD923, 0xD923, 0xD923, 0xD923, 0xD923, 0xD923, 0xD923,
  0xD923, 0xD923, 0xD923, 0xD923, 0xD923, 0xD923, 0xD923, 0xD923, 0xD923, 0xD923, 0xD923, 0xD923,
  0xD923, 0xD923, 0xD923, 0xD923, 0xD923, 0xD923, 0xD923, 0xD923, 0xD923, 0xD923, 0xD923, 0xD923,
  0xD923, 0xD923, 0xD923, 0xD923, 0xD923, 0xD923, 0xD923, 0xD923, 0xD923, 0xD923, 0xD923, 0xD923,
  0xD923, 0xD923, 0xD923, 0xD923, 0xD923, 0xD923, 0xD923, 0xD923, 0xD923, 0xD923, 0xD923, 0xD923,
  0xD923, 0xD923, 0xD923, 0xD923, 0xD923, 0xD923, 0xD923, 0xD923, 0xD923, 0xD923, 0xD923, 0xD923,
  0xD923, 0xD923, 0xD923, 0xD923, 0xD923, 0xD923, 0xD923, 0xD923, 0xD923, 0xD923, 0xD923, 0xD923,
  0xD923, 0xD923, 0xD923, 0xD923, 0xD923, 0xD923, 0xD923, 0xD923, 0xD923, 0xD923, 0xD923, 0xD923,
  0xD943, 0xD123, 0xD0E2, 0xE383, 0xFF82, 0xFFE0, 0xFFE0, 0xFFC0, 0xFFE0, 0xFFE0, 0xFFE0, 0xFFE0,
  0xFFE0, 0xFFE0, 0xFFE0, 0xFFE0, 0xFFE0, 0xFFE0, 0xFFE0, 0xFFE0, 0xFFE0, 0xFFE0, 0xFFE0, 0xFFE0,
  0xFFE0, 0xFFE0, 0xFFE0, 0xFFE0, 0xFFE0, 0xFFE0, 0xFFE0, 0xFFC0, 0xFFE0, 0xFFE0, 0xFFE1, 0xE4A2,
  0xC942, 0xE0C3, 0xE142, 0xD923, 0xD923, 0xD923, 0xD923, 0xD923, 0xD923, 0xD923, 0xD923, 0xD923,
  0xD923, 0xD923, 0xD923, 0xD923, 0xD923, 0xD923, 0xD923, 0xD923, 0xD923, 0xD923, 0xD923, 0xD923,
  0xD923, 0xD923, 0xD923, 0xD923, 0xD923, 0xD923, 0xD923, 0xD923, 0xD923, 0xD923, 0xD923, 0xD923,
  0xD923, 0xD923, 0xD923, 0xD923, 0xD923, 0xD923, 0xD923, 0xD923, 0xD923, 0xD923, 0xD923, 0xD923,
  0xD923, 0xD923, 0xD923, 0xD923, 0xD923, 0xD923, 0xD923, 0xD923, 0xD923, 0xD923, 0xD923, 0xD923,
  0xD923, 0xD923, 0xD923, 0xD923, 0xD923, 0xD923, 0xD923, 0xD923, 0xD923, 0xD923, 0xD923, 0xD923,
  0xD923, 0xD923, 0xD923, 0xD923, 0xD923, 0xD923, 0xD923, 0xD923, 0xD923, 0xD923, 0xD923, 0xD923,
  0xD923, 0xD923, 0xD923, 0xD923, 0xD923, 0xD923, 0xD923, 0xD923, 0xD923, 0xD923, 0xD923, 0xD923,
  0xD923, 0xD923, 0xD923, 0xD923, 0xD923, 0xD923, 0xD923, 0xD923, 0xD923, 0xD923, 0xD923, 0xD923,
  0xD923, 0xD923, 0xD923, 0xD923, 0xD923, 0xD923, 0xD923, 0xD923, 0xD923, 0xD923, 0xD923, 0xD923,
  0xD923, 0xD923, 0xD923, 0xD923, 0xD923, 0xD923, 0xD923, 0xD923, 0xD923, 0xD923, 0xD923, 0xD923,
  0xD923, 0xD923, 0xD923, 0xD923, 0xD923, 0xD923, 0xD923, 0xD923, 0xD923, 0xD923, 0xD923, 0xD923,
  0xD923, 0xD923, 0xD923, 0xD923, 0xD923, 0xD923, 0xD923, 0xD923, 0xD923, 0xD923, 0xD923, 0xD923,
  0xD923, 0xD923, 0xD923, 0xD923, 0xD923, 0xD923, 0xD923, 0xD923, 0xD923, 0xD923, 0xD923, 0xD923,
  0xD923, 0xD923, 0xD923, 0xD923, 0xD923, 0xD923, 0xD923, 0xD923, 0xD923, 0xD923, 0xD923, 0xD923,
  0xD923, 0xD923, 0xD923, 0xD923, 0xD923, 0xD923, 0xD923, 0xD923, 0xD923, 0xD923, 0xD923, 0xD923,
  0xD923, 0xD923, 0xD923, 0xD923, 0xD923, 0xD923, 0xD923, 0xD923, 0xD923, 0xD923, 0xD923, 0xD923,
  0xD923, 0xD923, 0xD924, 0xD0C2, 0xD261, 0xF643, 0xFFE1, 0xFFC0, 0xFFE0, 0xFFE0, 0xFFE0, 0xFFE0,
  0xFFE0, 0xFFE0, 0xFFE0, 0xFFE0, 0xFFE0, 0xFFE0, 0xFFE0, 0xFFE0, 0xFFE0, 0xFFE0, 0xFFE0, 0xFFE0,
  0xFFE0, 0xFFE0, 0xFFE0, 0xFFE0, 0xFFE0, 0xFFE0, 0xFFE0, 0xFFE0, 0xFFE0, 0xF721, 0xDB02, 0xD0C3,
  0xE103, 0xD943, 0xD144, 0xD923, 0xD923, 0xD923, 0xD923, 0xD923, 0xD923, 0xD923, 0xD923, 0xD923,
  0xD923, 0xD923, 0xD923, 0xD923, 0xD923, 0xD923, 0xD923, 0xD923, 0xD923, 0xD923, 0xD923, 0xD923,
  0xD923, 0xD923, 0xD923, 0xD923, 0xD923, 0xD923, 0xD923, 0xD923, 0xD923, 0xD923, 0xD923, 0xD923,
  0xD923, 0xD923, 0xD923, 0xD923, 0xD923, 0xD923, 0xD923, 0xD923, 0xD923, 0xD923, 0xD923, 0xD923,
  0xD923, 0xD923, 0xD923, 0xD923, 0xD923, 0xD923, 0xD923, 0xD923, 0xD923, 0xD923, 0xD923, 0xD923,
  0xD923, 0xD923, 0xD923, 0xD923, 0xD923, 0xD923, 0xD923, 0xD923, 0xD923, 0xD923, 0xD923, 0xD923,
  0xD923, 0xD923, 0xD923, 0xD923, 0xD923, 0xD923, 0xD923, 0xD923, 0xD923, 0xD923, 0xD923, 0xD923,
  0xD923, 0xD923, 0xD923, 0xD923, 0xD923, 0xD923, 0xD923, 0xD923, 0xD923, 0xD923, 0xD923, 0xD923,
  0xD923, 0xD923, 0xD923, 0xD923, 0xD923, 0xD923, 0xD923, 0xD923, 0xD923, 0xD923, 0xD923, 0xD923,
  0xD923, 0xD923, 0xD923, 0xD923, 0xD923, 0xD923, 0xD923, 0xD923, 0xD923, 0xD923, 0xD923, 0xD923,
  0xD923, 0xD923, 0xD923, 0xD923, 0xD923, 0xD923, 0xD923, 0xD923, 0xD923, 0xD923, 0xD923, 0xD923,
  0xD923, 0xD923, 0xD923, 0xD923, 0xD923, 0xD923, 0xD923, 0xD923, 0xD923, 0xD923, 0xD923, 0xD923,
  0xD923, 0xD923, 0xD923, 0xD923, 0xD923, 0xD923, 0xD923, 0xD923, 0xD923, 0xD923, 0xD923, 0xD923,
  0xD923, 0xD923, 0xD923, 0xD923, 0xD923, 0xD923, 0xD923, 0xD923, 0xD923, 0xD923, 0xD923, 0xD923,
  0xD923, 0xD923, 0xD923, 0xD923, 0xD923, 0xD923, 0xD923, 0xD923, 0xD923, 0xD923, 0xD923, 0xD923,
  0xD923, 0xD923, 0xD923, 0xD923, 0xD923, 0xD923, 0xD923, 0xD923, 0xD923, 0xD923, 0xD923, 0xD923,
  0xD923, 0xD923, 0xD923, 0xD923, 0xD923, 0xD923, 0xD923, 0xD923, 0xD923, 0xD923, 0xD923, 0xD923,
  0xD923, 0xD923, 0xD924, 0xD144, 0xD8E3, 0xD122, 0xEE02, 0xFFE0, 0xFFC0, 0xFFE0, 0xFFE0, 0xFFE0,
  0xFFE0, 0xFFE0, 0xFFE0, 0xFFE0, 0xFFE0, 0xFFE0, 0xFFE0, 0xFFE0, 0xFFE0, 0xFFE0, 0xFFE0, 0xFFE0,
  0xFFE0, 0xFFE0, 0xFFE0, 0xFFE0, 0xFFE0, 0xFFE0, 0xFFE0, 0xFFE0, 0xF6C2, 0xD201, 0xD8C3, 0xE123,
  0xD923, 0xD923, 0xD923, 0xD923, 0xD923, 0xD923, 0xD923, 0xD923, 0xD923, 0xD923, 0xD923, 0xD923,
  0xD923, 0xD923, 0xD923, 0xD923, 0xD923, 0xD923, 0xD923, 0xD923, 0xD923, 0xD923, 0xD923, 0xD923,
  0xD923, 0xD923, 0xD923, 0xD923, 0xD923, 0xD923, 0xD923, 0xD923, 0xD923, 0xD923, 0xD923, 0xD923,
  0xD923, 0xD923, 0xD923, 0xD923, 0xD923, 0xD923, 0xD923, 0xD923, 0xD923, 0xD923, 0xD923, 0xD923,
  0xD923, 0xD923, 0xD923, 0xD923, 0xD923, 0xD923, 0xD923, 0xD923, 0xD923, 0xD923, 0xD923, 0xD923,
  0xD923, 0xD923, 0xD923, 0xD923, 0xD923, 0xD923, 0xD923, 0xD923, 0xD923, 0xD923, 0xD923, 0xD923,
  0xD923, 0xD923, 0xD923, 0xD923, 0xD923, 0xD923, 0xD923, 0xD923, 0xD923, 0xD923, 0xD923, 0xD923,
  0xD923, 0xD923, 0xD923, 0xD923, 0xD923, 0xD923, 0xD923, 0xD923, 0xD923, 0xD923, 0xD923, 0xD923,
  0xD923, 0xD923, 0xD923, 0xD923, 0xD923, 0xD923, 0xD923, 0xD923, 0xD923, 0xD923, 0xD923, 0xD923,
  0xD923, 0xD923, 0xD923, 0xD923, 0xD923, 0xD923, 0xD923, 0xD923, 0xD923, 0xD923, 0xD923, 0xD923,
  0xD923, 0xD923, 0xD923, 0xD923, 0xD923, 0xD923, 0xD923, 0xD923, 0xD923, 0xD923, 0xD923, 0xD923,
  0xD923, 0xD923, 0xD923, 0xD923, 0xD923, 0xD923, 0xD923, 0xD923, 0xD923, 0xD923, 0xD923, 0xD923,
  0xD923, 0xD923, 0xD923, 0xD923, 0xD923, 0xD923, 0xD923, 0xD923, 0xD923, 0xD923, 0xD923, 0xD923,
  0xD923, 0xD923, 0xD923, 0xD923, 0xD923, 0xD923, 0xD923, 0xD923, 0xD923, 0xD923, 0xD923, 0xD923,
  0xD923, 0xD923, 0xD923, 0xD923, 0xD923, 0xD923, 0xD923, 0xD923, 0xD923, 0xD923, 0xD923, 0xD923,
  0xD923, 0xD923, 0xD923, 0xD923, 0xD923, 0xD923, 0xD923, 0xD923, 0xD923, 0xD923, 0xD923, 0xD923,
  0xD923, 0xD923, 0xD923, 0xD923, 0xD923, 0xD923, 0xD923, 0xD923, 0xD923, 0xD923, 0xD923, 0xD923,
  0xD923, 0xD923, 0xD923, 0xD924, 0xD924, 0xD103, 0xEE21, 0xFFE0, 0xFFC0, 0xFFE0, 0xFFE0, 0xFFE0,
  0xFFE0, 0xFFE0, 0xFFE0, 0xFFE0, 0xFFE0, 0xFFE0, 0xFFE0, 0xFFE0, 0xFFE0, 0xFFE0, 0xFFE0, 0xFFE0,
  0xFFE0, 0xFFE0, 0xFFE0, 0xFFE0, 0xFFE0, 0xFFE0, 0xFFE0, 0xFFE0, 0xF741, 0xD1A3, 0xD903, 0xD923,
  0xD924, 0xD923, 0xD923, 0xD923, 0xD923, 0xD923, 0xD923, 0xD923, 0xD923, 0xD923, 0xD923, 0xD923,
  0xD923, 0xD923, 0xD923, 0xD923, 0xD923, 0xD923, 0xD923, 0xD923, 0xD923, 0xD923, 0xD923, 0xD923,
  0xD923, 0xD923, 0xD923, 0xD923, 0xD923, 0xD923, 0xD923, 0xD923, 0xD923, 0xD923, 0xD923, 0xD923,
  0xD923, 0xD923, 0xD923, 0xD923, 0xD923, 0xD923, 0xD923, 0xD923, 0xD923, 0xD923, 0xD923, 0xD923,
  0xD923, 0xD923, 0xD923, 0xD923, 0xD923, 0xD923, 0xD923, 0xD923, 0xD923, 0xD923, 0xD923, 0xD923,
  0xD923, 0xD923, 0xD923, 0xD923, 0xD923, 0xD923, 0xD923, 0xD923, 0xD923, 0xD923, 0xD923, 0xD923,
  0xD923, 0xD923, 0xD923, 0xD923, 0xD923, 0xD923, 0xD923, 0xD923, 0xD923, 0xD923, 0xD923, 0xD923,
  0xD923, 0xD923, 0xD923, 0xD923, 0xD923, 0xD923, 0xD923, 0xD923, 0xD923, 0xD923, 0xD923, 0xD923,
  0xD923, 0xD923, 0xD923, 0xD923, 0xD923, 0xD923, 0xD923, 0xD923, 0xD923, 0xD923, 0xD923, 0xD923,
  0xD923, 0xD923, 0xD923, 0xD923, 0xD923, 0xD923, 0xD923, 0xD923, 0xD923, 0xD923, 0xD923, 0xD923,
  0xD923, 0xD923, 0xD923, 0xD923, 0xD923, 0xD923, 0xD923, 0xD923, 0xD923, 0xD923, 0xD923, 0xD923,
  0xD923, 0xD923, 0xD923, 0xD923, 0xD923, 0xD923, 0xD923, 0xD923, 0xD923, 0xD923, 0xD923, 0xD923,
  0xD923, 0xD923, 0xD923, 0xD923, 0xD923, 0xD923, 0xD923, 0xD923, 0xD923, 0xD923, 0xD923, 0xD923,
  0xD923, 0xD923, 0xD923, 0xD923, 0xD923, 0xD923, 0xD923, 0xD923, 0xD923, 0xD923, 0xD923, 0xD923,
  0xD923, 0xD923, 0xD923, 0xD923, 0xD923, 0xD923, 0xD923, 0xD923, 0xD923, 0xD923, 0xD923, 0xD923,
  0xD923, 0xD923, 0xD923, 0xD923, 0xD923, 0xD923, 0xD923, 0xD923, 0xD923, 0xD923, 0xD923, 0xD923,
  0xD923, 0xD923, 0xD923, 0xD923, 0xD923, 0xD923, 0xD923, 0xD923, 0xD923, 0xD923, 0xD923, 0xD923,
  0xD923, 0xD923, 0xD923, 0xD943, 0xD8E3, 0xD262, 0xFFA2, 0xFFE0, 0xFFE0, 0xFFE0, 0xFFE0, 0xFFE0,
  0xFFE0, 0xFFE0, 0xFFE0, 0xFFE0, 0xFFE0, 0xFFE0, 0xFFE0, 0xFFE0, 0xFFE0, 0xFFE0, 0xFFE0, 0xFFE0,
  0xFFE0, 0xFFE0, 0xFFE0, 0xFFE0, 0xFFE0, 0xFFE0, 0xFFE0, 0xFFE0, 0xFFE1, 0xDBA2, 0xD8A3, 0xD924,
  0xD923, 0xD923, 0xD923, 0xD923, 0xD923, 0xD923, 0xD923, 0xD923, 0xD923, 0xD923, 0xD923, 0xD923,
  0xD923, 0xD923, 0xD923, 0xD923, 0xD923, 0xD923, 0xD923, 0xD923, 0xD923, 0xD923, 0xD923, 0xD923,
  0xD923, 0xD923, 0xD923, 0xD923, 0xD923, 0xD923, 0xD923, 0xD923, 0xD923, 0xD923, 0xD923, 0xD923,
  0xD923, 0xD923, 0xD923, 0xD923, 0xD923, 0xD923, 0xD923, 0xD923, 0xD923, 0xD923, 0xD923, 0xD923,
  0xD923, 0xD923, 0xD923, 0xD923, 0xD923, 0xD923, 0xD923, 0xD923, 0xD923, 0xD923, 0xD923, 0xD923,
  0xD923, 0xD923, 0xD923, 0xD923, 0xD923, 0xD923, 0xD923, 0xD923, 0xD923, 0xD923, 0xD923, 0xD923,
  0xD923, 0xD923, 0xD923, 0xD923, 0xD923, 0xD923, 0xD923, 0xD923, 0xD923, 0xD923, 0xD923, 0xD923,
  0xD923, 0xD923, 0xD923, 0xD923, 0xD923, 0xD923, 0xD923, 0xD923, 0xD923, 0xD923, 0xD923, 0xD923,
  0xD923, 0xD923, 0xD923, 0xD923, 0xD923, 0xD923, 0xD923, 0xD923, 0xD923, 0xD923, 0xD923, 0xD923,
  0xD923, 0xD923, 0xD923, 0xD923, 0xD923, 0xD923, 0xD923, 0xD923, 0xD923, 0xD923, 0xD923, 0xD923,
  0xD923, 0xD923, 0xD923, 0xD923, 0xD923, 0xD923, 0xD923, 0xD923, 0xD923, 0xD923, 0xD923, 0xD923,
  0xD923, 0xD923, 0xD923, 0xD923, 0xD923, 0xD923, 0xD923, 0xD923, 0xD923, 0xD923, 0xD923, 0xD923,
  0xD923, 0xD923, 0xD923, 0xD923, 0xD923, 0xD923, 0xD923, 0xD923, 0xD923, 0xD923, 0xD923, 0xD923,
  0xD923, 0xD923, 0xD923, 0xD923, 0xD923, 0xD923, 0xD923, 0xD923, 0xD923, 0xD923, 0xD923, 0xD923,
  0xD923, 0xD923, 0xD923, 0xD923, 0xD923, 0xD923, 0xD923, 0xD923, 0xD923, 0xD923, 0xD923, 0xD923,
  0xD923, 0xD923, 0xD923, 0xD923, 0xD923, 0xD923, 0xD923, 0xD923, 0xD923, 0xD923, 0xD923, 0xD923,
  0xD923, 0xD923, 0xD923, 0xD923, 0xD923, 0xD923, 0xD923, 0xD923, 0xD923, 0xD923, 0xD923, 0xD923,
  0xD923, 0xD923, 0xD923, 0xD943, 0xD0C3, 0xE441, 0xFFE1, 0xFFC1, 0xFFE0, 0xFFE0, 0xFFE0, 0xFFE0,
  0xFFE0, 0xFFE0, 0xFFE0, 0xFFE0, 0xFFE0, 0xFFE0, 0xFFE0, 0xFFE0, 0xFFE0, 0xFFE0, 0xFFE0, 0xFFE0,
  0xFFE0, 0xFFE0, 0xFFE0, 0xFFE0, 0xFFE0, 0xFFE0, 0xFFE0, 0xFFE0, 0xFFE0, 0xEDA2, 0xD0E3, 0xD924,
  0xD923, 0xD923, 0xD923, 0xD923, 0xD923, 0xD923, 0xD923, 0xD923, 0xD923, 0xD923, 0xD923, 0xD923,
  0xD923, 0xD923, 0xD923, 0xD923, 0xD923, 0xD923, 0xD923, 0xD923, 0xD923, 0xD923, 0xD923, 0xD923,
  0xD923, 0xD923, 0xD923, 0xD923, 0xD923, 0xD923, 0xD923, 0xD923, 0xD923, 0xD923, 0xD923, 0xD923,
  0xD923, 0xD923, 0xD923, 0xD923, 0xD923, 0xD923, 0xD923, 0xD923, 0xD923, 0xD923, 0xD923, 0xD923,
  0xD923, 0xD923, 0xD923, 0xD923, 0xD923, 0xD923, 0xD923, 0xD923, 0xD923, 0xD923, 0xD923, 0xD923,
  0xD923, 0xD923, 0xD923, 0xD923, 0xD923, 0xD923, 0xD923, 0xD923, 0xD923, 0xD923, 0xD923, 0xD923,
  0xD923, 0xD923, 0xD923, 0xD923, 0xD923, 0xD923, 0xD923, 0xD923, 0xD923, 0xD923, 0xD923, 0xD923,
  0xD923, 0xD923, 0xD923, 0xD923, 0xD923, 0xD923, 0xD923, 0xD923, 0xD923, 0xD923, 0xD923, 0xD923,
  0xD923, 0xD923, 0xD923, 0xD923, 0xD923, 0xD923, 0xD923, 0xD923, 0xD923, 0xD923, 0xD923, 0xD923,
  0xD923, 0xD923, 0xD923, 0xD923, 0xD923, 0xD923, 0xD923, 0xD923, 0xD923, 0xD923, 0xD923, 0xD923,
  0xD923, 0xD923, 0xD923, 0xD923, 0xD923, 0xD923, 0xD923, 0xD923, 0xD923, 0xD923, 0xD923, 0xD923,
  0xD923, 0xD923, 0xD923, 0xD923, 0xD923, 0xD923, 0xD923, 0xD923, 0xD923, 0xD923, 0xD923, 0xD923,
  0xD923, 0xD923, 0xD923, 0xD923, 0xD923, 0xD923, 0xD923, 0xD923, 0xD923, 0xD923, 0xD923, 0xD923,
  0xD923, 0xD923, 0xD923, 0xD923, 0xD923, 0xD923, 0xD923, 0xD923, 0xD923, 0xD923, 0xD923, 0xD923,
  0xD923, 0xD923, 0xD923, 0xD923, 0xD923, 0xD923, 0xD923, 0xD923, 0xD923, 0xD923, 0xD923, 0xD923,
  0xD923, 0xD923, 0xD923, 0xD923, 0xD923, 0xD923, 0xD923, 0xD923, 0xD923, 0xD923, 0xD923, 0xD923,
  0xD923, 0xD923, 0xD923, 0xD923, 0xD923, 0xD923, 0xD923, 0xD923, 0xD923, 0xD923, 0xD923, 0xD923,
  0xD923, 0xD923, 0xD923, 0xD923, 0xD903, 0xF642, 0xFFE0, 0xFFC0, 0xFFE0, 0xFFE0, 0xFFE0, 0xFFE0,
  0xFFE0, 0xFFE0, 0xFFE0, 0xFFE0, 0xFFE0, 0xFFE0, 0xFFE0, 0xFFE0, 0xFFE0, 0xFFE0, 0xFFE0, 0xFFE0,
  0xFFE0, 0xFFE0, 0xFFE0, 0xFFE0, 0xFFE0, 0xFFE0, 0xFFE0, 0xFFC0, 0xFFE0, 0xF761, 0xD1C2, 0xD903,
  0xD923, 0xD923, 0xD923, 0xD923, 0xD923, 0xD923, 0xD923, 0xD923, 0xD923, 0xD923, 0xD923, 0xD923,
  0xD923, 0xD923, 0xD923, 0xD923, 0xD923, 0xD923, 0xD923, 0xD923, 0xD923, 0xD923, 0xD923, 0xD923,
  0xD923, 0xD923, 0xD923, 0xD923, 0xD923, 0xD923, 0xD923, 0xD923, 0xD923, 0xD923, 0xD923, 0xD923,
  0xD923, 0xD923, 0xD923, 0xD923, 0xD923, 0xD923, 0xD923, 0xD923, 0xD923, 0xD923, 0xD923, 0xD923,
  0xD923, 0xD923, 0xD923, 0xD923, 0xD923, 0xD923, 0xD923, 0xD923, 0xD923, 0xD923, 0xD923, 0xD923,
  0xD923, 0xD923, 0xD923, 0xD923, 0xD923, 0xD923, 0xD923, 0xD923, 0xD923, 0xD923, 0xD923, 0xD923,
  0xD923, 0xD923, 0xD923, 0xD923, 0xD923, 0xD923, 0xD923, 0xD923, 0xD923, 0xD923, 0xD923, 0xD923,
  0xD923, 0xD923, 0xD923, 0xD923, 0xD923, 0xD923, 0xD923, 0xD923, 0xD923, 0xD923, 0xD923, 0xD923,
  0xD923, 0xD923, 0xD923, 0xD923, 0xD923, 0xD923, 0xD923, 0xD923, 0xD923, 0xD923, 0xD923, 0xD923,
  0xD923, 0xD923, 0xD923, 0xD923, 0xD923, 0xD923, 0xD923, 0xD923, 0xD923, 0xD923, 0xD923, 0xD923,
  0xD923, 0xD923, 0xD923, 0xD923, 0xD923, 0xD923, 0xD923, 0xD923, 0xD923, 0xD923, 0xD923, 0xD923,
  0xD923, 0xD923, 0xD923, 0xD923, 0xD923, 0xD923, 0xD923, 0xD923, 0xD923, 0xD923, 0xD923, 0xD923,
  0xD923, 0xD923, 0xD923, 0xD923, 0xD923, 0xD923, 0xD923, 0xD923, 0xD923, 0xD923, 0xD923, 0xD923,
  0xD923, 0xD923, 0xD923, 0xD923, 0xD923, 0xD923, 0xD923, 0xD923, 0xD923, 0xD923, 0xD923, 0xD923,
  0xD923, 0xD923, 0xD923, 0xD923, 0xD923, 0xD923, 0xD923, 0xD923, 0xD923, 0xD923, 0xD923, 0xD923,
  0xD923, 0xD923, 0xD923, 0xD923, 0xD923, 0xD923, 0xD923, 0xD923, 0xD923, 0xD923, 0xD923, 0xD923,
  0xD923, 0xD923, 0xD923, 0xD923, 0xD923, 0xD923, 0xD923, 0xD923, 0xD923, 0xD923, 0xD923, 0xD923,
  0xD923, 0xD924, 0xD922, 0xD8E3, 0xDA23, 0xFFC1, 0xFFE0, 0xFFE0, 0xFFE0, 0xFFE0, 0xFFE0, 0xFFE0,
  0xFFE0, 0xFFE0, 0xFFE0, 0xFFE0, 0xFFE0, 0xFFE0, 0xFFE0, 0xFFE0, 0xFFE0, 0xFFE0, 0xFFE0, 0xFFE0,
  0xFFE0, 0xFFE0, 0xFFE0, 0xFFE0, 0xFFE0, 0xFFE0, 0xFFE0, 0xFFE0, 0xFFE0, 0xFFE1, 0xE362, 0xD8C3,
  0xD943, 0xD923, 0xD923, 0xD923, 0xD923, 0xD923, 0xD923, 0xD923, 0xD923, 0xD923, 0xD923, 0xD923,
  0xD923, 0xD923, 0xD923, 0xD923, 0xD923, 0xD923, 0xD923, 0xD923, 0xD923, 0xD923, 0xD923, 0xD923,
  0xD923, 0xD923, 0xD923, 0xD923, 0xD923, 0xD923, 0xD923, 0xD923, 0xD923, 0xD923, 0xD923, 0xD923,
  0xD923, 0xD923, 0xD923, 0xD923, 0xD923, 0xD923, 0xD923, 0xD923, 0xD923, 0xD923, 0xD923, 0xD923,
  0xD923, 0xD923, 0xD923, 0xD923, 0xD923, 0xD923, 0xD923, 0xD923, 0xD923, 0xD923, 0xD923, 0xD923,
  0xD923, 0xD923, 0xD923, 0xD923, 0xD923, 0xD923, 0xD923, 0xD923, 0xD923, 0xD923, 0xD923, 0xD923,
  0xD923, 0xD923, 0xD923, 0xD923, 0xD923, 0xD923, 0xD923, 0xD923, 0xD923, 0xD923, 0xD923, 0xD923,
  0xD923, 0xD923, 0xD923, 0xD923, 0xD923, 0xD923, 0xD923, 0xD923, 0xD923, 0xD923, 0xD923, 0xD923,
  0xD923, 0xD923, 0xD923, 0xD923, 0xD923, 0xD923, 0xD923, 0xD923, 0xD923, 0xD923, 0xD923, 0xD923,
  0xD923, 0xD923, 0xD923, 0xD923, 0xD923, 0xD923, 0xD923, 0xD923, 0xD923, 0xD923, 0xD923, 0xD923,
  0xD923, 0xD923, 0xD923, 0xD923, 0xD923, 0xD923, 0xD923, 0xD923, 0xD923, 0xD923, 0xD923, 0xD923,
  0xD923, 0xD923, 0xD923, 0xD923, 0xD923, 0xD923, 0xD923, 0xD923, 0xD923, 0xD923, 0xD923, 0xD923,
  0xD923, 0xD923, 0xD923, 0xD923, 0xD923, 0xD923, 0xD923, 0xD923, 0xD923, 0xD923, 0xD923, 0xD923,
  0xD923, 0xD923, 0xD923, 0xD923, 0xD923, 0xD923, 0xD923, 0xD923, 0xD923, 0xD923, 0xD923, 0xD923,
  0xD923, 0xD923, 0xD923, 0xD923, 0xD923, 0xD923, 0xD923, 0xD923, 0xD923, 0xD923, 0xD923, 0xD923,
  0xD923, 0xD923, 0xD923, 0xD923, 0xD923, 0xD923, 0xD923, 0xD923, 0xD923, 0xD923, 0xD923, 0xD923,
  0xD923, 0xD923, 0xD923, 0xD923, 0xD923, 0xD923, 0xD923, 0xD923, 0xD923, 0xD923, 0xD923, 0xD923,
  0xD923, 0xD922, 0xD943, 0xD0A4, 0xE421, 0xFFE1, 0xFFE0, 0xFFE0, 0xFFE0, 0xFFE0, 0xFFE0, 0xFFE0,
  0xFFE0, 0xFFE0, 0xFFE0, 0xFFE0, 0xFFE0, 0xFFE0, 0xFFE0, 0xFFE0, 0xFFE0, 0xFFE0, 0xFFE0, 0xFFE0,
  0xFFE0, 0xFFE0, 0xFFE0, 0xFFE0, 0xFFE0, 0xFFE0, 0xFFE0, 0xFFE1, 0xFFC0, 0xFFE1, 0xED61, 0xD0E2,
  0xD923, 0xD923, 0xD923, 0xD923, 0xD923, 0xD923, 0xD923, 0xD923, 0xD923, 0xD923, 0xD923, 0xD923,
  0xD923, 0xD923, 0xD923, 0xD923, 0xD923, 0xD923, 0xD923, 0xD923, 0xD923, 0xD923, 0xD923, 0xD923,
  0xD923, 0xD923, 0xD923, 0xD923, 0xD923, 0xD923, 0xD923, 0xD923, 0xD923, 0xD923, 0xD923, 0xD923,
  0xD923, 0xD923, 0xD923, 0xD923, 0xD923, 0xD923, 0xD923, 0xD923, 0xD923, 0xD923, 0xD923, 0xD923,
  0xD923, 0xD923, 0xD923, 0xD923, 0xD923, 0xD923, 0xD923, 0xD923, 0xD923, 0xD923, 0xD923, 0xD923,
  0xD923, 0xD923, 0xD923, 0xD923, 0xD923, 0xD923, 0xD923, 0xD923, 0xD923, 0xD923, 0xD923, 0xD923,
  0xD923, 0xD923, 0xD923, 0xD923, 0xD923, 0xD923, 0xD923, 0xD923, 0xD923, 0xD923, 0xD923, 0xD923,
  0xD923, 0xD923, 0xD923, 0xD923, 0xD923, 0xD923, 0xD923, 0xD923, 0xD923, 0xD923, 0xD923, 0xD923,
  0xD923, 0xD923, 0xD923, 0xD923, 0xD923, 0xD923, 0xD923, 0xD923, 0xD923, 0xD923, 0xD923, 0xD923,
  0xD923, 0xD923, 0xD923, 0xD923, 0xD923, 0xD923, 0xD923, 0xD923, 0xD923, 0xD923, 0xD923, 0xD923,
  0xD923, 0xD923, 0xD923, 0xD923, 0xD923, 0xD923, 0xD923, 0xD923, 0xD923, 0xD923, 0xD923, 0xD923,
  0xD923, 0xD923, 0xD923, 0xD923, 0xD923, 0xD923, 0xD923, 0xD923, 0xD923, 0xD923, 0xD923, 0xD923,
  0xD923, 0xD923, 0xD923, 0xD923, 0xD923, 0xD923, 0xD923, 0xD923, 0xD923, 0xD923, 0xD923, 0xD923,
  0xD923, 0xD923, 0xD923, 0xD923, 0xD923, 0xD923, 0xD923, 0xD923, 0xD923, 0xD923, 0xD923, 0xD923,
  0xD923, 0xD923, 0xD923, 0xD923, 0xD923, 0xD923, 0xD923, 0xD923, 0xD923, 0xD923, 0xD923, 0xD923,
  0xD923, 0xD923, 0xD923, 0xD923, 0xD923, 0xD923, 0xD923, 0xD923, 0xD923, 0xD923, 0xD923, 0xD923,
  0xD923, 0xD923, 0xD923, 0xD923, 0xD923, 0xD923, 0xD923, 0xD923, 0xD923, 0xD923, 0xD923, 0xD923,
  0xD923, 0xD923, 0xD144, 0xD0E3, 0xEE21, 0xFFE0, 0xFFE0, 0xFFE0, 0xFFE0, 0xFFE0, 0xFFE0, 0xFFE0,
  0xFFE0, 0xFFE0, 0xFFE0, 0xFFE0, 0xFFE0, 0xFFE0, 0xFFE0, 0xFFE0, 0xFFE0, 0xFFE0, 0xFFE0, 0xFFE0,
  0xFFE0, 0xFFE0, 0xFFE0, 0xFFE0, 0xFFE0, 0xFFE0, 0xFFE0, 0xFFE0, 0xFFC0, 0xFFE0, 0xF741, 0xD1C2,
  0xD903, 0xD923, 0xD923, 0xD923, 0xD923, 0xD923, 0xD923, 0xD923, 0xD923, 0xD923, 0xD923, 0xD923,
  0xD923, 0xD923, 0xD923, 0xD923, 0xD923, 0xD923, 0xD923, 0xD923, 0xD923, 0xD923, 0xD923, 0xD923,
  0xD923, 0xD923, 0xD923, 0xD923, 0xD923, 0xD923, 0xD923, 0xD923, 0xD923, 0xD923, 0xD923, 0xD923,
  0xD923, 0xD923, 0xD923, 0xD923, 0xD923, 0xD923, 0xD923, 0xD923, 0xD923, 0xD923, 0xD923, 0xD923,
  0xD923, 0xD923, 0xD923, 0xD923, 0xD923, 0xD923, 0xD923, 0xD923, 0xD923, 0xD923, 0xD923, 0xD923,
  0xD923, 0xD923, 0xD923, 0xD923, 0xD923, 0xD923, 0xD923, 0xD923, 0xD923, 0xD923, 0xD923, 0xD923,
  0xD923, 0xD923, 0xD923, 0xD923, 0xD923, 0xD923, 0xD923, 0xD923, 0xD923, 0xD923, 0xD923, 0xD923,
  0xD923, 0xD923, 0xD923, 0xD923, 0xD923, 0xD923, 0xD923, 0xD923, 0xD923, 0xD923, 0xD923, 0xD923,
  0xD923, 0xD923, 0xD923, 0xD923, 0xD923, 0xD923, 0xD923, 0xD923, 0xD923, 0xD923, 0xD923, 0xD923,
  0xD923, 0xD923, 0xD923, 0xD923, 0xD923, 0xD923, 0xD923, 0xD923, 0xD923, 0xD923, 0xD923, 0xD923,
  0xD923, 0xD923, 0xD923, 0xD923, 0xD923, 0xD923, 0xD923, 0xD923, 0xD923, 0xD923, 0xD923, 0xD923,
  0xD923, 0xD923, 0xD923, 0xD923, 0xD923, 0xD923, 0xD923, 0xD923, 0xD923, 0xD923, 0xD923, 0xD923,
  0xD923, 0xD923, 0xD923, 0xD923, 0xD923, 0xD923, 0xD923, 0xD923, 0xD923, 0xD923, 0xD923, 0xD923,
  0xD923, 0xD923, 0xD923, 0xD923, 0xD923, 0xD923, 0xD923, 0xD923, 0xD923, 0xD923, 0xD923, 0xD923,
  0xD923, 0xD923, 0xD923, 0xD923, 0xD923, 0xD923, 0xD923, 0xD923, 0xD923, 0xD923, 0xD923, 0xD923,
  0xD923, 0xD923, 0xD923, 0xD923, 0xD923, 0xD923, 0xD923, 0xD923, 0xD923, 0xD923, 0xD923, 0xD923,
  0xD923, 0xD923, 0xD923, 0xD923, 0xD923, 0xD923, 0xD923, 0xD923, 0xD923, 0xD923, 0xD923, 0xD923,
  0xD923, 0xD923, 0xD103, 0xDA02, 0xFF81, 0xFFE0, 0xFFE0, 0xFFE0, 0xFFE0, 0xFFE0, 0xFFE0, 0xFFE0,
  0xFFE0, 0xFFE0, 0xFFE0, 0xFFE0, 0xFFE0, 0xFFE0, 0xFFE0, 0xFFE0, 0xFFE0, 0xFFE0, 0xFFE0, 0xFFE0,
  0xFFE0, 0xFFE0, 0xFFE0, 0xFFE0, 0xFFE0, 0xFFE0, 0xFFE0, 0xFFE0, 0xFFE0, 0xFFE0, 0xFFE1, 0xDB43,
  0xD8C3, 0xD943, 0xD924, 0xD923, 0xD923, 0xD923, 0xD923, 0xD923, 0xD923, 0xD923, 0xD923, 0xD923,
  0xD923, 0xD923, 0xD923, 0xD923, 0xD923, 0xD923, 0xD923, 0xD923, 0xD923, 0xD923, 0xD923, 0xD923,
  0xD923, 0xD923, 0xD923, 0xD923, 0xD923, 0xD923, 0xD923, 0xD923, 0xD923, 0xD923, 0xD923, 0xD923,
  0xD923, 0xD923, 0xD923, 0xD923, 0xD923, 0xD923, 0xD923, 0xD923, 0xD923, 0xD923, 0xD923, 0xD923,
  0xD923, 0xD923, 0xD923, 0xD923, 0xD923, 0xD923, 0xD923, 0xD923, 0xD923, 0xD923, 0xD923, 0xD923,
  0xD923, 0xD923, 0xD923, 0xD923, 0xD923, 0xD923, 0xD923, 0xD923, 0xD923, 0xD923, 0xD923, 0xD923,
  0xD923, 0xD923, 0xD923, 0xD923, 0xD923, 0xD923, 0xD923, 0xD923, 0xD923, 0xD923, 0xD923, 0xD923,
  0xD923, 0xD923, 0xD923, 0xD923, 0xD923, 0xD923, 0xD923, 0xD923, 0xD923, 0xD923, 0xD923, 0xD923,
  0xD923, 0xD923, 0xD923, 0xD923, 0xD923, 0xD923, 0xD923, 0xD923, 0xD923, 0xD923, 0xD923, 0xD923,
  0xD923, 0xD923, 0xD923, 0xD923, 0xD923, 0xD923, 0xD923, 0xD923, 0xD923, 0xD923, 0xD923, 0xD923,
  0xD923, 0xD923, 0xD923, 0xD923, 0xD923, 0xD923, 0xD923, 0xD923, 0xD923, 0xD923, 0xD923, 0xD923,
  0xD923, 0xD923, 0xD923, 0xD923, 0xD923, 0xD923, 0xD923, 0xD923, 0xD923, 0xD923, 0xD923, 0xD923,
  0xD923, 0xD923, 0xD923, 0xD923, 0xD923, 0xD923, 0xD923, 0xD923, 0xD923, 0xD923, 0xD923, 0xD923,
  0xD923, 0xD923, 0xD923, 0xD923, 0xD923, 0xD923, 0xD923, 0xD923, 0xD923, 0xD923, 0xD923, 0xD923,
  0xD923, 0xD923, 0xD923, 0xD923, 0xD923, 0xD923, 0xD923, 0xD923, 0xD923, 0xD923, 0xD923, 0xD923,
  0xD923, 0xD923, 0xD923, 0xD923, 0xD923, 0xD923, 0xD923, 0xD923, 0xD923, 0xD923, 0xD923, 0xD923,
  0xD923, 0xD923, 0xD923, 0xD923, 0xD923, 0xD923, 0xD923, 0xD923, 0xD923, 0xD923, 0xD923, 0xD923,
  0xD923, 0xD924, 0xD0C2, 0xE3E2, 0xFFE1, 0xFFE0, 0xFFE0, 0xFFE0, 0xFFE0, 0xFFE0, 0xFFE0, 0xFFE0,
  0xFFE0, 0xFFE0, 0xFFE0, 0xFFE0, 0xFFE0, 0xFFC1, 0xFFE1, 0xFFE1, 0xFFE0, 0xFFC0, 0xFFC0, 0xFFE1,
  0xFFE0, 0xFFE0, 0xFFE0, 0xFFE0, 0xFFE0, 0xFFE0, 0xFFE0, 0xFFE0, 0xFFE0, 0xFFE0, 0xFFE0, 0xE562,
  0xD0C2, 0xD924, 0xD923, 0xD923, 0xD923, 0xD923, 0xD923, 0xD923, 0xD923, 0xD923, 0xD923, 0xD923,
  0xD923, 0xD923, 0xD923, 0xD923, 0xD923, 0xD923, 0xD923, 0xD923, 0xD923, 0xD923, 0xD923, 0xD923,
  0xD923, 0xD923, 0xD923, 0xD923, 0xD923, 0xD923, 0xD923, 0xD923, 0xD923, 0xD923, 0xD923, 0xD923,
  0xD923, 0xD923, 0xD923, 0xD923, 0xD923, 0xD923, 0xD923, 0xD923, 0xD923, 0xD923, 0xD923, 0xD923,
  0xD923, 0xD923, 0xD923, 0xD923, 0xD923, 0xD923, 0xD923, 0xD923, 0xD923, 0xD923, 0xD923, 0xD923,
  0xD923, 0xD923, 0xD923, 0xD923, 0xD923, 0xD923, 0xD923, 0xD923, 0xD923, 0xD923, 0xD923, 0xD923,
  0xD923, 0xD923, 0xD923, 0xD923, 0xD923, 0xD923, 0xD923, 0xD923, 0xD923, 0xD923, 0xD923, 0xD923,
  0xD923, 0xD923, 0xD923, 0xD923, 0xD923, 0xD923, 0xD923, 0xD923, 0xD923, 0xD923, 0xD923, 0xD923,
  0xD923, 0xD923, 0xD923, 0xD923, 0xD923, 0xD923, 0xD923, 0xD923, 0xD923, 0xD923, 0xD923, 0xD923,
  0xD923, 0xD923, 0xD923, 0xD923, 0xD923, 0xD923, 0xD923, 0xD923, 0xD923, 0xD923, 0xD923, 0xD923,
  0xD923, 0xD923, 0xD923, 0xD923, 0xD923, 0xD923, 0xD923, 0xD923, 0xD923, 0xD923, 0xD923, 0xD923,
  0xD923, 0xD923, 0xD923, 0xD923, 0xD923, 0xD923, 0xD923, 0xD923, 0xD923, 0xD923, 0xD923, 0xD923,
  0xD923, 0xD923, 0xD923, 0xD923, 0xD923, 0xD923, 0xD923, 0xD923, 0xD923, 0xD923, 0xD923, 0xD923,
  0xD923, 0xD923, 0xD923, 0xD923, 0xD923, 0xD923, 0xD923, 0xD923, 0xD923, 0xD923, 0xD923, 0xD923,
  0xD923, 0xD923, 0xD923, 0xD923, 0xD923, 0xD923, 0xD923, 0xD923, 0xD923, 0xD923, 0xD923, 0xD923,
  0xD923, 0xD923, 0xD923, 0xD923, 0xD923, 0xD923, 0xD923, 0xD923, 0xD923, 0xD923, 0xD923, 0xD923,
  0xD923, 0xD923, 0xD923, 0xD923, 0xD923, 0xD923, 0xD923, 0xD923, 0xD923, 0xD923, 0xD923, 0xD923,
  0xD923, 0xD924, 0xD102, 0xEDE2, 0xFFE0, 0xFFE0, 0xFFE0, 0xFFE0, 0xFFE0, 0xFFE0, 0xFFE0, 0xFFE0,
  0xFFE0, 0xFFE0, 0xFFE0, 0xFFE0, 0xFFE0, 0xFFE1, 0xF6A1, 0xD301, 0xED62, 0xFFE1, 0xF7E0, 0xFFC0,
  0xFFE0, 0xFFE0, 0xFFE0, 0xFFE0, 0xFFE0, 0xFFE0, 0xFFE0, 0xFFE0, 0xFFE0, 0xFFE0, 0xFFE0, 0xF721,
  0xC9A2, 0xD905, 0xD942, 0xD923, 0xD923, 0xD923, 0xD923, 0xD923, 0xD923, 0xD923, 0xD923, 0xD923,
  0xD923, 0xD923, 0xD923, 0xD923, 0xD923, 0xD923, 0xD923, 0xD923, 0xD923, 0xD923, 0xD923, 0xD923,
  0xD923, 0xD923, 0xD923, 0xD923, 0xD923, 0xD923, 0xD923, 0xD923, 0xD923, 0xD923, 0xD923, 0xD923,
  0xD923, 0xD923, 0xD923, 0xD923, 0xD923, 0xD923, 0xD923, 0xD923, 0xD923, 0xD923, 0xD923, 0xD923,
  0xD923, 0xD923, 0xD923, 0xD923, 0xD923, 0xD923, 0xD923, 0xD923, 0xD923, 0xD923, 0xD923, 0xD923,
  0xD923, 0xD923, 0xD923, 0xD923, 0xD923, 0xD923, 0xD923, 0xD923, 0xD923, 0xD923, 0xD923, 0xD923,
  0xD923, 0xD923, 0xD923, 0xD923, 0xD923, 0xD923, 0xD923, 0xD923, 0xD923, 0xD923, 0xD923, 0xD923,
  0xD923, 0xD923, 0xD923, 0xD923, 0xD923, 0xD923, 0xD923, 0xD923, 0xD923, 0xD923, 0xD923, 0xD923,
  0xD923, 0xD923, 0xD923, 0xD923, 0xD923, 0xD923, 0xD923, 0xD923, 0xD923, 0xD923, 0xD923, 0xD923,
  0xD923, 0xD923, 0xD923, 0xD923, 0xD923, 0xD923, 0xD923, 0xD923, 0xD923, 0xD923, 0xD923, 0xD923,
  0xD923, 0xD923, 0xD923, 0xD923, 0xD923, 0xD923, 0xD923, 0xD923, 0xD923, 0xD923, 0xD923, 0xD923,
  0xD923, 0xD923, 0xD923, 0xD923, 0xD923, 0xD923, 0xD923, 0xD923, 0xD923, 0xD923, 0xD923, 0xD923,
  0xD923, 0xD923, 0xD923, 0xD923, 0xD923, 0xD923, 0xD923, 0xD923, 0xD923, 0xD923, 0xD923, 0xD923,
  0xD923, 0xD923, 0xD923, 0xD923, 0xD923, 0xD923, 0xD923, 0xD923, 0xD923, 0xD923, 0xD923, 0xD923,
  0xD923, 0xD923, 0xD923, 0xD923, 0xD923, 0xD923, 0xD923, 0xD923, 0xD923, 0xD923, 0xD923, 0xD923,
  0xD923, 0xD923, 0xD923, 0xD923, 0xD923, 0xD923, 0xD923, 0xD923, 0xD923, 0xD923, 0xD923, 0xD923,
  0xD923, 0xD923, 0xD923, 0xD923, 0xD923, 0xD923, 0xD923, 0xD923, 0xD923, 0xD923, 0xD923, 0xD923,
  0xD923, 0xD903, 0xD9E2, 0xF781, 0xFFE0, 0xFFE0, 0xFFE0, 0xFFE0, 0xFFE0, 0xFFE0, 0xFFE0, 0xFFE0,
  0xFFE0, 0xFFE0, 0xFFE0, 0xFFE0, 0xFFE1, 0xE502, 0xD163, 0xD0A3, 0xD102, 0xDC22, 0xFFA2, 0xFFE1,
  0xFFC0, 0xFFE0, 0xFFE0, 0xFFE0, 0xFFE0, 0xFFE0, 0xFFE0, 0xFFE0, 0xFFE0, 0xFFE0, 0xFFE0, 0xFFE0,
  0xDB22, 0xD0C3, 0xD944, 0xD923, 0xD923, 0xD923, 0xD923, 0xD923, 0xD923, 0xD923, 0xD923, 0xD923,
  0xD923, 0xD923, 0xD923, 0xD923, 0xD923, 0xD923, 0xD923, 0xD923, 0xD923, 0xD923, 0xD923, 0xD923,
  0xD923, 0xD923, 0xD923, 0xD923, 0xD923, 0xD923, 0xD923, 0xD923, 0xD923, 0xD923, 0xD923, 0xD923,
  0xD923, 0xD923, 0xD923, 0xD923, 0xD923, 0xD923, 0xD923, 0xD923, 0xD923, 0xD923, 0xD923, 0xD923,
  0xD923, 0xD923, 0xD923, 0xD923, 0xD923, 0xD923, 0xD923, 0xD923, 0xD923, 0xD923, 0xD923, 0xD923,
  0xD923, 0xD923, 0xD923, 0xD923, 0xD923, 0xD923, 0xD923, 0xD923, 0xD923, 0xD923, 0xD923, 0xD923,
  0xD923, 0xD923, 0xD923, 0xD923, 0xD923, 0xD923, 0xD923, 0xD923, 0xD923, 0xD923, 0xD923, 0xD923,
  0xD923, 0xD923, 0xD923, 0xD923, 0xD923, 0xD923, 0xD923, 0xD923, 0xD923, 0xD923, 0xD923, 0xD923,
  0xD923, 0xD923, 0xD923, 0xD923, 0xD923, 0xD923, 0xD923, 0xD923, 0xD923, 0xD923, 0xD923, 0xD923,
  0xD923, 0xD923, 0xD923, 0xD923, 0xD923, 0xD923, 0xD923, 0xD923, 0xD923, 0xD923, 0xD923, 0xD923,
  0xD923, 0xD923, 0xD923, 0xD923, 0xD923, 0xD923, 0xD923, 0xD923, 0xD923, 0xD923, 0xD923, 0xD923,
  0xD923, 0xD923, 0xD923, 0xD923, 0xD923, 0xD923, 0xD923, 0xD923, 0xD923, 0xD923, 0xD923, 0xD923,
  0xD923, 0xD923, 0xD923, 0xD923, 0xD923, 0xD923, 0xD923, 0xD923, 0xD923, 0xD923, 0xD923, 0xD923,
  0xD923, 0xD923, 0xD923, 0xD923, 0xD923, 0xD923, 0xD923, 0xD923, 0xD923, 0xD923, 0xD923, 0xD923,
  0xD923, 0xD923, 0xD923, 0xD923, 0xD923, 0xD923, 0xD923, 0xD923, 0xD923, 0xD923, 0xD923, 0xD923,
  0xD923, 0xD923, 0xD923, 0xD923, 0xD923, 0xD923, 0xD923, 0xD923, 0xD923, 0xD923, 0xD923, 0xD923,
  0xD923, 0xD923, 0xD923, 0xD923, 0xD923, 0xD923, 0xD923, 0xD923, 0xD923, 0xD923, 0xD923, 0xD923,
  0xD943, 0xD8C2, 0xE3C2, 0xFFE1, 0xFFE0, 0xFFE0, 0xFFE0, 0xFFE0, 0xFFE0, 0xFFE0, 0xFFE0, 0xFFE0,
  0xFFE0, 0xFFC0, 0xFFE0, 0xFF41, 0xDB62, 0xD0E2, 0xE104, 0xD943, 0xD924, 0xD8A2, 0xDA83, 0xF6C1,
  0xFFE0, 0xFFC0, 0xFFE0, 0xFFE0, 0xFFE0, 0xFFE0, 0xFFE0, 0xFFE0, 0xFFE0, 0xFFE0, 0xFFE0, 0xFFE1,
  0xED22, 0xD8C2, 0xD944, 0xD923, 0xD923, 0xD923, 0xD923, 0xD923, 0xD923, 0xD923, 0xD923, 0xD923,
  0xD923, 0xD923, 0xD923, 0xD923, 0xD923, 0xD923, 0xD923, 0xD923, 0xD923, 0xD923, 0xD923, 0xD923,
  0xD923, 0xD923, 0xD923, 0xD923, 0xD923, 0xD923, 0xD923, 0xD923, 0xD923, 0xD923, 0xD923, 0xD923,
  0xD923, 0xD923, 0xD923, 0xD923, 0xD923, 0xD923, 0xD923, 0xD923, 0xD923, 0xD923, 0xD923, 0xD923,
  0xD923, 0xD923, 0xD923, 0xD923, 0xD923, 0xD923, 0xD923, 0xD923, 0xD923, 0xD923, 0xD923, 0xD923,
  0xD923, 0xD923, 0xD923, 0xD923, 0xD923, 0xD923, 0xD923, 0xD923, 0xD923, 0xD923, 0xD923, 0xD923,
  0xD923, 0xD923, 0xD923, 0xD923, 0xD923, 0xD923, 0xD923, 0xD923, 0xD923, 0xD923, 0xD923, 0xD923,
  0xD923, 0xD923, 0xD923, 0xD923, 0xD923, 0xD923, 0xD923, 0xD923, 0xD923, 0xD923, 0xD923, 0xD923,
  0xD923, 0xD923, 0xD923, 0xD923, 0xD923, 0xD923, 0xD923, 0xD923, 0xD923, 0xD923, 0xD923, 0xD923,
  0xD923, 0xD923, 0xD923, 0xD923, 0xD923, 0xD923, 0xD923, 0xD923, 0xD923, 0xD923, 0xD923, 0xD923,
  0xD923, 0xD923, 0xD923, 0xD923, 0xD923, 0xD923, 0xD923, 0xD923, 0xD923, 0xD923, 0xD923, 0xD923,
  0xD923, 0xD923, 0xD923, 0xD923, 0xD923, 0xD923, 0xD923, 0xD923, 0xD923, 0xD923, 0xD923, 0xD923,
  0xD923, 0xD923, 0xD923, 0xD923, 0xD923, 0xD923, 0xD923, 0xD923, 0xD923, 0xD923, 0xD923, 0xD923,
  0xD923, 0xD923, 0xD923, 0xD923, 0xD923, 0xD923, 0xD923, 0xD923, 0xD923, 0xD923, 0xD923, 0xD923,
  0xD923, 0xD923, 0xD923, 0xD923, 0xD923, 0xD923, 0xD923, 0xD923, 0xD923, 0xD923, 0xD923, 0xD923,
  0xD923, 0xD923, 0xD923, 0xD923, 0xD923, 0xD923, 0xD923, 0xD923, 0xD923, 0xD923, 0xD923, 0xD923,
  0xD923, 0xD923, 0xD923, 0xD923, 0xD923, 0xD923, 0xD923, 0xD923, 0xD923, 0xD923, 0xD923, 0xD923,
  0xD923, 0xD0E3, 0xEDC2, 0xFFE0, 0xFFC0, 0xFFE1, 0xFFE0, 0xFFE0, 0xFFE0, 0xFFE0, 0xFFE1, 0xFFC0,
  0xFFC0, 0xFFE1, 0xF602, 0xD9E2, 0xD0C2, 0xD944, 0xD943, 0xD923, 0xD143, 0xD942, 0xD8C4, 0xD182,
  0xE542, 0xFFE0, 0xFFE0, 0xFFE0, 0xFFE0, 0xFFE0, 0xFFE0, 0xFFE0, 0xFFE0, 0xFFE0, 0xFFE0, 0xFFE0,
  0xF6E2, 0xD182, 0xD903, 0xD923, 0xD923, 0xD923, 0xD923, 0xD923, 0xD923, 0xD923, 0xD923, 0xD923,
  0xD923, 0xD923, 0xD923, 0xD923, 0xD923, 0xD923, 0xD923, 0xD923, 0xD923, 0xD923, 0xD923, 0xD923,
  0xD923, 0xD923, 0xD923, 0xD923, 0xD923, 0xD923, 0xD923, 0xD923, 0xD923, 0xD923, 0xD923, 0xD923,
  0xD923, 0xD923, 0xD923, 0xD923, 0xD923, 0xD923, 0xD923, 0xD923, 0xD923, 0xD923, 0xD923, 0xD923,
  0xD923, 0xD923, 0xD923, 0xD923, 0xD923, 0xD923, 0xD923, 0xD923, 0xD923, 0xD923, 0xD923, 0xD923,
  0xD923, 0xD923, 0xD923, 0xD923, 0xD923, 0xD923, 0xD923, 0xD923, 0xD923, 0xD923, 0xD923, 0xD923,
  0xD923, 0xD923, 0xD923, 0xD923, 0xD923, 0xD923, 0xD923, 0xD923, 0xD923, 0xD923, 0xD923, 0xD923,
  0xD923, 0xD923, 0xD923, 0xD923, 0xD923, 0xD923, 0xD923, 0xD923, 0xD923, 0xD923, 0xD923, 0xD923,
  0xD923, 0xD923, 0xD923, 0xD923, 0xD923, 0xD923, 0xD923, 0xD923, 0xD923, 0xD923, 0xD923, 0xD923,
  0xD923, 0xD923, 0xD923, 0xD923, 0xD923, 0xD923, 0xD923, 0xD923, 0xD923, 0xD923, 0xD923, 0xD923,
  0xD923, 0xD923, 0xD923, 0xD923, 0xD923, 0xD923, 0xD923, 0xD923, 0xD923, 0xD923, 0xD923, 0xD923,
  0xD923, 0xD923, 0xD923, 0xD923, 0xD923, 0xD923, 0xD923, 0xD923, 0xD923, 0xD923, 0xD923, 0xD923,
  0xD923, 0xD923, 0xD923, 0xD923, 0xD923, 0xD923, 0xD923, 0xD923, 0xD923, 0xD923, 0xD923, 0xD923,
  0xD923, 0xD923, 0xD923, 0xD923, 0xD923, 0xD923, 0xD923, 0xD923, 0xD923, 0xD923, 0xD923, 0xD923,
  0xD923, 0xD923, 0xD923, 0xD923, 0xD923, 0xD923, 0xD923, 0xD923, 0xD923, 0xD923, 0xD923, 0xD923,
  0xD923, 0xD923, 0xD923, 0xD923, 0xD923, 0xD923, 0xD923, 0xD923, 0xD923, 0xD923, 0xD923, 0xD923,
  0xD923, 0xD923, 0xD923, 0xD923, 0xD923, 0xD923, 0xD923, 0xD923, 0xD923, 0xD923, 0xD923, 0xD923,
  0xD903, 0xD202, 0xFF61, 0xFFE0, 0xFFC1, 0xFFE1, 0xFFE0, 0xFFE0, 0xFFE0, 0xFFE0, 0xFFC0, 0xFFE0,
  0xFFC1, 0xE482, 0xD123, 0xD903, 0xE124, 0xD923, 0xD923, 0xD923, 0xD904, 0xD942, 0xD163, 0xD904,
  0xD8A3, 0xDBA2, 0xFF62, 0xFFE0, 0xFFE0, 0xFFE0, 0xFFE0, 0xFFE0, 0xFFE0, 0xFFE0, 0xFFE0, 0xFFE0,
  0xFFE1, 0xDB21, 0xD8C3, 0xD944, 0xD923, 0xD923, 0xD923, 0xD923, 0xD923, 0xD923, 0xD923, 0xD923,
  0xD923, 0xD923, 0xD923, 0xD923, 0xD923, 0xD923, 0xD923, 0xD923, 0xD923, 0xD923, 0xD923, 0xD923,
  0xD923, 0xD923, 0xD923, 0xD923, 0xD923, 0xD923, 0xD923, 0xD923, 0xD923, 0xD923, 0xD923, 0xD923,
  0xD923, 0xD923, 0xD923, 0xD923, 0xD923, 0xD923, 0xD923, 0xD923, 0xD923, 0xD923, 0xD923, 0xD923,
  0xD923, 0xD923, 0xD923, 0xD923, 0xD923, 0xD923, 0xD923, 0xD923, 0xD923, 0xD923, 0xD923, 0xD923,
  0xD923, 0xD923, 0xD923, 0xD923, 0xD923, 0xD923, 0xD923, 0xD923, 0xD923, 0xD923, 0xD923, 0xD923,
  0xD923, 0xD923, 0xD923, 0xD923, 0xD923, 0xD923, 0xD923, 0xD923, 0xD923, 0xD923, 0xD923, 0xD923,
  0xD923, 0xD923, 0xD923, 0xD923, 0xD923, 0xD923, 0xD923, 0xD923, 0xD923, 0xD923, 0xD923, 0xD923,
  0xD923, 0xD923, 0xD923, 0xD923, 0xD923, 0xD923, 0xD923, 0xD923, 0xD923, 0xD923, 0xD923, 0xD923,
  0xD923, 0xD923, 0xD923, 0xD923, 0xD923, 0xD923, 0xD923, 0xD923, 0xD923, 0xD923, 0xD923, 0xD923,
  0xD923, 0xD923, 0xD923, 0xD923, 0xD923, 0xD923, 0xD923, 0xD923, 0xD923, 0xD923, 0xD923, 0xD923,
  0xD923, 0xD923, 0xD923, 0xD923, 0xD923, 0xD923, 0xD923, 0xD923, 0xD923, 0xD923, 0xD923, 0xD923,
  0xD923, 0xD923, 0xD923, 0xD923, 0xD923, 0xD923, 0xD923, 0xD923, 0xD923, 0xD923, 0xD923, 0xD923,
  0xD923, 0xD923, 0xD923, 0xD923, 0xD923, 0xD923, 0xD923, 0xD923, 0xD923, 0xD923, 0xD923, 0xD923,
  0xD923, 0xD923, 0xD923, 0xD923, 0xD923, 0xD923, 0xD923, 0xD923, 0xD923, 0xD923, 0xD923, 0xD923,
  0xD923, 0xD923, 0xD923, 0xD923, 0xD923, 0xD923, 0xD923, 0xD923, 0xD923, 0xD923, 0xD923, 0xD923,
  0xD923, 0xD923, 0xD923, 0xD923, 0xD923, 0xD923, 0xD923, 0xD923, 0xD923, 0xD923, 0xD923, 0xD943,
  0xD8C3, 0xE3A2, 0xFFE1, 0xFFE0, 0xFFE0, 0xFFE0, 0xFFE0, 0xFFE0, 0xFFE0, 0xFFC0, 0xFFE0, 0xF6E2,
  0xDAE2, 0xD0C3, 0xD923, 0xD943, 0xD924, 0xD923, 0xD923, 0xD923, 0xD923, 0xD924, 0xD923, 0xD143,
  0xD923, 0xD8A4, 0xD223, 0xF621, 0xFFE0, 0xFFE0, 0xFFE0, 0xFFE0, 0xFFE0, 0xFFE0, 0xFFE0, 0xFFC0,
  0xFFE0, 0xED02, 0xD0C3, 0xD943, 0xD923, 0xD923, 0xD923, 0xD923, 0xD923, 0xD923, 0xD923, 0xD923,
  0xD923, 0xD923, 0xD923, 0xD923, 0xD923, 0xD923, 0xD923, 0xD923, 0xD923, 0xD923, 0xD923, 0xD923,
  0xD923, 0xD923, 0xD923, 0xD923, 0xD923, 0xD923, 0xD923, 0xD923, 0xD923, 0xD923, 0xD923, 0xD923,
  0xD923, 0xD923, 0xD923, 0xD923, 0xD923, 0xD923, 0xD923, 0xD923, 0xD923, 0xD923, 0xD923, 0xD923,
  0xD923, 0xD923, 0xD923, 0xD923, 0xD923, 0xD923, 0xD923, 0xD923, 0xD923, 0xD923, 0xD923, 0xD923,
  0xD923, 0xD923, 0xD923, 0xD923, 0xD923, 0xD923, 0xD923, 0xD923, 0xD923, 0xD923, 0xD923, 0xD923,
  0xD923, 0xD923, 0xD923, 0xD923, 0xD923, 0xD923, 0xD923, 0xD923, 0xD923, 0xD923, 0xD923, 0xD923,
  0xD923, 0xD923, 0xD923, 0xD923, 0xD923, 0xD923, 0xD923, 0xD923, 0xD923, 0xD923, 0xD923, 0xD923,
  0xD923, 0xD923, 0xD923, 0xD923, 0xD923, 0xD923, 0xD923, 0xD923, 0xD923, 0xD923, 0xD923, 0xD923,
  0xD923, 0xD923, 0xD923, 0xD923, 0xD923, 0xD923, 0xD923, 0xD923, 0xD923, 0xD923, 0xD923, 0xD923,
  0xD923, 0xD923, 0xD923, 0xD923, 0xD923, 0xD923, 0xD923, 0xD923, 0xD923, 0xD923, 0xD923, 0xD923,
  0xD923, 0xD923, 0xD923, 0xD923, 0xD923, 0xD923, 0xD923, 0xD923, 0xD923, 0xD923, 0xD923, 0xD923,
  0xD923, 0xD923, 0xD923, 0xD923, 0xD923, 0xD923, 0xD923, 0xD923, 0xD923, 0xD923, 0xD923, 0xD923,
  0xD923, 0xD923, 0xD923, 0xD923, 0xD923, 0xD923, 0xD923, 0xD923, 0xD923, 0xD923, 0xD923, 0xD923,
  0xD923, 0xD923, 0xD923, 0xD923, 0xD923, 0xD923, 0xD923, 0xD923, 0xD923, 0xD923, 0xD923, 0xD923,
  0xD923, 0xD923, 0xD923, 0xD923, 0xD923, 0xD923, 0xD923, 0xD923, 0xD923, 0xD923, 0xD923, 0xD923,
  0xD923, 0xD923, 0xD923, 0xD923, 0xD923, 0xD923, 0xD923, 0xD923, 0xD923, 0xD923, 0xD124, 0xE123,
  0xD0E2, 0xEDA2, 0xFFE0, 0xFFE0, 0xFFE0, 0xFFE0, 0xFFE0, 0xFFC0, 0xFFE0, 0xFFE1, 0xED82, 0xD1A2,
  0xD8C3, 0xD943, 0xD923, 0xD923, 0xD943, 0xD923, 0xD923, 0xD923, 0xD923, 0xD923, 0xD923, 0xD923,
  0xD923, 0xD943, 0xD903, 0xD122, 0xE4A2, 0xFFE1, 0xFFE0, 0xFFC0, 0xFFE0, 0xFFE0, 0xFFE0, 0xFFC1,
  0xFFE0, 0xF6E2, 0xD162, 0xD903, 0xD923, 0xD923, 0xD923, 0xD923, 0xD923, 0xD923, 0xD923, 0xD923,
  0xD923, 0xD923, 0xD923, 0xD923, 0xD923, 0xD923, 0xD923, 0xD923, 0xD923, 0xD923, 0xD923, 0xD923,
  0xD923, 0xD923, 0xD923, 0xD923, 0xD923, 0xD923, 0xD923, 0xD923, 0xD923, 0xD923, 0xD923, 0xD923,
  0xD923, 0xD923, 0xD923, 0xD923, 0xD923, 0xD923, 0xD923, 0xD923, 0xD923, 0xD923, 0xD923, 0xD923,
  0xD923, 0xD923, 0xD923, 0xD923, 0xD923, 0xD923, 0xD923, 0xD923, 0xD923, 0xD923, 0xD923, 0xD923,
  0xD923, 0xD923, 0xD923, 0xD923, 0xD923, 0xD923, 0xD923, 0xD923, 0xD923, 0xD923, 0xD923, 0xD923,
  0xD923, 0xD923, 0xD923, 0xD923, 0xD923, 0xD923, 0xD923, 0xD923, 0xD923, 0xD923, 0xD923, 0xD923,
  0xD923, 0xD923, 0xD923, 0xD923, 0xD923, 0xD923, 0xD923, 0xD923, 0xD923, 0xD923, 0xD923, 0xD923,
  0xD923, 0xD923, 0xD923, 0xD923, 0xD923, 0xD923, 0xD923, 0xD923, 0xD923, 0xD923, 0xD923, 0xD923,
  0xD923, 0xD923, 0xD923, 0xD923, 0xD923, 0xD923, 0xD923, 0xD923, 0xD923, 0xD923, 0xD923, 0xD923,
  0xD923, 0xD923, 0xD923, 0xD923, 0xD923, 0xD923, 0xD923, 0xD923, 0xD923, 0xD923, 0xD923, 0xD923,
  0xD923, 0xD923, 0xD923, 0xD923, 0xD923, 0xD923, 0xD923, 0xD923, 0xD923, 0xD923, 0xD923, 0xD923,
  0xD923, 0xD923, 0xD923, 0xD923, 0xD923, 0xD923, 0xD923, 0xD923, 0xD923, 0xD923, 0xD923, 0xD923,
  0xD923, 0xD923, 0xD923, 0xD923, 0xD923, 0xD923, 0xD923, 0xD923, 0xD923, 0xD923, 0xD923, 0xD923,
  0xD923, 0xD923, 0xD923, 0xD923, 0xD923, 0xD923, 0xD923, 0xD923, 0xD923, 0xD923, 0xD923, 0xD923,
  0xD923, 0xD923, 0xD923, 0xD923, 0xD923, 0xD923, 0xD923, 0xD923, 0xD923, 0xD923, 0xD923, 0xD923,
  0xD923, 0xD923, 0xD923, 0xD923, 0xD923, 0xD923, 0xD923, 0xD923, 0xD923, 0xD923, 0xD142, 0xD8E4,
  0xD1C3, 0xFF41, 0xFFE0, 0xFFE0, 0xFFE0, 0xFFE0, 0xFFC0, 0xFFE0, 0xF782, 0xE3E2, 0xC8E3, 0xD8E4,
  0xD924, 0xD923, 0xD923, 0xD923, 0xD923, 0xD923, 0xD923, 0xD923, 0xD923, 0xD923, 0xD923, 0xD923,
  0xD923, 0xD923, 0xD943, 0xD923, 0xD0C2, 0xE2E2, 0xF702, 0xFFE0, 0xFFC0, 0xFFE0, 0xFFE0, 0xFFE0,
  0xFFE0, 0xFFE1, 0xDAE2, 0xD8E3, 0xD943, 0xD923, 0xD923, 0xD923, 0xD923, 0xD923, 0xD923, 0xD923,
  0xD923, 0xD923, 0xD923, 0xD923, 0xD923, 0xD923, 0xD923, 0xD923, 0xD923, 0xD923, 0xD923, 0xD923,
  0xD923, 0xD923, 0xD923, 0xD923, 0xD923, 0xD923, 0xD923, 0xD923, 0xD923, 0xD923, 0xD923, 0xD923,
  0xD923, 0xD923, 0xD923, 0xD923, 0xD923, 0xD923, 0xD923, 0xD923, 0xD923, 0xD923, 0xD923, 0xD923,
  0xD923, 0xD923, 0xD923, 0xD923, 0xD923, 0xD923, 0xD923, 0xD923, 0xD923, 0xD923, 0xD923, 0xD923,
  0xD923, 0xD923, 0xD923, 0xD923, 0xD923, 0xD923, 0xD923, 0xD923, 0xD923, 0xD923, 0xD923, 0xD923,
  0xD923, 0xD923, 0xD923, 0xD923, 0xD923, 0xD923, 0xD923, 0xD923, 0xD923, 0xD923, 0xD923, 0xD923,
  0xD923, 0xD923, 0xD923, 0xD923, 0xD923, 0xD923, 0xD923, 0xD923, 0xD923, 0xD923, 0xD923, 0xD923,
  0xD923, 0xD923, 0xD923, 0xD923, 0xD923, 0xD923, 0xD923, 0xD923, 0xD923, 0xD923, 0xD923, 0xD923,
  0xD923, 0xD923, 0xD923, 0xD923, 0xD923, 0xD923, 0xD923, 0xD923, 0xD923, 0xD923, 0xD923, 0xD923,
  0xD923, 0xD923, 0xD923, 0xD923, 0xD923, 0xD923, 0xD923, 0xD923, 0xD923, 0xD923, 0xD923, 0xD923,
  0xD923, 0xD923, 0xD923, 0xD923, 0xD923, 0xD923, 0xD923, 0xD923, 0xD923, 0xD923, 0xD923, 0xD923,
  0xD923, 0xD923, 0xD923, 0xD923, 0xD923, 0xD923, 0xD923, 0xD923, 0xD923, 0xD923, 0xD923, 0xD923,
  0xD923, 0xD923, 0xD923, 0xD923, 0xD923, 0xD923, 0xD923, 0xD923, 0xD923, 0xD923, 0xD923, 0xD923,
  0xD923, 0xD923, 0xD923, 0xD923, 0xD923, 0xD923, 0xD923, 0xD923, 0xD923, 0xD923, 0xD923, 0xD923,
  0xD923, 0xD923, 0xD923, 0xD923, 0xD923, 0xD923, 0xD923, 0xD923, 0xD923, 0xD923, 0xD923, 0xD923,
  0xD923, 0xD923, 0xD923, 0xD923, 0xD923, 0xD923, 0xD923, 0xD923, 0xD923, 0xD924, 0xD962, 0xD8C4,
  0xDB82, 0xFFE0, 0xFFE0, 0xFFE0, 0xFFE0, 0xFFE0, 0xFFE1, 0xF682, 0xDA43, 0xD0C3, 0xD941, 0xD924,
  0xD144, 0xD923, 0xD923, 0xD923, 0xD923, 0xD923, 0xD923, 0xD923, 0xD923, 0xD923, 0xD923, 0xD923,
  0xD923, 0xD923, 0xD923, 0xD924, 0xD943, 0xD8C3, 0xD9A2, 0xEDC1, 0xFFE2, 0xFFE0, 0xFFC0, 0xFFE1,
  0xFFC1, 0xFFE0, 0xE4E2, 0xD0E3, 0xD943, 0xD923, 0xD923, 0xD923, 0xD923, 0xD923, 0xD923, 0xD923,
  0xD923, 0xD923, 0xD923, 0xD923, 0xD923, 0xD923, 0xD923, 0xD923, 0xD923, 0xD923, 0xD923, 0xD923,
  0xD923, 0xD923, 0xD923, 0xD923, 0xD923, 0xD923, 0xD923, 0xD923, 0xD923, 0xD923, 0xD923, 0xD923,
  0xD923, 0xD923, 0xD923, 0xD923, 0xD923, 0xD923, 0xD923, 0xD923, 0xD923, 0xD923, 0xD923, 0xD923,
  0xD923, 0xD923, 0xD923, 0xD923, 0xD923, 0xD923, 0xD923, 0xD923, 0xD923, 0xD923, 0xD923, 0xD923,
  0xD923, 0xD923, 0xD923, 0xD923, 0xD923, 0xD923, 0xD923, 0xD923, 0xD923, 0xD923, 0xD923, 0xD923,
  0xD923, 0xD923, 0xD923, 0xD923, 0xD923, 0xD923, 0xD923, 0xD923, 0xD923, 0xD923, 0xD923, 0xD923,
  0xD923, 0xD923, 0xD923, 0xD923, 0xD923, 0xD923, 0xD923, 0xD923, 0xD923, 0xD923, 0xD923, 0xD923,
  0xD923, 0xD923, 0xD923, 0xD923, 0xD923, 0xD923, 0xD923, 0xD923, 0xD923, 0xD923, 0xD923, 0xD923,
  0xD923, 0xD923, 0xD923, 0xD923, 0xD923, 0xD923, 0xD923, 0xD923, 0xD923, 0xD923, 0xD923, 0xD923,
  0xD923, 0xD923, 0xD923, 0xD923, 0xD923, 0xD923, 0xD923, 0xD923, 0xD923, 0xD923, 0xD923, 0xD923,
  0xD923, 0xD923, 0xD923, 0xD923, 0xD923, 0xD923, 0xD923, 0xD923, 0xD923, 0xD923, 0xD923, 0xD923,
  0xD923, 0xD923, 0xD923, 0xD923, 0xD923, 0xD923, 0xD923, 0xD923, 0xD923, 0xD923, 0xD923, 0xD923,
  0xD923, 0xD923, 0xD923, 0xD923, 0xD923, 0xD923, 0xD923, 0xD923, 0xD923, 0xD923, 0xD923, 0xD923,
  0xD923, 0xD923, 0xD923, 0xD923, 0xD923, 0xD923, 0xD923, 0xD923, 0xD923, 0xD923, 0xD923, 0xD923,
  0xD923, 0xD923, 0xD923, 0xD923, 0xD923, 0xD923, 0xD923, 0xD923, 0xD923, 0xD923, 0xD923, 0xD923,
  0xD923, 0xD923, 0xD923, 0xD923, 0xD923, 0xD923, 0xD923, 0xD923, 0xD923, 0xD923, 0xD944, 0xD0C3,
  0xED81, 0xFFE1, 0xFFE0, 0xFFC0, 0xFFE0, 0xFFE1, 0xECE2, 0xD162, 0xD8E3, 0xD943, 0xD924, 0xD923,
  0xD923, 0xD923, 0xD923, 0xD923, 0xD923, 0xD923, 0xD923, 0xD923, 0xD923, 0xD923, 0xD923, 0xD923,
  0xD923, 0xD923, 0xD923, 0xD923, 0xD923, 0xD943, 0xD103, 0xD0E3, 0xE3E3, 0xFFA1, 0xFFE0, 0xFFC1,
  0xFFC0, 0xFFE1, 0xF6C1, 0xD162, 0xD923, 0xD923, 0xD923, 0xD923, 0xD923, 0xD923, 0xD923, 0xD923,
  0xD923, 0xD923, 0xD923, 0xD923, 0xD923, 0xD923, 0xD923, 0xD923, 0xD923, 0xD923, 0xD923, 0xD923,
  0xD923, 0xD923, 0xD923, 0xD923, 0xD923, 0xD923, 0xD923, 0xD923, 0xD923, 0xD923, 0xD923, 0xD923,
  0xD923, 0xD923, 0xD923, 0xD923, 0xD923, 0xD923, 0xD923, 0xD923, 0xD923, 0xD923, 0xD923, 0xD923,
  0xD923, 0xD923, 0xD923, 0xD923, 0xD923, 0xD923, 0xD923, 0xD923, 0xD923, 0xD923, 0xD923, 0xD923,
  0xD923, 0xD923, 0xD923, 0xD923, 0xD923, 0xD923, 0xD923, 0xD923, 0xD923, 0xD923, 0xD923, 0xD923,
  0xD923, 0xD923, 0xD923, 0xD923, 0xD923, 0xD923, 0xD923, 0xD923, 0xD923, 0xD923, 0xD923, 0xD923,
  0xD923, 0xD923, 0xD923, 0xD923, 0xD923, 0xD923, 0xD923, 0xD923, 0xD923, 0xD923, 0xD923, 0xD923,
  0xD923, 0xD923, 0xD923, 0xD923, 0xD923, 0xD923, 0xD923, 0xD923, 0xD923, 0xD923, 0xD923, 0xD923,
  0xD923, 0xD923, 0xD923, 0xD923, 0xD923, 0xD923, 0xD923, 0xD923, 0xD923, 0xD923, 0xD923, 0xD923,
  0xD923, 0xD923, 0xD923, 0xD923, 0xD923, 0xD923, 0xD923, 0xD923, 0xD923, 0xD923, 0xD923, 0xD923,
  0xD923, 0xD923, 0xD923, 0xD923, 0xD923, 0xD923, 0xD923, 0xD923, 0xD923, 0xD923, 0xD923, 0xD923,
  0xD923, 0xD923, 0xD923, 0xD923, 0xD923, 0xD923, 0xD923, 0xD923, 0xD923, 0xD923, 0xD923, 0xD923,
  0xD923, 0xD923, 0xD923, 0xD923, 0xD923, 0xD923, 0xD923, 0xD923, 0xD923, 0xD923, 0xD923, 0xD923,
  0xD923, 0xD923, 0xD923, 0xD923, 0xD923, 0xD923, 0xD923, 0xD923, 0xD923, 0xD923, 0xD923, 0xD923,
  0xD923, 0xD923, 0xD923, 0xD923, 0xD923, 0xD923, 0xD923, 0xD923, 0xD923, 0xD923, 0xD923, 0xD923,
  0xD923, 0xD923, 0xD923, 0xD923, 0xD923, 0xD923, 0xD923, 0xD923, 0xD923, 0xD943, 0xD904, 0xD9A3,
  0xF741, 0xFFE0, 0xFFC0, 0xFFE0, 0xFF22, 0xDB62, 0xC902, 0xD905, 0xD943, 0xD923, 0xD923, 0xD923,
  0xD923, 0xD923, 0xD923, 0xD923, 0xD923, 0xD923, 0xD923, 0xD923, 0xD923, 0xD923, 0xD923, 0xD923,
  0xD923, 0xD923, 0xD923, 0xD923, 0xD923, 0xD923, 0xD943, 0xD924, 0xD0C3, 0xD282, 0xF6A2, 0xFFE1,
  0xFFC0, 0xFFC0, 0xFFC1, 0xDAC2, 0xD8C2, 0xD944, 0xD923, 0xD923, 0xD923, 0xD923, 0xD923, 0xD923,
  0xD923, 0xD923, 0xD923, 0xD923, 0xD923, 0xD923, 0xD923, 0xD923, 0xD923, 0xD923, 0xD923, 0xD923,
  0xD923, 0xD923, 0xD923, 0xD923, 0xD923, 0xD923, 0xD923, 0xD923, 0xD923, 0xD923, 0xD923, 0xD923,
  0xD923, 0xD923, 0xD923, 0xD923, 0xD923, 0xD923, 0xD923, 0xD923, 0xD923, 0xD923, 0xD923, 0xD923,
  0xD923, 0xD923, 0xD923, 0xD923, 0xD923, 0xD923, 0xD923, 0xD923, 0xD923, 0xD923, 0xD923, 0xD923,
  0xD923, 0xD923, 0xD923, 0xD923, 0xD923, 0xD923, 0xD923, 0xD923, 0xD923, 0xD923, 0xD923, 0xD923,
  0xD923, 0xD923, 0xD923, 0xD923, 0xD923, 0xD923, 0xD923, 0xD923, 0xD923, 0xD923, 0xD923, 0xD923,
  0xD923, 0xD923, 0xD923, 0xD923, 0xD923, 0xD923, 0xD923, 0xD923, 0xD923, 0xD923, 0xD923, 0xD923,
  0xD923, 0xD923, 0xD923, 0xD923, 0xD923, 0xD923, 0xD923, 0xD923, 0xD923, 0xD923, 0xD923, 0xD923,
  0xD923, 0xD923, 0xD923, 0xD923, 0xD923, 0xD923, 0xD923, 0xD923, 0xD923, 0xD923, 0xD923, 0xD923,
  0xD923, 0xD923, 0xD923, 0xD923, 0xD923, 0xD923, 0xD923, 0xD923, 0xD923, 0xD923, 0xD923, 0xD923,
  0xD923, 0xD923, 0xD923, 0xD923, 0xD923, 0xD923, 0xD923, 0xD923, 0xD923, 0xD923, 0xD923, 0xD923,
  0xD923, 0xD923, 0xD923, 0xD923, 0xD923, 0xD923, 0xD923, 0xD923, 0xD923, 0xD923, 0xD923, 0xD923,
  0xD923, 0xD923, 0xD923, 0xD923, 0xD923, 0xD923, 0xD923, 0xD923, 0xD923, 0xD923, 0xD923, 0xD923,
  0xD923, 0xD923, 0xD923, 0xD923, 0xD923, 0xD923, 0xD923, 0xD923, 0xD923, 0xD923, 0xD923, 0xD923,
  0xD923, 0xD923, 0xD923, 0xD923, 0xD923, 0xD923, 0xD923, 0xD923, 0xD923, 0xD923, 0xD923, 0xD923,
  0xD923, 0xD923, 0xD923, 0xD923, 0xD923, 0xD923, 0xD923, 0xD923, 0xD923, 0xD924, 0xD0C3, 0xE342,
  0xFFE1, 0xFFE0, 0xFFE1, 0xF5E1, 0xD1E2, 0xD0C4, 0xD924, 0xD923, 0xD923, 0xD923, 0xD923, 0xD923,
  0xD923, 0xD923, 0xD923, 0xD923, 0xD923, 0xD923, 0xD923, 0xD923, 0xD923, 0xD923, 0xD923, 0xD923,
  0xD923, 0xD923, 0xD923, 0xD923, 0xD923, 0xD923, 0xD923, 0xD924, 0xE124, 0xD8E2, 0xD162, 0xED03,
  0xFFE2, 0xFFE0, 0xFFE0, 0xE4C1, 0xD0C5, 0xD942, 0xD923, 0xD923, 0xD923, 0xD923, 0xD923, 0xD923,
  0xD923, 0xD923, 0xD923, 0xD923, 0xD923, 0xD923, 0xD923, 0xD923, 0xD923, 0xD923, 0xD923, 0xD923,
  0xD923, 0xD923, 0xD923, 0xD923, 0xD923, 0xD923, 0xD923, 0xD923, 0xD923, 0xD923, 0xD923, 0xD923,
  0xD923, 0xD923, 0xD923, 0xD923, 0xD923, 0xD923, 0xD923, 0xD923, 0xD923, 0xD923, 0xD923, 0xD923,
  0xD923, 0xD923, 0xD923, 0xD923, 0xD923, 0xD923, 0xD923, 0xD923, 0xD923, 0xD923, 0xD923, 0xD923,
  0xD923, 0xD923, 0xD923, 0xD923, 0xD923, 0xD923, 0xD923, 0xD923, 0xD923, 0xD923, 0xD923, 0xD923,
  0xD923, 0xD923, 0xD923, 0xD923, 0xD923, 0xD923, 0xD923, 0xD923, 0xD923, 0xD923, 0xD923, 0xD923,
  0xD923, 0xD923, 0xD923, 0xD923, 0xD923, 0xD923, 0xD923, 0xD923, 0xD923, 0xD923, 0xD923, 0xD923,
  0xD923, 0xD923, 0xD923, 0xD923, 0xD923, 0xD923, 0xD923, 0xD923, 0xD923, 0xD923, 0xD923, 0xD923,
  0xD923, 0xD923, 0xD923, 0xD923, 0xD923, 0xD923, 0xD923, 0xD923, 0xD923, 0xD923, 0xD923, 0xD923,
  0xD923, 0xD923, 0xD923, 0xD923, 0xD923, 0xD923, 0xD923, 0xD923, 0xD923, 0xD923, 0xD923, 0xD923,
  0xD923, 0xD923, 0xD923, 0xD923, 0xD923, 0xD923, 0xD923, 0xD923, 0xD923, 0xD923, 0xD923, 0xD923,
  0xD923, 0xD923, 0xD923, 0xD923, 0xD923, 0xD923, 0xD923, 0xD923, 0xD923, 0xD923, 0xD923, 0xD923,
  0xD923, 0xD923, 0xD923, 0xD923, 0xD923, 0xD923, 0xD923, 0xD923, 0xD923, 0xD923, 0xD923, 0xD923,
  0xD923, 0xD923, 0xD923, 0xD923, 0xD923, 0xD923, 0xD923, 0xD923, 0xD923, 0xD923, 0xD923, 0xD923,
  0xD923, 0xD923, 0xD923, 0xD923, 0xD923, 0xD923, 0xD923, 0xD923, 0xD923, 0xD923, 0xD923, 0xD923,
  0xD923, 0xD923, 0xD923, 0xD923, 0xD923, 0xD923, 0xD923, 0xD923, 0xD923, 0xD943, 0xD0C3, 0xED41,
  0xFFE0, 0xFFA2, 0xE442, 0xD102, 0xD0E4, 0xE124, 0xE122, 0xD923, 0xD924, 0xD923, 0xD923, 0xD923,
  0xD923, 0xD923, 0xD923, 0xD923, 0xD923, 0xD923, 0xD923, 0xD923, 0xD923, 0xD923, 0xD923, 0xD923,
  0xD923, 0xD923, 0xD923, 0xD923, 0xD923, 0xD923, 0xD923, 0xD942, 0xD924, 0xD924, 0xD903, 0xD0C3,
  0xDB82, 0xFF42, 0xFFE0, 0xF6A1, 0xD143, 0xD923, 0xD923, 0xD923, 0xD923, 0xD923, 0xD923, 0xD923,
  0xD923, 0xD923, 0xD923, 0xD923, 0xD923, 0xD923, 0xD923, 0xD923, 0xD923, 0xD923, 0xD923, 0xD923,
  0xD923, 0xD923, 0xD923, 0xD923, 0xD923, 0xD923, 0xD923, 0xD923, 0xD923, 0xD923, 0xD923, 0xD923,
  0xD923, 0xD923, 0xD923, 0xD923, 0xD923, 0xD923, 0xD923, 0xD923, 0xD923, 0xD923, 0xD923, 0xD923,
  0xD923, 0xD923, 0xD923, 0xD923, 0xD923, 0xD923, 0xD923, 0xD923, 0xD923, 0xD923, 0xD923, 0xD923,
  0xD923, 0xD923, 0xD923, 0xD923, 0xD923, 0xD923, 0xD923, 0xD923, 0xD923, 0xD923, 0xD923, 0xD923,
  0xD923, 0xD923, 0xD923, 0xD923, 0xD923, 0xD923, 0xD923, 0xD923, 0xD923, 0xD923, 0xD923, 0xD923,
  0xD923, 0xD923, 0xD923, 0xD923, 0xD923, 0xD923, 0xD923, 0xD923, 0xD923, 0xD923, 0xD923, 0xD923,
  0xD923, 0xD923, 0xD923, 0xD923, 0xD923, 0xD923, 0xD923, 0xD923, 0xD923, 0xD923, 0xD923, 0xD923,
  0xD923, 0xD923, 0xD923, 0xD923, 0xD923, 0xD923, 0xD923, 0xD923, 0xD923, 0xD923, 0xD923, 0xD923,
  0xD923, 0xD923, 0xD923, 0xD923, 0xD923, 0xD923, 0xD923, 0xD923, 0xD923, 0xD923, 0xD923, 0xD923,
  0xD923, 0xD923, 0xD923, 0xD923, 0xD923, 0xD923, 0xD923, 0xD923, 0xD923, 0xD923, 0xD923, 0xD923,
  0xD923, 0xD923, 0xD923, 0xD923, 0xD923, 0xD923, 0xD923, 0xD923, 0xD923, 0xD923, 0xD923, 0xD923,
  0xD923, 0xD923, 0xD923, 0xD923, 0xD923, 0xD923, 0xD923, 0xD923, 0xD923, 0xD923, 0xD923, 0xD923,
  0xD923, 0xD923, 0xD923, 0xD923, 0xD923, 0xD923, 0xD923, 0xD923, 0xD923, 0xD923, 0xD923, 0xD923,
  0xD923, 0xD923, 0xD923, 0xD923, 0xD923, 0xD923, 0xD923, 0xD923, 0xD923, 0xD923, 0xD923, 0xD923,
  0xD923, 0xD923, 0xD923, 0xD923, 0xD923, 0xD923, 0xD923, 0xD923, 0xD923, 0xD123, 0xD182, 0xFF62,
  0xF701, 0xDAC2, 0xD0C3, 0xD924, 0xD922, 0xD923, 0xD924, 0xD924, 0xD923, 0xD923, 0xD923, 0xD923,
  0xD923, 0xD923, 0xD923, 0xD923, 0xD923, 0xD923, 0xD923, 0xD923, 0xD923, 0xD923, 0xD923, 0xD923,
  0xD923, 0xD923, 0xD923, 0xD923, 0xD923, 0xD923, 0xD923, 0xD904, 0xD923, 0xD923, 0xD923, 0xD943,
  0xD0C3, 0xD202, 0xF602, 0xFFE2, 0xD2C1, 0xD8C4, 0xD943, 0xD923, 0xD923, 0xD923, 0xD923, 0xD923,
  0xD923, 0xD923, 0xD923, 0xD923, 0xD923, 0xD923, 0xD923, 0xD923, 0xD923, 0xD923, 0xD923, 0xD923,
  0xD923, 0xD923, 0xD923, 0xD923, 0xD923, 0xD923, 0xD923, 0xD923, 0xD923, 0xD923, 0xD923, 0xD923,
  0xD923, 0xD923, 0xD923, 0xD923, 0xD923, 0xD923, 0xD923, 0xD923, 0xD923, 0xD923, 0xD923, 0xD923,
  0xD923, 0xD923, 0xD923, 0xD923, 0xD923, 0xD923, 0xD923, 0xD923, 0xD923, 0xD923, 0xD923, 0xD923,
  0xD923, 0xD923, 0xD923, 0xD923, 0xD923, 0xD923, 0xD923, 0xD923, 0xD923, 0xD923, 0xD923, 0xD923,
  0xD923, 0xD923, 0xD923, 0xD923, 0xD923, 0xD923, 0xD923, 0xD923, 0xD923, 0xD923, 0xD923, 0xD923,
  0xD923, 0xD923, 0xD923, 0xD923, 0xD923, 0xD923, 0xD923, 0xD923, 0xD923, 0xD923, 0xD923, 0xD923,
  0xD923, 0xD923, 0xD923, 0xD923, 0xD923, 0xD923, 0xD923, 0xD923, 0xD923, 0xD923, 0xD923, 0xD923,
  0xD923, 0xD923, 0xD923, 0xD923, 0xD923, 0xD923, 0xD923, 0xD923, 0xD923, 0xD923, 0xD923, 0xD923,
  0xD923, 0xD923, 0xD923, 0xD923, 0xD923, 0xD923, 0xD923, 0xD923, 0xD923, 0xD923, 0xD923, 0xD923,
  0xD923, 0xD923, 0xD923, 0xD923, 0xD923, 0xD923, 0xD923, 0xD923, 0xD923, 0xD923, 0xD923, 0xD923,
  0xD923, 0xD923, 0xD923, 0xD923, 0xD923, 0xD923, 0xD923, 0xD923, 0xD923, 0xD923, 0xD923, 0xD923,
  0xD923, 0xD923, 0xD923, 0xD923, 0xD923, 0xD923, 0xD923, 0xD923, 0xD923, 0xD923, 0xD923, 0xD923,
  0xD923, 0xD923, 0xD923, 0xD923, 0xD923, 0xD923, 0xD923, 0xD923, 0xD923, 0xD923, 0xD923, 0xD923,
  0xD923, 0xD923, 0xD923, 0xD923, 0xD923, 0xD923, 0xD923, 0xD923, 0xD923, 0xD923, 0xD923, 0xD923,
  0xD923, 0xD923, 0xD923, 0xD923, 0xD923, 0xD923, 0xD923, 0xD923, 0xD943, 0xD8C4, 0xDB82, 0xEDC2,
  0xD183, 0xD0E3, 0xD943, 0xD923, 0xD923, 0xD923, 0xD923, 0xD923, 0xD923, 0xD923, 0xD923, 0xD923,
  0xD923, 0xD923, 0xD923, 0xD923, 0xD923, 0xD923, 0xD923, 0xD923, 0xD923, 0xD923, 0xD923, 0xD923,
  0xD923, 0xD923, 0xD923, 0xD923, 0xD923, 0xD923, 0xD923, 0xD923, 0xD923, 0xD923, 0xD923, 0xD943,
  0xD924, 0xD8E3, 0xC941, 0xE4E3, 0xE482, 0xD8C3, 0xD924, 0xD923, 0xD923, 0xD923, 0xD923, 0xD923,
  0xD923, 0xD923, 0xD923, 0xD923, 0xD923, 0xD923, 0xD923, 0xD923, 0xD923, 0xD923, 0xD923, 0xD923,
  0xD923, 0xD923, 0xD923, 0xD923, 0xD923, 0xD923, 0xD923, 0xD923, 0xD923, 0xD923, 0xD923, 0xD923,
  0xD923, 0xD923, 0xD923, 0xD923, 0xD923, 0xD923, 0xD923, 0xD923, 0xD923, 0xD923, 0xD923, 0xD923,
  0xD923, 0xD923, 0xD923, 0xD923, 0xD923, 0xD923, 0xD923, 0xD923, 0xD923, 0xD923, 0xD923, 0xD923,
  0xD923, 0xD923, 0xD923, 0xD923, 0xD923, 0xD923, 0xD923, 0xD923, 0xD923, 0xD923, 0xD923, 0xD923,
  0xD923, 0xD923, 0xD923, 0xD923, 0xD923, 0xD923, 0xD923, 0xD923, 0xD923, 0xD923, 0xD923, 0xD923,
  0xD923, 0xD923, 0xD923, 0xD923, 0xD923, 0xD923, 0xD923, 0xD923, 0xD923, 0xD923, 0xD923, 0xD923,
  0xD923, 0xD923, 0xD923, 0xD923, 0xD923, 0xD923, 0xD923, 0xD923, 0xD923, 0xD923, 0xD923, 0xD923,
  0xD923, 0xD923, 0xD923, 0xD923, 0xD923, 0xD923, 0xD923, 0xD923, 0xD923, 0xD923, 0xD923, 0xD923,
  0xD923, 0xD923, 0xD923, 0xD923, 0xD923, 0xD923, 0xD923, 0xD923, 0xD923, 0xD923, 0xD923, 0xD923,
  0xD923, 0xD923, 0xD923, 0xD923, 0xD923, 0xD923, 0xD923, 0xD923, 0xD923, 0xD923, 0xD923, 0xD923,
  0xD923, 0xD923, 0xD923, 0xD923, 0xD923, 0xD923, 0xD923, 0xD923, 0xD923, 0xD923, 0xD923, 0xD923,
  0xD923, 0xD923, 0xD923, 0xD923, 0xD923, 0xD923, 0xD923, 0xD923, 0xD923, 0xD923, 0xD923, 0xD923,
  0xD923, 0xD923, 0xD923, 0xD923, 0xD923, 0xD923, 0xD923, 0xD923, 0xD923, 0xD923, 0xD923, 0xD923,
  0xD923, 0xD923, 0xD923, 0xD923, 0xD923, 0xD923, 0xD923, 0xD923, 0xD923, 0xD923, 0xD923, 0xD923,
  0xD923, 0xD923, 0xD923, 0xD923, 0xD923, 0xD923, 0xD923, 0xD923, 0xD923, 0xD922, 0xD9E4, 0xD123,
  0xD8E3, 0xD924, 0xD923, 0xD923, 0xD923, 0xD923, 0xD923, 0xD923, 0xD923, 0xD923, 0xD923, 0xD923,
  0xD923, 0xD923, 0xD923, 0xD923, 0xD923, 0xD923, 0xD923, 0xD923, 0xD923, 0xD923, 0xD923, 0xD923,
  0xD923, 0xD923, 0xD923, 0xD923, 0xD923, 0xD923, 0xD923, 0xD923, 0xD923, 0xD923, 0xD923, 0xD924,
  0xD923, 0xE123, 0xD904, 0xD0E3, 0xD203, 0xD143, 0xD924, 0xD923, 0xD923, 0xD923, 0xD923, 0xD923,
  0xD923, 0xD923, 0xD923, 0xD923, 0xD923, 0xD923, 0xD923, 0xD923, 0xD923, 0xD923, 0xD923, 0xD923,
  0xD923, 0xD923, 0xD923, 0xD923, 0xD923, 0xD923, 0xD923, 0xD923, 0xD923, 0xD923, 0xD923, 0xD923,
  0xD923, 0xD923, 0xD923, 0xD923, 0xD923, 0xD923, 0xD923, 0xD923, 0xD923, 0xD923, 0xD923, 0xD923,
  0xD923, 0xD923, 0xD923, 0xD923, 0xD923, 0xD923, 0xD923, 0xD923, 0xD923, 0xD923, 0xD923, 0xD923,
  0xD923, 0xD923, 0xD923, 0xD923, 0xD923, 0xD923, 0xD923, 0xD923, 0xD923, 0xD923, 0xD923, 0xD923,
  0xD923, 0xD923, 0xD923, 0xD923, 0xD923, 0xD923, 0xD923, 0xD923, 0xD923, 0xD923, 0xD923, 0xD923,
  0xD923, 0xD923, 0xD923, 0xD923, 0xD923, 0xD923, 0xD923, 0xD923, 0xD923, 0xD923, 0xD923, 0xD923,
  0xD923, 0xD923, 0xD923, 0xD923, 0xD923, 0xD923, 0xD923, 0xD923, 0xD923, 0xD923, 0xD923, 0xD923,
  0xD923, 0xD923, 0xD923, 0xD923, 0xD923, 0xD923, 0xD923, 0xD923, 0xD923, 0xD923, 0xD923, 0xD923,
  0xD923, 0xD923, 0xD923, 0xD923, 0xD923, 0xD923, 0xD923, 0xD923, 0xD923, 0xD923, 0xD923, 0xD923,
  0xD923, 0xD923, 0xD923, 0xD923, 0xD923, 0xD923, 0xD923, 0xD923, 0xD923, 0xD923, 0xD923, 0xD923,
  0xD923, 0xD923, 0xD923, 0xD923, 0xD923, 0xD923, 0xD923, 0xD923, 0xD923, 0xD923, 0xD923, 0xD923,
  0xD923, 0xD923, 0xD923, 0xD923, 0xD923, 0xD923, 0xD923, 0xD923, 0xD923, 0xD923, 0xD923, 0xD923,
  0xD923, 0xD923, 0xD923, 0xD923, 0xD923, 0xD923, 0xD923, 0xD923, 0xD923, 0xD923, 0xD923, 0xD923,
  0xD923, 0xD923, 0xD923, 0xD923, 0xD923, 0xD923, 0xD923, 0xD923, 0xD923, 0xD923, 0xD923, 0xD923,
  0xD923, 0xD923, 0xD923, 0xD923, 0xD923, 0xD923, 0xD923, 0xD923, 0xD923, 0xD923, 0xD904, 0xE104,
  0xD943, 0xD143, 0xD923, 0xD923, 0xD923, 0xD923, 0xD923, 0xD923, 0xD923, 0xD923, 0xD923, 0xD923,
  0xD923, 0xD923, 0xD923, 0xD923, 0xD923, 0xD923, 0xD923, 0xD923, 0xD923, 0xD923, 0xD923, 0xD923,
  0xD923, 0xD923, 0xD923, 0xD923, 0xD923, 0xD923, 0xD923, 0xD923, 0xD923, 0xD923, 0xD923, 0xD923,
  0xD923, 0xD924, 0xD923, 0xD924, 0xD8E5, 0xD943, 0xD923, 0xD923, 0xD923, 0xD923, 0xD923, 0xD923,
  0xD923, 0xD923, 0xD923, 0xD923, 0xD923, 0xD923, 0xD923, 0xD923, 0xD923, 0xD923, 0xD923, 0xD923,
  0xD923, 0xD923, 0xD923, 0xD923, 0xD923, 0xD923, 0xD923, 0xD923, 0xD923, 0xD923, 0xD923, 0xD923,
  0xD923, 0xD923, 0xD923, 0xD923, 0xD923, 0xD923, 0xD923, 0xD923, 0xD923, 0xD923, 0xD923, 0xD923,
  0xD923, 0xD923, 0xD923, 0xD923, 0xD923, 0xD923, 0xD923, 0xD923, 0xD923, 0xD923, 0xD923, 0xD923,
  0xD923, 0xD923, 0xD923, 0xD923, 0xD923, 0xD923, 0xD923, 0xD923, 0xD923, 0xD923, 0xD923, 0xD923,
  0xD923, 0xD923, 0xD923, 0xD923, 0xD923, 0xD923, 0xD923, 0xD923, 0xD923, 0xD923, 0xD923, 0xD923,
  0xD923, 0xD923, 0xD923, 0xD923, 0xD923, 0xD923, 0xD923, 0xD923, 0xD923, 0xD923, 0xD923, 0xD923,
  0xD923, 0xD923, 0xD923, 0xD923, 0xD923, 0xD923, 0xD923, 0xD923, 0xD923, 0xD923, 0xD923, 0xD923,
  0xD923, 0xD923, 0xD923, 0xD923, 0xD923, 0xD923, 0xD923, 0xD923, 0xD923, 0xD923, 0xD923, 0xD923,
  0xD923, 0xD923, 0xD923, 0xD923, 0xD923, 0xD923, 0xD923, 0xD923, 0xD923, 0xD923, 0xD923, 0xD923,
  0xD923, 0xD923, 0xD923, 0xD923, 0xD923, 0xD923, 0xD923, 0xD923, 0xD923, 0xD923, 0xD923, 0xD923,
  0xD923, 0xD923, 0xD923, 0xD923, 0xD923, 0xD923, 0xD923, 0xD923, 0xD923, 0xD923, 0xD923, 0xD923,
  0xD923, 0xD923, 0xD923, 0xD923, 0xD923, 0xD923, 0xD923, 0xD923, 0xD923, 0xD923, 0xD923, 0xD923,
  0xD923, 0xD923, 0xD923, 0xD923, 0xD923, 0xD923, 0xD923, 0xD923, 0xD923, 0xD923, 0xD923, 0xD923,
  0xD923, 0xD923, 0xD923, 0xD923, 0xD923, 0xD923, 0xD923, 0xD923, 0xD923, 0xD923, 0xD923, 0xD923,
  0xD923, 0xD923, 0xD923, 0xD923, 0xD923, 0xD923, 0xD923, 0xD923, 0xD923, 0xD923, 0xD143, 0xD942,
  0xE103, 0xD924, 0xD923, 0xD923, 0xD923, 0xD923, 0xD923, 0xD923, 0xD923, 0xD923, 0xD923, 0xD923,
  0xD923, 0xD923, 0xD923, 0xD923, 0xD923, 0xD923, 0xD923, 0xD923, 0xD923, 0xD923, 0xD923, 0xD923,
  0xD923, 0xD923, 0xD923, 0xD923, 0xD923, 0xD923, 0xD923, 0xD923, 0xD923, 0xD923, 0xD923, 0xD923,
  0xD923, 0xD923, 0xD943, 0xD924, 0xD922, 0xD924, 0xD923, 0xD923, 0xD923, 0xD923, 0xD923, 0xD923,
  0xD923, 0xD923, 0xD923, 0xD923, 0xD923, 0xD923, 0xD923, 0xD923, 0xD923, 0xD923, 0xD923, 0xD923,
  0xD923, 0xD923, 0xD923, 0xD923, 0xD923, 0xD923, 0xD923, 0xD923, 0xD923, 0xD923, 0xD923, 0xD923,
  0xD923, 0xD923, 0xD923, 0xD923, 0xD923, 0xD923, 0xD923, 0xD923, 0xD923, 0xD923, 0xD923, 0xD923,
  0xD923, 0xD923, 0xD923, 0xD923, 0xD923, 0xD923, 0xD923, 0xD923, 0xD923, 0xD923, 0xD923, 0xD923,
  0xD923, 0xD923, 0xD923, 0xD923, 0xD923, 0xD923, 0xD923, 0xD923, 0xD923, 0xD923, 0xD923, 0xD923,
  0xD923, 0xD923, 0xD923, 0xD923, 0xD923, 0xD923, 0xD923, 0xD923, 0xD923, 0xD923, 0xD923, 0xD923,
  0xD923, 0xD923, 0xD923, 0xD923, 0xD923, 0xD923, 0xD923, 0xD923, 0xD923, 0xD923, 0xD923, 0xD923,
  0xD923, 0xD923, 0xD923, 0xD923, 0xD923, 0xD923, 0xD923, 0xD923, 0xD923, 0xD923, 0xD923, 0xD923,
  0xD923, 0xD923, 0xD923, 0xD923, 0xD923, 0xD923, 0xD923, 0xD923, 0xD923, 0xD923, 0xD923, 0xD923,
  0xD923, 0xD923, 0xD923, 0xD923, 0xD923, 0xD923, 0xD923, 0xD923, 0xD923, 0xD923, 0xD923, 0xD923,
  0xD923, 0xD923, 0xD923, 0xD923, 0xD923, 0xD923, 0xD923, 0xD923, 0xD923, 0xD923, 0xD923, 0xD923,
  0xD923, 0xD923, 0xD923, 0xD923, 0xD923, 0xD923, 0xD923, 0xD923, 0xD923, 0xD923, 0xD923, 0xD923,
  0xD923, 0xD923, 0xD923, 0xD923, 0xD923, 0xD923, 0xD923, 0xD923, 0xD923, 0xD923, 0xD923, 0xD923,
  0xD923, 0xD923, 0xD923, 0xD923, 0xD923, 0xD923, 0xD923, 0xD923, 0xD923, 0xD923, 0xD923, 0xD923,
  0xD923, 0xD923, 0xD923, 0xD923, 0xD923, 0xD923, 0xD923, 0xD923, 0xD923, 0xD923, 0xD923, 0xD923,
  0xD923, 0xD923, 0xD923, 0xD923, 0xD923, 0xD923, 0xD923, 0xD923, 0xD923, 0xD923, 0xD923, 0xD923,
  0xD923, 0xD923, 0xD923, 0xD923, 0xD923, 0xD923, 0xD923, 0xD923, 0xD923, 0xD923, 0xD923, 0xD923,
  0xD923, 0xD923, 0xD923, 0xD923, 0xD923, 0xD923, 0xD923, 0xD923, 0xD923, 0xD923, 0xD923, 0xD923,
  0xD923, 0xD923, 0xD923, 0xD923, 0xD923, 0xD923, 0xD923, 0xD923, 0xD923, 0xD923, 0xD923, 0xD923,
  0xD923, 0xD923, 0xD923, 0xD923, 0xD923, 0xD923, 0xD923, 0xD923, 0xD923, 0xD923, 0xD923, 0xD923,
  0xD923, 0xD923, 0xD923, 0xD923, 0xD923, 0xD923, 0xD923, 0xD923, 0xD923, 0xD923, 0xD923, 0xD923,
  0xD923, 0xD923, 0xD923, 0xD923, 0xD923, 0xD923, 0xD923, 0xD923, 0xD923, 0xD923, 0xD923, 0xD923,
  0xD923, 0xD923, 0xD923, 0xD923, 0xD923, 0xD923, 0xD923, 0xD923, 0xD923, 0xD923, 0xD923, 0xD923,
  0xD923, 0xD923, 0xD923, 0xD923, 0xD923, 0xD923, 0xD923, 0xD923, 0xD923, 0xD923, 0xD923, 0xD923,
  0xD923, 0xD923, 0xD923, 0xD923, 0xD923, 0xD923, 0xD923, 0xD923, 0xD923, 0xD923, 0xD923, 0xD923,
  0xD923, 0xD923, 0xD923, 0xD923, 0xD923, 0xD923, 0xD923, 0xD923, 0xD923, 0xD923, 0xD923, 0xD923,
  0xD923, 0xD923, 0xD923, 0xD923, 0xD923, 0xD923, 0xD923, 0xD923, 0xD923, 0xD923, 0xD923, 0xD923,
  0xD923, 0xD923, 0xD923, 0xD923, 0xD923, 0xD923, 0xD923, 0xD923, 0xD923, 0xD923, 0xD923, 0xD923,
  0xD923, 0xD923, 0xD923, 0xD923, 0xD923, 0xD923, 0xD923, 0xD923, 0xD923, 0xD923, 0xD923, 0xD923,
  0xD923, 0xD923, 0xD923, 0xD923, 0xD923, 0xD923, 0xD923, 0xD923, 0xD923, 0xD923, 0xD923, 0xD923,
  0xD923, 0xD923, 0xD923, 0xD923, 0xD923, 0xD923, 0xD923, 0xD923, 0xD923, 0xD923, 0xD923, 0xD923,
  0xD923, 0xD923, 0xD923, 0xD923, 0xD923, 0xD923, 0xD923, 0xD923, 0xD923, 0xD923, 0xD923, 0xD923,
  0xD923, 0xD923, 0xD923, 0xD923, 0xD923, 0xD923, 0xD923, 0xD923, 0xD923, 0xD923, 0xD923, 0xD923,
  0xD923, 0xD923, 0xD923, 0xD923, 0xD923, 0xD923, 0xD923, 0xD923, 0xD923, 0xD923, 0xD923, 0xD923,
  0xD923, 0xD923, 0xD923, 0xD923, 0xD923, 0xD923, 0xD923, 0xD923, 0xD923, 0xD923, 0xD923, 0xD923,
  0xD923, 0xD923, 0xD923, 0xD923, 0xD923, 0xD923, 0xD923, 0xD923, 0xD923, 0xD923, 0xD923, 0xD923,
  0xD923, 0xD923, 0xD923, 0xD923, 0xD923, 0xD923, 0xD923, 0xD923, 0xD923, 0xD923, 0xD923, 0xD923,
  0xD923, 0xD923, 0xD923, 0xD923, 0xD923, 0xD923, 0xD923, 0xD923, 0xD923, 0xD923, 0xD923, 0xD923,
  0xD923, 0xD923, 0xD923, 0xD923, 0xD923, 0xD923, 0xD923, 0xD923, 0xD923, 0xD923, 0xD923, 0xD923,
  0xD923, 0xD923, 0xD923, 0xD923, 0xD923, 0xD923, 0xD923, 0xD923, 0xD923, 0xD923, 0xD923, 0xD923,
  0xD923, 0xD923, 0xD923, 0xD923, 0xD923, 0xD923, 0xD923, 0xD923, 0xD923, 0xD923, 0xD923, 0xD923,
  0xD923, 0xD923, 0xD923, 0xD923, 0xD923, 0xD923, 0xD923, 0xD923, 0xD923, 0xD923, 0xD923, 0xD923,
  0xD923, 0xD923, 0xD923, 0xD923, 0xD923, 0xD923, 0xD923, 0xD923, 0xD923, 0xD923, 0xD923, 0xD923,
  0xD923, 0xD923, 0xD923, 0xD923, 0xD923, 0xD923, 0xD923, 0xD923, 0xD923, 0xD923, 0xD923, 0xD923,
  0xD923, 0xD923, 0xD923, 0xD923, 0xD923, 0xD923, 0xD923, 0xD923, 0xD923, 0xD923, 0xD923, 0xD923,
  0xD923, 0xD923, 0xD923, 0xD923, 0xD923, 0xD923, 0xD923, 0xD923, 0xD923, 0xD923, 0xD923, 0xD923,
  0xD923, 0xD923, 0xD923, 0xD923, 0xD923, 0xD923, 0xD923, 0xD923, 0xD923, 0xD923, 0xD923, 0xD923,
  0xD923, 0xD923, 0xD923, 0xD923, 0xD923, 0xD923, 0xD923, 0xD923, 0xD923, 0xD923, 0xD923, 0xD923,
  0xD923, 0xD923, 0xD923, 0xD923, 0xD923, 0xD923, 0xD923, 0xD923, 0xD923, 0xD923, 0xD923, 0xD923,
  0xD923, 0xD923, 0xD923, 0xD923, 0xD923, 0xD923, 0xD923, 0xD923, 0xD923, 0xD923, 0xD923, 0xD923,
  0xD923, 0xD923, 0xD923, 0xD923, 0xD923, 0xD923, 0xD923, 0xD923, 0xD923, 0xD923, 0xD923, 0xD923,
  0xD923, 0xD923, 0xD923, 0xD923, 0xD923, 0xD923, 0xD923, 0xD923, 0xD923, 0xD923, 0xD923, 0xD923,
  0xD923, 0xD923, 0xD923, 0xD923, 0xD923, 0xD923, 0xD923, 0xD923, 0xD923, 0xD923, 0xD923, 0xD923,
  0xD923, 0xD923, 0xD923, 0xD923, 0xD923, 0xD923, 0xD923, 0xD923, 0xD923, 0xD923, 0xD923, 0xD923,
  0xD923, 0xD923, 0xD923, 0xD923, 0xD923, 0xD923, 0xD923, 0xD923, 0xD923, 0xD923, 0xD923, 0xD923,
  0xD923, 0xD923, 0xD923, 0xD923, 0xD923, 0xD923, 0xD923, 0xD923, 0xD923, 0xD923, 0xD923, 0xD923,
  0xD923, 0xD923, 0xD923, 0xD923, 0xD923, 0xD923, 0xD923, 0xD923, 0xD923, 0xD923, 0xD923, 0xD923,
  0xD923, 0xD923, 0xD923, 0xD923, 0xD923, 0xD923, 0xD923, 0xD923, 0xD923, 0xD923, 0xD923, 0xD923,
  0xD923, 0xD923, 0xD923, 0xD923, 0xD923, 0xD923, 0xD923, 0xD923, 0xD923, 0xD923, 0xD923, 0xD923,
  0xD923, 0xD923, 0xD923, 0xD923, 0xD923, 0xD923, 0xD923, 0xD923, 0xD923, 0xD923, 0xD923, 0xD923,
  0xD923, 0xD923, 0xD923, 0xD923, 0xD923, 0xD923, 0xD923, 0xD923, 0xD923, 0xD923, 0xD923, 0xD923,
  0xD923, 0xD923, 0xD923, 0xD923, 0xD923, 0xD923, 0xD923, 0xD923, 0xD923, 0xD923, 0xD923, 0xD923,
  0xD923, 0xD923, 0xD923, 0xD923, 0xD923, 0xD923, 0xD923, 0xD923, 0xD923, 0xD923, 0xD923, 0xD923,
  0xD923, 0xD923, 0xD923, 0xD923, 0xD923, 0xD923, 0xD923, 0xD923, 0xD923, 0xD923, 0xD923, 0xD923,
  0xD923, 0xD923, 0xD923, 0xD923, 0xD923, 0xD923, 0xD923, 0xD923, 0xD923, 0xD923, 0xD923, 0xD923,
  0xD923, 0xD923, 0xD923, 0xD923, 0xD923, 0xD923, 0xD923, 0xD923, 0xD923, 0xD923, 0xD923, 0xD923,
  0xD923, 0xD923, 0xD923, 0xD923, 0xD923, 0xD923, 0xD923, 0xD923, 0xD923, 0xD923, 0xD923, 0xD923,
  0xD923, 0xD923, 0xD923, 0xD923, 0xD923, 0xD923, 0xD923, 0xD923, 0xD923, 0xD923, 0xD923, 0xD923,
  0xD923, 0xD923, 0xD923, 0xD923, 0xD923, 0xD923, 0xD923, 0xD923, 0xD923, 0xD923, 0xD923, 0xD923,
  0xD923, 0xD923, 0xD923, 0xD923, 0xD923, 0xD923, 0xD923, 0xD923, 0xD923, 0xD923, 0xD923, 0xD923,
  0xD923, 0xD923, 0xD923, 0xD923, 0xD923, 0xD923, 0xD923, 0xD923, 0xD923, 0xD923, 0xD923, 0xD923,
  0xD923, 0xD923, 0xD923, 0xD923, 0xD923, 0xD923, 0xD923, 0xD923, 0xD923, 0xD923, 0xD923, 0xD923,
  0xD923, 0xD923, 0xD923, 0xD923, 0xD923, 0xD923, 0xD923, 0xD923, 0xD923, 0xD923, 0xD923, 0xD923,
  0xD923, 0xD923, 0xD923, 0xD923, 0xD923, 0xD923, 0xD923, 0xD923, 0xD923, 0xD923, 0xD923, 0xD923,
  0xD923, 0xD923, 0xD923, 0xD923, 0xD923, 0xD923, 0xD923, 0xD923, 0xD923, 0xD923, 0xD923, 0xD923,
  0xD923, 0xD923, 0xD923, 0xD923, 0xD923, 0xD923, 0xD923, 0xD923, 0xD923, 0xD923, 0xD923, 0xD923,
  0xD923, 0xD923, 0xD923, 0xD923, 0xD923, 0xD923, 0xD923, 0xD923, 0xD923, 0xD923, 0xD923, 0xD923,
  0xD923, 0xD923, 0xD923, 0xD923, 0xD923, 0xD923, 0xD923, 0xD923, 0xD923, 0xD923, 0xD923, 0xD923,
  0xD923, 0xD923, 0xD923, 0xD923, 0xD923, 0xD923, 0xD923, 0xD923, 0xD923, 0xD923, 0xD923, 0xD923,
  0xD923, 0xD923, 0xD923, 0xD923, 0xD923, 0xD923, 0xD923, 0xD923, 0xD923, 0xD923, 0xD923, 0xD923,
  0xD923, 0xD923, 0xD923, 0xD923, 0xD923, 0xD923, 0xD923, 0xD923, 0xD923, 0xD923, 0xD923, 0xD923,
  0xD923, 0xD923, 0xD923, 0xD923, 0xD923, 0xD923, 0xD923, 0xD923, 0xD923, 0xD923, 0xD923, 0xD923,
  0xD923, 0xD923, 0xD923, 0xD923, 0xD923, 0xD923, 0xD923, 0xD923, 0xD923, 0xD923, 0xD923, 0xD923,
  0xD923, 0xD923, 0xD923, 0xD923, 0xD923, 0xD923, 0xD923, 0xD923, 0xD923, 0xD923, 0xD923, 0xD923,
  0xD923, 0xD923, 0xD923, 0xD923, 0xD923, 0xD923, 0xD923, 0xD923, 0xD923, 0xD923, 0xD923, 0xD923,
  0xD923, 0xD923, 0xD923, 0xD923, 0xD923, 0xD923, 0xD923, 0xD923, 0xD923, 0xD923, 0xD923, 0xD923,
  0xD923, 0xD923, 0xD923, 0xD923, 0xD923, 0xD923, 0xD923, 0xD923, 0xD923, 0xD923, 0xD923, 0xD923,
  0xD923, 0xD923, 0xD923, 0xD923, 0xD923, 0xD923, 0xD923, 0xD923, 0xD923, 0xD923, 0xD923, 0xD923,
  0xD923, 0xD923, 0xD923, 0xD923, 0xD923, 0xD923, 0xD923, 0xD923, 0xD923, 0xD923, 0xD923, 0xD923,
  0xD923, 0xD923, 0xD923, 0xD923, 0xD923, 0xD923, 0xD923, 0xD923, 0xD923, 0xD923, 0xD923, 0xD923,
  0xD923, 0xD923, 0xD923, 0xD923, 0xD923, 0xD923, 0xD923, 0xD923, 0xD923, 0xD923, 0xD923, 0xD923,
  0xD923, 0xD923, 0xD923, 0xD923, 0xD923, 0xD923, 0xD923, 0xD923, 0xD923, 0xD923, 0xD923, 0xD923,
  0xD923, 0xD923, 0xD923, 0xD923, 0xD923, 0xD923, 0xD923, 0xD923, 0xD923, 0xD923, 0xD923, 0xD923,
  0xD923, 0xD923, 0xD923, 0xD923, 0xD923, 0xD923, 0xD923, 0xD923, 0xD923, 0xD923, 0xD923, 0xD923,
  0xD923, 0xD923, 0xD923, 0xD923, 0xD923, 0xD923, 0xD923, 0xD923, 0xD923, 0xD923, 0xD923, 0xD923,
  0xD923, 0xD923, 0xD923, 0xD923, 0xD923, 0xD923, 0xD923, 0xD923, 0xD923, 0xD923, 0xD923, 0xD923,
  0xD923, 0xD923, 0xD923, 0xD923, 0xD923, 0xD923, 0xD923, 0xD923, 0xD923, 0xD923, 0xD923, 0xD923,
  0xD923, 0xD923, 0xD923, 0xD923, 0xD923, 0xD923, 0xD923, 0xD923, 0xD923, 0xD923, 0xD923, 0xD923,
  0xD923, 0xD923, 0xD923, 0xD923, 0xD923, 0xD923, 0xD923, 0xD923, 0xD923, 0xD923, 0xD923, 0xD923,
  0xD923, 0xD923, 0xD923, 0xD923, 0xD923, 0xD923, 0xD923, 0xD923, 0xD923, 0xD923, 0xD923, 0xD923,
  0xD923, 0xD923, 0xD923, 0xD923, 0xD923, 0xD923, 0xD923, 0xD923, 0xD923, 0xD923, 0xD923, 0xD923,
  0xD923, 0xD923, 0xD923, 0xD923, 0xD923, 0xD923, 0xD923, 0xD923, 0xD923, 0xD923, 0xD923, 0xD923,
  0xD923, 0xD923, 0xD923, 0xD923, 0xD923, 0xD923, 0xD923, 0xD923, 0xD923, 0xD923, 0xD923, 0xD923,
  0xD923, 0xD923, 0xD923, 0xD923, 0xD923, 0xD923, 0xD923, 0xD923, 0xD923, 0xD923, 0xD923, 0xD923,
  0xD923, 0xD923, 0xD923, 0xD923, 0xD923, 0xD923, 0xD923, 0xD923, 0xD923, 0xD923, 0xD923, 0xD923,
  0xD923, 0xD923, 0xD923, 0xD923, 0xD923, 0xD923, 0xD923, 0xD923, 0xD923, 0xD923, 0xD923, 0xD923,
  0xD923, 0xD923, 0xD923, 0xD923, 0xD923, 0xD923, 0xD923, 0xD923, 0xD923, 0xD923, 0xD923, 0xD923,
  0xD923, 0xD923, 0xD923, 0xD923, 0xD923, 0xD923, 0xD923, 0xD923, 0xD923, 0xD923, 0xD923, 0xD923,
  0xD923, 0xD923, 0xD923, 0xD923, 0xD923, 0xD923, 0xD923, 0xD923, 0xD923, 0xD923, 0xD923, 0xD923,
  0xD923, 0xD923, 0xD923, 0xD923, 0xD923, 0xD923, 0xD923, 0xD923, 0xD923, 0xD923, 0xD923, 0xD923,
  0xD923, 0xD923, 0xD923, 0xD923, 0xD923, 0xD923, 0xD923, 0xD923, 0xD923, 0xD923, 0xD923, 0xD923,
  0xD923, 0xD923, 0xD923, 0xD923, 0xD923, 0xD923, 0xD923, 0xD923, 0xD923, 0xD923, 0xD923, 0xD923,
  0xD923, 0xD923, 0xD923, 0xD923, 0xD923, 0xD923, 0xD923, 0xD923, 0xD923, 0xD923, 0xD923, 0xD923,
  0xD923, 0xD923, 0xD923, 0xD923, 0xD923, 0xD923, 0xD923, 0xD923, 0xD923, 0xD923, 0xD923, 0xD923,
  0xD923, 0xD923, 0xD923, 0xD923, 0xD923, 0xD923, 0xD923, 0xD923, 0xD923, 0xD923, 0xD923, 0xD923,
  0xD923, 0xD923, 0xD923, 0xD923, 0xD923, 0xD923, 0xD923, 0xD923, 0xD923, 0xD923, 0xD923, 0xD923,
  0xD923, 0xD923, 0xD923, 0xD923, 0xD923, 0xD923, 0xD923, 0xD923, 0xD923, 0xD923, 0xD923, 0xD923,
  0xD923, 0xD923, 0xD923, 0xD923, 0xD923, 0xD923, 0xD923, 0xD923, 0xD923, 0xD923, 0xD923, 0xD923,
  0xD923, 0xD923, 0xD923, 0xD923, 0xD923, 0xD923, 0xD923, 0xD923, 0xD923, 0xD923, 0xD923, 0xD923,
  0xD923, 0xD923, 0xD923, 0xD923, 0xD923, 0xD923, 0xD923, 0xD923, 0xD923, 0xD923, 0xD923, 0xD923,
  0xD923, 0xD923, 0xD923, 0xD923, 0xD923, 0xD923, 0xD923, 0xD923, 0xD923, 0xD923, 0xD923, 0xD923,
  0xD923, 0xD923, 0xD923, 0xD923, 0xD923, 0xD923, 0xD923, 0xD923, 0xD923, 0xD923, 0xD923, 0xD923,
  0xD923, 0xD923, 0xD923, 0xD923, 0xD923, 0xD923, 0xD923, 0xD923, 0xD923, 0xD923, 0xD923, 0xD923,
  0xD923, 0xD923, 0xD923, 0xD923, 0xD923, 0xD923, 0xD923, 0xD923, 0xD923, 0xD923, 0xD923, 0xD923,
  0xD923, 0xD923, 0xD923, 0xD923, 0xD923, 0xD923, 0xD923, 0xD923, 0xD923, 0xD923, 0xD923, 0xD923,
  0xD923, 0xD923, 0xD923, 0xD923, 0xD923, 0xD923, 0xD923, 0xD923, 0xD923, 0xD923, 0xD923, 0xD923,
  0xD923, 0xD923, 0xD923, 0xD923, 0xD923, 0xD923, 0xD923, 0xD923, 0xD923, 0xD923, 0xD923, 0xD923,
  0xD923, 0xD923, 0xD923, 0xD923, 0xD923, 0xD923, 0xD923, 0xD923, 0xD923, 0xD923, 0xD923, 0xD923,
  0xD923, 0xD923, 0xD923, 0xD923, 0xD923, 0xD923, 0xD923, 0xD923, 0xD923, 0xD923, 0xD923, 0xD923,
  0xD923, 0xD923, 0xD923, 0xD923, 0xD923, 0xD923, 0xD923, 0xD923, 0xD923, 0xD923, 0xD923, 0xD923,
  0xD923, 0xD923, 0xD923, 0xD923, 0xD923, 0xD923, 0xD923, 0xD923, 0xD923, 0xD923, 0xD923, 0xD923,
  0xD923, 0xD923, 0xD923, 0xD923, 0xD923, 0xD923, 0xD923, 0xD923, 0xD923, 0xD923, 0xD923, 0xD923,
  0xD923, 0xD923, 0xD923, 0xD923, 0xD923, 0xD923, 0xD923, 0xD923, 0xD923, 0xD923, 0xD923, 0xD923,
  0xD923, 0xD923, 0xD923, 0xD923, 0xD923, 0xD923, 0xD923, 0xD923, 0xD923, 0xD923, 0xD923, 0xD923,
  0xD923, 0xD923, 0xD923, 0xD923, 0xD923, 0xD923, 0xD923, 0xD923, 0xD923, 0xD923, 0xD923, 0xD923,
  0xD923, 0xD923, 0xD923, 0xD923, 0xD923, 0xD923, 0xD923, 0xD923, 0xD923, 0xD923, 0xD923, 0xD923,
  0xD923, 0xD923, 0xD923, 0xD923, 0xD923, 0xD923, 0xD923, 0xD923, 0xD923, 0xD923, 0xD923, 0xD923,
  0xD923, 0xD923, 0xD923, 0xD923, 0xD923, 0xD923, 0xD923, 0xD923, 0xD923, 0xD923, 0xD923, 0xD923,
  0xD923, 0xD923, 0xD923, 0xD923, 0xD923, 0xD923, 0xD923, 0xD923, 0xD923, 0xD923, 0xD923, 0xD923,
  0xD923, 0xD923, 0xD923, 0xD923, 0xD923, 0xD923, 0xD923, 0xD923, 0xD923, 0xD923, 0xD923, 0xD923,
  0xD923, 0xD923, 0xD923, 0xD923, 0xD923, 0xD923, 0xD923, 0xD923, 0xD923, 0xD923, 0xD923, 0xD923,
  0xD923, 0xD923, 0xD923, 0xD923, 0xD923, 0xD923, 0xD923, 0xD923, 0xD923, 0xD923, 0xD923, 0xD923,
  0xD923, 0xD923, 0xD923, 0xD923, 0xD923, 0xD923, 0xD923, 0xD923, 0xD923, 0xD923, 0xD923, 0xD923,
  0xD923, 0xD923, 0xD923, 0xD923, 0xD923, 0xD923, 0xD923, 0xD923, 0xD923, 0xD923, 0xD923, 0xD923,
  0xD923, 0xD923, 0xD923, 0xD923, 0xD923, 0xD923, 0xD923, 0xD923, 0xD923, 0xD923, 0xD923, 0xD923,
  0xD923, 0xD923, 0xD923, 0xD923, 0xD923, 0xD923, 0xD923, 0xD923, 0xD923, 0xD923, 0xD923, 0xD923,
  0xD923, 0xD923, 0xD923, 0xD923, 0xD923, 0xD923, 0xD923, 0xD923, 0xD923, 0xD923, 0xD923, 0xD923,
  0xD923, 0xD923, 0xD923, 0xD923, 0xD923, 0xD923, 0xD923, 0xD923, 0xD923, 0xD923, 0xD923, 0xD923,
  0xD923, 0xD923, 0xD923, 0xD923, 0xD923, 0xD923, 0xD923, 0xD923, 0xD923, 0xD923, 0xD923, 0xD923,
  0xD923, 0xD923, 0xD923, 0xD923, 0xD923, 0xD923, 0xD923, 0xD923, 0xD923, 0xD923, 0xD923, 0xD923,
  0xD923, 0xD923, 0xD923, 0xD923, 0xD923, 0xD923, 0xD923, 0xD923, 0xD923, 0xD923, 0xD923, 0xD923,
  0xD923, 0xD923, 0xD923, 0xD923, 0xD923, 0xD923, 0xD923, 0xD923, 0xD923, 0xD923, 0xD923, 0xD923,
  0xD923, 0xD923, 0xD923, 0xD923, 0xD923, 0xD923, 0xD923, 0xD923, 0xD923, 0xD923, 0xD923, 0xD923,
  0xD923, 0xD923, 0xD923, 0xD923, 0xD923, 0xD923, 0xD923, 0xD923, 0xD923, 0xD923, 0xD923, 0xD923,
  0xD923, 0xD923, 0xD923, 0xD923, 0xD923, 0xD923, 0xD923, 0xD923, 0xD923, 0xD923, 0xD923, 0xD923,
  0xD923, 0xD923, 0xD923, 0xD923, 0xD923, 0xD923, 0xD923, 0xD923, 0xD923, 0xD923, 0xD923, 0xD923,
  0xD923, 0xD923, 0xD923, 0xD923, 0xD923, 0xD923, 0xD923, 0xD923, 0xD923, 0xD923, 0xD923, 0xD923,
  0xD923, 0xD923, 0xD923, 0xD923, 0xD923, 0xD923, 0xD923, 0xD923, 0xD923, 0xD923, 0xD923, 0xD923,
  0xD923, 0xD923, 0xD923, 0xD923, 0xD923, 0xD923, 0xD923, 0xD923, 0xD923, 0xD923, 0xD923, 0xD923,
  0xD923, 0xD923, 0xD923, 0xD923, 0xD923, 0xD923, 0xD923, 0xD923, 0xD923, 0xD923, 0xD923, 0xD923,
  0xD923, 0xD923, 0xD923, 0xD923, 0xD923, 0xD923, 0xD923, 0xD923, 0xD923, 0xD923, 0xD923, 0xD923,
  0xD923, 0xD923, 0xD923, 0xD923, 0xD923, 0xD923, 0xD923, 0xD923, 0xD923, 0xD923, 0xD923, 0xD923,
  0xD923, 0xD923, 0xD923, 0xD923, 0xD923, 0xD923, 0xD923, 0xD923, 0xD923, 0xD923, 0xD923, 0xD923,
  0xD923, 0xD923, 0xD923, 0xD923, 0xD923, 0xD923, 0xD923, 0xD923, 0xD923, 0xD923, 0xD923, 0xD923,
  0xD923, 0xD923, 0xD923, 0xD923, 0xD923, 0xD923, 0xD923, 0xD923, 0xD923, 0xD923, 0xD923, 0xD923,
  0xD923, 0xD923, 0xD923, 0xD923, 0xD923, 0xD923, 0xD923, 0xD923, 0xD923, 0xD923, 0xD923, 0xD923,
  0xD923, 0xD923, 0xD923, 0xD923, 0xD923, 0xD923, 0xD923, 0xD923, 0xD923, 0xD923, 0xD923, 0xD923,
  0xD923, 0xD923, 0xD923, 0xD923, 0xD923, 0xD923, 0xD923, 0xD923, 0xD923, 0xD923, 0xD923, 0xD923,
  0xD923, 0xD923, 0xD923, 0xD923, 0xD923, 0xD923, 0xD923, 0xD923, 0xD923, 0xD923, 0xD923, 0xD923,
  0xD923, 0xD923, 0xD923, 0xD923, 0xD923, 0xD923, 0xD923, 0xD923, 0xD923, 0xD923, 0xD923, 0xD923,
  0xD923, 0xD923, 0xD923, 0xD923, 0xD923, 0xD923, 0xD923, 0xD923, 0xD923, 0xD923, 0xD923, 0xD923,
  0xD923, 0xD923, 0xD923, 0xD923, 0xD923, 0xD923, 0xD923, 0xD923, 0xD923, 0xD923, 0xD923, 0xD923,
  0xD923, 0xD923, 0xD923, 0xD923, 0xD923, 0xD923, 0xD923, 0xD923, 0xD923, 0xD923, 0xD923, 0xD923,
  0xD923, 0xD923, 0xD923, 0xD923, 0xD923, 0xD923, 0xD923, 0xD923, 0xD923, 0xD923, 0xD923, 0xD923,
  0xD923, 0xD923, 0xD923, 0xD923, 0xD923, 0xD923, 0xD923, 0xD923, 0xD923, 0xD923, 0xD923, 0xD923,
  0xD923, 0xD923, 0xD923, 0xD923, 0xD923, 0xD923, 0xD923, 0xD923, 0xD923, 0xD923, 0xD923, 0xD923,
  0xD923, 0xD923, 0xD923, 0xD923, 0xD923, 0xD923, 0xD923, 0xD923, 0xD923, 0xD923, 0xD923, 0xD923,
  0xD923, 0xD923, 0xD923, 0xD923, 0xD923, 0xD923, 0xD923, 0xD923, 0xD923, 0xD923, 0xD923, 0xD923,
  0xD923, 0xD923, 0xD923, 0xD923, 0xD923, 0xD923, 0xD923, 0xD923, 0xD923, 0xD923, 0xD923, 0xD923,
  0xD923, 0xD923, 0xD923, 0xD923, 0xD923, 0xD923, 0xD923, 0xD923, 0xD923, 0xD923, 0xD923, 0xD923,
  0xD923, 0xD923, 0xD923, 0xD923, 0xD923, 0xD923, 0xD923, 0xD923, 0xD923, 0xD923, 0xD923, 0xD923,
  0xD923, 0xD923, 0xD923, 0xD923, 0xD923, 0xD923, 0xD923, 0xD923, 0xD923, 0xD923, 0xD923, 0xD923,
  0xD923, 0xD923, 0xD923, 0xD923, 0xD923, 0xD923, 0xD923, 0xD923, 0xD923, 0xD923, 0xD923, 0xD923,
  0xD923, 0xD923, 0xD923, 0xD923, 0xD923, 0xD923, 0xD923, 0xD923, 0xD923, 0xD923, 0xD923, 0xD923,
  0xD923, 0xD923, 0xD923, 0xD923, 0xD923, 0xD923, 0xD923, 0xD923, 0xD923, 0xD923, 0xD923, 0xD923,
  0xD923, 0xD923, 0xD923, 0xD923, 0xD923, 0xD923, 0xD923, 0xD923, 0xD923, 0xD923, 0xD923, 0xD923,
  0xD923, 0xD923, 0xD923, 0xD923, 0xD923, 0xD923, 0xD923, 0xD923, 0xD923, 0xD923, 0xD923, 0xD923,
  0xD923, 0xD923, 0xD923, 0xD923, 0xD923, 0xD923, 0xD923, 0xD923, 0xD923, 0xD923, 0xD923, 0xD923,
  0xD923, 0xD923, 0xD923, 0xD923, 0xD923, 0xD923, 0xD923, 0xD923, 0xD923, 0xD923, 0xD923, 0xD923,
  0xD923, 0xD923, 0xD923, 0xD923, 0xD923, 0xD923, 0xD923, 0xD923, 0xD923, 0xD923, 0xD923, 0xD923,
  0xD923, 0xD923, 0xD923, 0xD923, 0xD923, 0xD923, 0xD923, 0xD923, 0xD923, 0xD923, 0xD923, 0xD923,
  0xD923, 0xD923, 0xD923, 0xD923, 0xD923, 0xD923, 0xD923, 0xD923, 0xD923, 0xD923, 0xD923, 0xD923,
  0xD923, 0xD923, 0xD923, 0xD923, 0xD923, 0xD923, 0xD923, 0xD923, 0xD923, 0xD923, 0xD923, 0xD923,
  0xD923, 0xD923, 0xD923, 0xD923, 0xD923, 0xD923, 0xD923, 0xD923, 0xD923, 0xD923, 0xD923, 0xD923,
  0xD923, 0xD923, 0xD923, 0xD923, 0xD923, 0xD923, 0xD923, 0xD923, 0xD923, 0xD923, 0xD923, 0xD923,
  0xD923, 0xD923, 0xD923, 0xD923, 0xD923, 0xD923, 0xD923, 0xD923, 0xD923, 0xD923, 0xD923, 0xD923,
  0xD923, 0xD923, 0xD923, 0xD923, 0xD923, 0xD923, 0xD923, 0xD923, 0xD923, 0xD923, 0xD923, 0xD923,
  0xD923, 0xD923, 0xD923, 0xD923, 0xD923, 0xD923, 0xD923, 0xD923, 0xD923, 0xD923, 0xD923, 0xD923,
  0xD923, 0xD923, 0xD923, 0xD923, 0xD923, 0xD923, 0xD923, 0xD923, 0xD923, 0xD923, 0xD923, 0xD923,
  0xD923, 0xD923, 0xD923, 0xD923, 0xD923, 0xD923, 0xD923, 0xD923, 0xD923, 0xD923, 0xD923, 0xD923,
  0xD923, 0xD923, 0xD923, 0xD923, 0xD923, 0xD923, 0xD923, 0xD923, 0xD923, 0xD923, 0xD923, 0xD923,
  0xD923, 0xD923, 0xD923, 0xD923, 0xD923, 0xD923, 0xD923, 0xD923, 0xD923, 0xD923, 0xD923, 0xD923,
  0xD923, 0xD923, 0xD923, 0xD923, 0xD923, 0xD923, 0xD923, 0xD923, 0xD923, 0xD923, 0xD923, 0xD923,
  0xD923, 0xD923, 0xD923, 0xD923, 0xD923, 0xD923, 0xD923, 0xD923, 0xD923, 0xD923, 0xD923, 0xD923,
  0xD923, 0xD923, 0xD923, 0xD923, 0xD923, 0xD923, 0xD923, 0xD923, 0xD923, 0xD923, 0xD923, 0xD923,
  0xD923, 0xD923, 0xD923, 0xD923, 0xD923, 0xD923, 0xD923, 0xD923, 0xD923, 0xD923, 0xD923, 0xD923,
  0xD923, 0xD923, 0xD923, 0xD923, 0xD923, 0xD923, 0xD923, 0xD923, 0xD923, 0xD923, 0xD923, 0xD923,
  0xD923, 0xD923, 0xD923, 0xD923, 0xD923, 0xD923, 0xD923, 0xD923, 0xD923, 0xD923, 0xD923, 0xD923,
  0xD923, 0xD923, 0xD923, 0xD923, 0xD923, 0xD923, 0xD923, 0xD923, 0xD923, 0xD923, 0xD923, 0xD923,
  0xD923, 0xD923, 0xD923, 0xD923, 0xD923, 0xD923, 0xD923, 0xD923, 0xD923, 0xD923, 0xD923, 0xD923,
  0xD923, 0xD923, 0xD923, 0xD923, 0xD923, 0xD923, 0xD923, 0xD923, 0xD923, 0xD923, 0xD923, 0xD923,
  0xD923, 0xD923, 0xD923, 0xD923, 0xD923, 0xD923, 0xD923, 0xD923, 0xD923, 0xD923, 0xD923, 0xD923,
  0xD923, 0xD923, 0xD923, 0xD923, 0xD923, 0xD923, 0xD923, 0xD923, 0xD923, 0xD923, 0xD923, 0xD923,
  0xD923, 0xD923, 0xD923, 0xD923, 0xD923, 0xD923, 0xD923, 0xD923, 0xD923, 0xD923, 0xD923, 0xD923,
  0xD923, 0xD923, 0xD923, 0xD923, 0xD923, 0xD923, 0xD923, 0xD923, 0xD923, 0xD923, 0xD923, 0xD923,
  0xD923, 0xD923, 0xD923, 0xD923, 0xD923, 0xD923, 0xD923, 0xD923, 0xD923, 0xD923, 0xD923, 0xD923,
  0xD923, 0xD923, 0xD923, 0xD923, 0xD923, 0xD923, 0xD923, 0xD923, 0xD923, 0xD923, 0xD923, 0xD923,
  0xD923, 0xD923, 0xD923, 0xD923, 0xD923, 0xD923, 0xD923, 0xD923, 0xD923, 0xD923, 0xD923, 0xD923,
  0xD923, 0xD923, 0xD923, 0xD923, 0xD923, 0xD923, 0xD923, 0xD923, 0xD923, 0xD923, 0xD923, 0xD923,
  0xD923, 0xD923, 0xD923, 0xD923, 0xD923, 0xD923, 0xD923, 0xD923, 0xD923, 0xD923, 0xD923, 0xD923,
  0xD923, 0xD923, 0xD923, 0xD923, 0xD923, 0xD923, 0xD923, 0xD923, 0xD923, 0xD923, 0xD923, 0xD923,
  0xD923, 0xD923, 0xD923, 0xD923, 0xD923, 0xD923, 0xD923, 0xD923, 0xD923, 0xD923, 0xD923, 0xD923,
  0xD923, 0xD923, 0xD923, 0xD923, 0xD923, 0xD923, 0xD923, 0xD923, 0xD923, 0xD923, 0xD923, 0xD923,
  0xD923, 0xD923, 0xD923, 0xD923, 0xD923, 0xD923, 0xD923, 0xD923, 0xD923, 0xD923, 0xD923, 0xD923,
  0xD923, 0xD923, 0xD923, 0xD923, 0xD923, 0xD923, 0xD923, 0xD923, 0xD923, 0xD923, 0xD923, 0xD923,
  0xD923, 0xD923, 0xD923, 0xD923, 0xD923, 0xD923, 0xD923, 0xD923, 0xD923, 0xD923, 0xD923, 0xD923,
  0xD923, 0xD923, 0xD923, 0xD923, 0xD923, 0xD923, 0xD923, 0xD923, 0xD923, 0xD923, 0xD923, 0xD923,
  0xD923, 0xD923, 0xD923, 0xD923, 0xD923, 0xD923, 0xD923, 0xD923, 0xD923, 0xD923, 0xD923, 0xD923,
  0xD923, 0xD923, 0xD923, 0xD923, 0xD923, 0xD923, 0xD923, 0xD923, 0xD923, 0xD923, 0xD923, 0xD923,
  0xD923, 0xD923, 0xD923, 0xD923, 0xD923, 0xD923, 0xD923, 0xD923, 0xD923, 0xD923, 0xD923, 0xD923,
  0xD923, 0xD923, 0xD923, 0xD923, 0xD923, 0xD923, 0xD923, 0xD923, 0xD923, 0xD923, 0xD923, 0xD923,
  0xD923, 0xD923, 0xD923, 0xD923, 0xD923, 0xD923, 0xD923, 0xD923, 0xD923, 0xD923, 0xD923, 0xD923,
  0xD923, 0xD923, 0xD923, 0xD923, 0xD923, 0xD923, 0xD923, 0xD923, 0xD923, 0xD923, 0xD923, 0xD923,
  0xD923, 0xD923, 0xD923, 0xD923, 0xD923, 0xD923, 0xD923, 0xD923, 0xD923, 0xD923, 0xD923, 0xD923,
  0xD923, 0xD923, 0xD923, 0xD923, 0xD923, 0xD923, 0xD923, 0xD923, 0xD923, 0xD923, 0xD923, 0xD923,
  0xD923, 0xD923, 0xD923, 0xD923, 0xD923, 0xD923, 0xD923, 0xD923, 0xD923, 0xD923, 0xD923, 0xD923,
  0xD923, 0xD923, 0xD923, 0xD923, 0xD923, 0xD923, 0xD923, 0xD923, 0xD923, 0xD923, 0xD923, 0xD923,
  0xD923, 0xD923, 0xD923, 0xD923, 0xD923, 0xD923, 0xD923, 0xD923, 0xD923, 0xD923, 0xD923, 0xD923,
  0xD923, 0xD923, 0xD923, 0xD923, 0xD923, 0xD923, 0xD923, 0xD923, 0xD923, 0xD923, 0xD923, 0xD923,
  0xD923, 0xD923, 0xD923, 0xD923, 0xD923, 0xD923, 0xD923, 0xD923, 0xD923, 0xD923, 0xD923, 0xD923,
  0xD923, 0xD923, 0xD923, 0xD923, 0xD923, 0xD923, 0xD923, 0xD923, 0xD923, 0xD923, 0xD923, 0xD923,
  0xD923, 0xD923, 0xD923, 0xD923, 0xD923, 0xD923, 0xD923, 0xD923, 0xD923, 0xD923, 0xD923, 0xD923,
  0xD923, 0xD923, 0xD923, 0xD923, 0xD923, 0xD923, 0xD923, 0xD923, 0xD923, 0xD923, 0xD923, 0xD923,
  0xD923, 0xD923, 0xD923, 0xD923, 0xD923, 0xD923, 0xD923, 0xD923, 0xD923, 0xD923, 0xD923, 0xD923,
  0xD923, 0xD923, 0xD923, 0xD923, 0xD923, 0xD923, 0xD923, 0xD923, 0xD923, 0xD923, 0xD923, 0xD923,
  0xD923, 0xD923, 0xD923, 0xD923, 0xD923, 0xD923, 0xD923, 0xD923, 0xD923, 0xD923, 0xD923, 0xD923,
  0xD923, 0xD923, 0xD923, 0xD923, 0xD923, 0xD923, 0xD923, 0xD923, 0xD923, 0xD923, 0xD923, 0xD923,
  0xD923, 0xD923, 0xD923, 0xD923, 0xD923, 0xD923, 0xD923, 0xD923, 0xD923, 0xD923, 0xD923, 0xD923,
  0xD923, 0xD923, 0xD923, 0xD923, 0xD923, 0xD923, 0xD923, 0xD923, 0xD923, 0xD923, 0xD923, 0xD923,
  0xD923, 0xD923, 0xD923, 0xD923, 0xD923, 0xD923, 0xD923, 0xD923, 0xD923, 0xD923, 0xD923, 0xD923,
  0xD923, 0xD923, 0xD923, 0xD923, 0xD923, 0xD923, 0xD923, 0xD923, 0xD923, 0xD923, 0xD923, 0xD923,
  0xD923, 0xD923, 0xD923, 0xD923, 0xD923, 0xD923, 0xD923, 0xD923, 0xD923, 0xD923, 0xD923, 0xD923,
  0xD923, 0xD923, 0xD923, 0xD923, 0xD923, 0xD923, 0xD923, 0xD923, 0xD923, 0xD923, 0xD923, 0xD923,
  0xD923, 0xD923, 0xD923, 0xD923, 0xD923, 0xD923, 0xD923, 0xD923, 0xD923, 0xD923, 0xD923, 0xD923,
  0xD923, 0xD923, 0xD923, 0xD923, 0xD923, 0xD923, 0xD923, 0xD923, 0xD923, 0xD923, 0xD923, 0xD923,
  0xD923, 0xD923, 0xD923, 0xD923, 0xD923, 0xD923, 0xD923, 0xD923, 0xD923, 0xD923, 0xD923, 0xD923,
  0xD923, 0xD923, 0xD923, 0xD923, 0xD923, 0xD923, 0xD923, 0xD923, 0xD923, 0xD923, 0xD923, 0xD923,
  0xD923, 0xD923, 0xD923, 0xD923, 0xD923, 0xD923, 0xD923, 0xD923, 0xD923, 0xD923, 0xD923, 0xD923,
  0xD923, 0xD923, 0xD923, 0xD923, 0xD923, 0xD923, 0xD923, 0xD923, 0xD923, 0xD923, 0xD923, 0xD923,
  0xD923, 0xD923, 0xD923, 0xD923, 0xD923, 0xD923, 0xD923, 0xD923, 0xD923, 0xD923, 0xD923, 0xD923,
  0xD923, 0xD923, 0xD923, 0xD923, 0xD923, 0xD923, 0xD923, 0xD923, 0xD923, 0xD923, 0xD923, 0xD923,
  0xD923, 0xD923, 0xD923, 0xD923, 0xD923, 0xD923, 0xD923, 0xD923, 0xD923, 0xD923, 0xD923, 0xD923,
  0xD923, 0xD923, 0xD923, 0xD923, 0xD923, 0xD923, 0xD923, 0xD923, 0xD923, 0xD923, 0xD923, 0xD923,
  0xD923, 0xD923, 0xD923, 0xD923, 0xD923, 0xD923, 0xD923, 0xD923, 0xD923, 0xD923, 0xD923, 0xD923,
  0xD923, 0xD923, 0xD923, 0xD923, 0xD923, 0xD923, 0xD923, 0xD923, 0xD923, 0xD923, 0xD923, 0xD923,
  0xD923, 0xD923, 0xD923, 0xD923, 0xD923, 0xD923, 0xD923, 0xD923, 0xD923, 0xD923, 0xD923, 0xD923,
  0xD923, 0xD923, 0xD923, 0xD923, 0xD923, 0xD923, 0xD923, 0xD923, 0xD923, 0xD923, 0xD923, 0xD923,
  0xD923, 0xD923, 0xD923, 0xD923, 0xD923, 0xD923, 0xD923, 0xD923, 0xD923, 0xD923, 0xD923, 0xD923,
  0xD923, 0xD923, 0xD923, 0xD923, 0xD923, 0xD923, 0xD923, 0xD923, 0xD923, 0xD923, 0xD923, 0xD923,
  0xD923, 0xD923, 0xD923, 0xD923, 0xD923, 0xD923, 0xD923, 0xD923, 0xD923, 0xD923, 0xD923, 0xD923,
  0xD923, 0xD923, 0xD923, 0xD923, 0xD923, 0xD923, 0xD923, 0xD923, 0xD923, 0xD923, 0xD923, 0xD923,
  0xD923, 0xD923, 0xD923, 0xD923, 0xD923, 0xD923, 0xD923, 0xD923, 0xD923, 0xD923, 0xD923, 0xD923,
  0xD923, 0xD923, 0xD923, 0xD923, 0xD923, 0xD923, 0xD923, 0xD923, 0xD923, 0xD923, 0xD923, 0xD923,
  0xD923, 0xD923, 0xD923, 0xD923, 0xD923, 0xD923, 0xD923, 0xD923, 0xD923, 0xD923, 0xD923, 0xD923,
  0xD923, 0xD923, 0xD923, 0xD923, 0xD923, 0xD923, 0xD923, 0xD923, 0xD923, 0xD923, 0xD923, 0xD923,
  0xD923, 0xD923, 0xD923, 0xD923, 0xD923, 0xD923, 0xD923, 0xD923, 0xD923, 0xD923, 0xD923, 0xD923,
  0xD923, 0xD923, 0xD923, 0xD923, 0xD923, 0xD923, 0xD923, 0xD923, 0xD923, 0xD923, 0xD923, 0xD923,
  0xD923, 0xD923, 0xD923, 0xD923, 0xD923, 0xD923, 0xD923, 0xD923, 0xD923, 0xD923, 0xD923, 0xD923,
  0xD923, 0xD923, 0xD923, 0xD923, 0xD923, 0xD923, 0xD923, 0xD923, 0xD923, 0xD923, 0xD923, 0xD923,
  0xD923, 0xD923, 0xD923, 0xD923, 0xD923, 0xD923, 0xD923, 0xD923, 0xD923, 0xD923, 0xD923, 0xD923,
  0xD923, 0xD923, 0xD923, 0xD923, 0xD923, 0xD923, 0xD923, 0xD923, 0xD923, 0xD923, 0xD923, 0xD923,
  0xD923, 0xD923, 0xD923, 0xD923, 0xD923, 0xD923, 0xD923, 0xD923, 0xD923, 0xD923, 0xD923, 0xD923,
  0xD923, 0xD923, 0xD923, 0xD923, 0xD923, 0xD923, 0xD923, 0xD923, 0xD923, 0xD923, 0xD923, 0xD923,
  0xD923, 0xD923, 0xD923, 0xD923, 0xD923, 0xD923, 0xD923, 0xD923, 0xD923, 0xD923, 0xD923, 0xD923,
  0xD923, 0xD923, 0xD923, 0xD923, 0xD923, 0xD923, 0xD923, 0xD923, 0xD923, 0xD923, 0xD923, 0xD923,
  0xD923, 0xD923, 0xD923, 0xD923, 0xD923, 0xD923, 0xD923, 0xD923, 0xD923, 0xD923, 0xD923, 0xD923,
  0xD923, 0xD923, 0xD923, 0xD923, 0xD923, 0xD923, 0xD923, 0xD923, 0xD923, 0xD923, 0xD923, 0xD923,
  0xD923, 0xD923, 0xD923, 0xD923, 0xD923, 0xD923, 0xD923, 0xD923, 0xD923, 0xD923, 0xD923, 0xD923,
  0xD923, 0xD923, 0xD923, 0xD923, 0xD923, 0xD923, 0xD923, 0xD923, 0xD923, 0xD923, 0xD923, 0xD923,
  0xD923, 0xD923, 0xD923, 0xD923, 0xD923, 0xD923, 0xD923, 0xD923, 0xD923, 0xD923, 0xD923, 0xD923,
  0xD923, 0xD923, 0xD923, 0xD923, 0xD923, 0xD923, 0xD923, 0xD923, 0xD923, 0xD923, 0xD923, 0xD923,
  0xD923, 0xD923, 0xD923, 0xD923, 0xD923, 0xD923, 0xD923, 0xD923, 0xD923, 0xD923, 0xD923, 0xD923,
  0xD923, 0xD923, 0xD923, 0xD923, 0xD923, 0xD923, 0xD923, 0xD923, 0xD923, 0xD923, 0xD923, 0xD923,
  0xD923, 0xD923, 0xD923, 0xD923, 0xD923, 0xD923, 0xD923, 0xD923, 0xD923, 0xD923, 0xD923, 0xD923,
  0xD923, 0xD923, 0xD923, 0xD923, 0xD923, 0xD923, 0xD923, 0xD923, 0xD923, 0xD923, 0xD923, 0xD923,
  0xD923, 0xD923, 0xD923, 0xD923, 0xD923, 0xD923, 0xD923, 0xD923, 0xD923, 0xD923, 0xD923, 0xD923,
  0xD923, 0xD923, 0xD923, 0xD923, 0xD923, 0xD923, 0xD923, 0xD923, 0xD923, 0xD923, 0xD923, 0xD923,
  0xD923, 0xD923, 0xD923, 0xD923, 0xD923, 0xD923, 0xD923, 0xD923, 0xD923, 0xD923, 0xD923, 0xD923,
  0xD923, 0xD923, 0xD923, 0xD923, 0xD923, 0xD923, 0xD923, 0xD923, 0xD923, 0xD923, 0xD923, 0xD923,
  0xD923, 0xD923, 0xD923, 0xD923, 0xD923, 0xD923, 0xD923, 0xD923, 0xD923, 0xD923, 0xD923, 0xD923,
  0xD923, 0xD923, 0xD923, 0xD923, 0xD923, 0xD923, 0xD923, 0xD923, 0xD923, 0xD923, 0xD923, 0xD923,
  0xD923, 0xD923, 0xD923, 0xD923, 0xD923, 0xD923, 0xD923, 0xD923, 0xD923, 0xD923, 0xD923, 0xD923,
  0xD923, 0xD923, 0xD923, 0xD923, 0xD923, 0xD923, 0xD923, 0xD923, 0xD923, 0xD923, 0xD923, 0xD923,
  0xD923, 0xD923, 0xD923, 0xD923, 0xD923, 0xD923, 0xD923, 0xD923, 0xD923, 0xD923, 0xD923, 0xD923,
  0xD923, 0xD923, 0xD923, 0xD923, 0xD923, 0xD923, 0xD923, 0xD923, 0xD923, 0xD923, 0xD923, 0xD923,
  0xD923, 0xD923, 0xD923, 0xD923, 0xD923, 0xD923, 0xD923, 0xD923, 0xD923, 0xD923, 0xD923, 0xD923,
  0xD923, 0xD923, 0xD923, 0xD923, 0xD923, 0xD923, 0xD923, 0xD923, 0xD923, 0xD923, 0xD923, 0xD923,
  0xD923, 0xD923, 0xD923, 0xD923, 0xD923, 0xD923, 0xD923, 0xD923, 0xD923, 0xD923, 0xD923, 0xD923,
  0xD923, 0xD923, 0xD923, 0xD923, 0xD923, 0xD923, 0xD923, 0xD923, 0xD923, 0xD923, 0xD923, 0xD923,
  0xD923, 0xD923, 0xD923, 0xD923, 0xD923, 0xD923, 0xD923, 0xD923, 0xD923, 0xD923, 0xD923, 0xD923,
  0xD923, 0xD923, 0xD923, 0xD923, 0xD923, 0xD923, 0xD923, 0xD923, 0xD923, 0xD923, 0xD923, 0xD923,
  0xD923, 0xD923, 0xD923, 0xD923, 0xD923, 0xD923, 0xD923, 0xD923, 0xD923, 0xD923, 0xD923, 0xD923,
  0xD923, 0xD923, 0xD923, 0xD923, 0xD923, 0xD923, 0xD923, 0xD923, 0xD923, 0xD923, 0xD923, 0xD923,
  0xD923, 0xD923, 0xD923, 0xD923, 0xD923, 0xD923, 0xD923, 0xD923, 0xD923, 0xD923, 0xD923, 0xD923,
  0xD923, 0xD923, 0xD923, 0xD923, 0xD923, 0xD923, 0xD923, 0xD923, 0xD923, 0xD923, 0xD923, 0xD923,
  0xD923, 0xD923, 0xD923, 0xD923, 0xD923, 0xD923, 0xD923, 0xD923, 0xD923, 0xD923, 0xD923, 0xD923,
  0xD923, 0xD923, 0xD923, 0xD923, 0xD923, 0xD923, 0xD923, 0xD923, 0xD923, 0xD923, 0xD923, 0xD923,
  0xD923, 0xD923, 0xD923, 0xD923, 0xD923, 0xD923, 0xD923, 0xD923, 0xD923, 0xD923, 0xD923, 0xD923,
  0xD923, 0xD923, 0xD923, 0xD923, 0xD923, 0xD923, 0xD923, 0xD923, 0xD923, 0xD923, 0xD923, 0xD923,
  0xD923, 0xD923, 0xD923, 0xD923, 0xD923, 0xD923, 0xD923, 0xD923, 0xD923, 0xD923, 0xD923, 0xD923,
  0xD923, 0xD923, 0xD923, 0xD923, 0xD923, 0xD923, 0xD923, 0xD923, 0xD923, 0xD923, 0xD923, 0xD923,
  0xD923, 0xD923, 0xD923, 0xD923, 0xD923, 0xD923, 0xD923, 0xD923, 0xD923, 0xD923, 0xD923, 0xD923,
  0xD923, 0xD923, 0xD923, 0xD923, 0xD923, 0xD923, 0xD923, 0xD923, 0xD923, 0xD923, 0xD923, 0xD923,
  0xD923, 0xD923, 0xD923, 0xD923, 0xD923, 0xD923, 0xD923, 0xD923, 0xD923, 0xD923, 0xD923, 0xD923,
  0xD923, 0xD923, 0xD923, 0xD923, 0xD923, 0xD923, 0xD923, 0xD923, 0xD923, 0xD923, 0xD923, 0xD923,
  0xD923, 0xD923, 0xD923, 0xD923, 0xD923, 0xD923, 0xD923, 0xD923, 0xD923, 0xD923, 0xD923, 0xD923,
  0xD923, 0xD923, 0xD923, 0xD923, 0xD923, 0xD923, 0xD923, 0xD923, 0xD923, 0xD923, 0xD923, 0xD923,
  0xD923, 0xD923, 0xD923, 0xD923, 0xD923, 0xD923, 0xD923, 0xD923, 0xD923, 0xD923, 0xD923, 0xD923,
  0xD923, 0xD923, 0xD923, 0xD923, 0xD923, 0xD923, 0xD923, 0xD923, 0xD923, 0xD923, 0xD923, 0xD923,
  0xD923, 0xD923, 0xD923, 0xD923, 0xD923, 0xD923, 0xD923, 0xD923, 0xD923, 0xD923, 0xD923, 0xD923,
  0xD923, 0xD923, 0xD923, 0xD923, 0xD923, 0xD923, 0xD923, 0xD923, 0xD923, 0xD923, 0xD923, 0xD923,
  0xD923, 0xD923, 0xD923, 0xD923, 0xD923, 0xD923, 0xD923, 0xD923, 0xD923, 0xD923, 0xD923, 0xD923,
  0xD923, 0xD923, 0xD923, 0xD923, 0xD923, 0xD923, 0xD923, 0xD923, 0xD923, 0xD923, 0xD923, 0xD923,
  0xD923, 0xD923, 0xD923, 0xD923, 0xD923, 0xD923, 0xD923, 0xD923, 0xD923, 0xD923, 0xD923, 0xD923,
  0xD923, 0xD923, 0xD923, 0xD923, 0xD923, 0xD923, 0xD923, 0xD923, 0xD923, 0xD923, 0xD923, 0xD923,
  0xD923, 0xD923, 0xD923, 0xD923, 0xD923, 0xD923, 0xD923, 0xD923, 0xD923, 0xD923, 0xD923, 0xD923,
  0xD923, 0xD923, 0xD923, 0xD923, 0xD923, 0xD923, 0xD923, 0xD923, 0xD923, 0xD923, 0xD923, 0xD923,
  0xD923, 0xD923, 0xD923, 0xD923, 0xD923, 0xD923, 0xD923, 0xD923, 0xD923, 0xD923, 0xD923, 0xD923,
  0xD923, 0xD923, 0xD923, 0xD923, 0xD923, 0xD923, 0xD923, 0xD923, 0xD923, 0xD923, 0xD923, 0xD923,
  0xD923, 0xD923, 0xD923, 0xD923, 0xD923, 0xD923, 0xD923, 0xD923, 0xD923, 0xD923, 0xD923, 0xD923,
  0xD923, 0xD923, 0xD923, 0xD923, 0xD923, 0xD923, 0xD923, 0xD923, 0xD923, 0xD923, 0xD923, 0xD923,
  0xD923, 0xD923, 0xD923, 0xD923, 0xD923, 0xD923, 0xD923, 0xD923, 0xD923, 0xD923, 0xD923, 0xD923,
  0xD923, 0xD923, 0xD923, 0xD923, 0xD923, 0xD923, 0xD923, 0xD923, 0xD923, 0xD923, 0xD923, 0xD923,
  0xD923, 0xD923, 0xD923, 0xD923, 0xD923, 0xD923, 0xD923, 0xD923, 0xD923, 0xD923, 0xD923, 0xD923,
  0xD923, 0xD923, 0xD923, 0xD923, 0xD923, 0xD923, 0xD923, 0xD923, 0xD923, 0xD923, 0xD923, 0xD923,
  0xD923, 0xD923, 0xD923, 0xD923, 0xD923, 0xD923, 0xD923, 0xD923, 0xD923, 0xD923, 0xD923, 0xD923,
  0xD923, 0xD923, 0xD923, 0xD923, 0xD923, 0xD923, 0xD923, 0xD923, 0xD923, 0xD923, 0xD923, 0xD923,
  0xD923, 0xD923, 0xD923, 0xD923, 0xD923, 0xD923, 0xD923, 0xD923, 0xD923, 0xD923, 0xD923, 0xD923,
  0xD923, 0xD923, 0xD923, 0xD923, 0xD923, 0xD923, 0xD923, 0xD923, 0xD923, 0xD923, 0xD923, 0xD923,
  0xD923, 0xD923, 0xD923, 0xD923, 0xD923, 0xD923, 0xD923, 0xD923, 0xD923, 0xD923, 0xD923, 0xD923,
  0xD923, 0xD923, 0xD923, 0xD923, 0xD923, 0xD923, 0xD923, 0xD923, 0xD923, 0xD923, 0xD923, 0xD923,
  0xD923, 0xD923, 0xD923, 0xD923, 0xD923, 0xD923, 0xD923, 0xD923, 0xD923, 0xD923, 0xD923, 0xD923,
  0xD923, 0xD923, 0xD923, 0xD923, 0xD923, 0xD923, 0xD923, 0xD923, 0xD923, 0xD923, 0xD923, 0xD923,
  0xD923, 0xD923, 0xD923, 0xD923, 0xD923, 0xD923, 0xD923, 0xD923, 0xD923, 0xD923, 0xD923, 0xD923,
  0xD923, 0xD923, 0xD923, 0xD923, 0xD923, 0xD923, 0xD923, 0xD923, 0xD923, 0xD923, 0xD923, 0xD923,
  0xD923, 0xD923, 0xD923, 0xD923, 0xD923, 0xD923, 0xD923, 0xD923, 0xD923, 0xD923, 0xD923, 0xD923,
  0xD923, 0xD923, 0xD923, 0xD923, 0xD923, 0xD923, 0xD923, 0xD923, 0xD923, 0xD923, 0xD923, 0xD923,
  0xD923, 0xD923, 0xD923, 0xD923, 0xD923, 0xD923, 0xD923, 0xD923, 0xD923, 0xD923, 0xD923, 0xD923,
  0xD923, 0xD923, 0xD923, 0xD923, 0xD923, 0xD923, 0xD923, 0xD923, 0xD923, 0xD923, 0xD923, 0xD923,
  0xD923, 0xD923, 0xD923, 0xD923, 0xD923, 0xD923, 0xD923, 0xD923, 0xD923, 0xD923, 0xD923, 0xD923,
  0xD923, 0xD923, 0xD923, 0xD923, 0xD923, 0xD923, 0xD923, 0xD923, 0xD923, 0xD923, 0xD923, 0xD923,
  0xD923, 0xD923, 0xD923, 0xD923, 0xD923, 0xD923, 0xD923, 0xD923, 0xD923, 0xD923, 0xD923, 0xD923,
  0xD923, 0xD923, 0xD923, 0xD923, 0xD923, 0xD923, 0xD923, 0xD923, 0xD923, 0xD923, 0xD923, 0xD923,
  0xD923, 0xD923, 0xD923, 0xD923, 0xD923, 0xD923, 0xD923, 0xD923, 0xD923, 0xD923, 0xD923, 0xD923,
  0xD923, 0xD923, 0xD923, 0xD923, 0xD923, 0xD923, 0xD923, 0xD923, 0xD923, 0xD923, 0xD923, 0xD923,
  0xD923, 0xD923, 0xD923, 0xD923, 0xD923, 0xD923, 0xD923, 0xD923, 0xD923, 0xD923, 0xD923, 0xD923,
  0xD923, 0xD923, 0xD923, 0xD923, 0xD923, 0xD923, 0xD923, 0xD923, 0xD923, 0xD923, 0xD923, 0xD923,
  0xD923, 0xD923, 0xD923, 0xD923, 0xD923, 0xD923, 0xD923, 0xD923, 0xD923, 0xD923, 0xD923, 0xD923,
  0xD923, 0xD923, 0xD923, 0xD923, 0xD923, 0xD923, 0xD923, 0xD923, 0xD923, 0xD923, 0xD923, 0xD923,
  0xD923, 0xD923, 0xD923, 0xD923, 0xD923, 0xD923, 0xD923, 0xD923, 0xD923, 0xD923, 0xD923, 0xD923,
  0xD923, 0xD923, 0xD923, 0xD923, 0xD923, 0xD923, 0xD923, 0xD923, 0xD923, 0xD923, 0xD923, 0xD923,
  0xD923, 0xD923, 0xD923, 0xD923, 0xD923, 0xD923, 0xD923, 0xD923, 0xD923, 0xD923, 0xD923, 0xD923,
  0xD923, 0xD923, 0xD923, 0xD923, 0xD923, 0xD923, 0xD923, 0xD923, 0xD923, 0xD923, 0xD923, 0xD923,
  0xD923, 0xD923, 0xD923, 0xD923, 0xD923, 0xD923, 0xD923, 0xD923, 0xD923, 0xD923, 0xD923, 0xD923,
  0xD923, 0xD923, 0xD923, 0xD923, 0xD923, 0xD923, 0xD923, 0xD923, 0xD923, 0xD923, 0xD923, 0xD923,
  0xD923, 0xD923, 0xD923, 0xD923, 0xD923, 0xD923, 0xD923, 0xD923, 0xD923, 0xD923, 0xD923, 0xD923,
  0xD923, 0xD923, 0xD923, 0xD923, 0xD923, 0xD923, 0xD923, 0xD923, 0xD923, 0xD923, 0xD923, 0xD923,
  0xD923, 0xD923, 0xD923, 0xD923, 0xD923, 0xD923, 0xD923, 0xD923, 0xD923, 0xD923, 0xD923, 0xD923,
  0xD923, 0xD923, 0xD923, 0xD923, 0xD923, 0xD923, 0xD923, 0xD923, 0xD923, 0xD923, 0xD923, 0xD923,
  0xD923, 0xD923, 0xD923, 0xD923, 0xD923, 0xD923, 0xD923, 0xD923, 0xD923, 0xD923, 0xD923, 0xD923,
  0xD923, 0xD923, 0xD923, 0xD923, 0xD923, 0xD923, 0xD923, 0xD923, 0xD923, 0xD923, 0xD923, 0xD923,
  0xD923, 0xD923, 0xD923, 0xD923, 0xD923, 0xD923, 0xD923, 0xD923, 0xD923, 0xD923, 0xD923, 0xD923,
  0xD923, 0xD923, 0xD923, 0xD923, 0xD923, 0xD923, 0xD923, 0xD923, 0xD923, 0xD923, 0xD923, 0xD923,
  0xD923, 0xD923, 0xD923, 0xD923, 0xD923, 0xD923, 0xD923, 0xD923, 0xD923, 0xD923, 0xD923, 0xD923,
  0xD923, 0xD923, 0xD923, 0xD923, 0xD923, 0xD923, 0xD923, 0xD923, 0xD923, 0xD923, 0xD923, 0xD923,
  0xD923, 0xD923, 0xD923, 0xD923, 0xD923, 0xD923, 0xD923, 0xD923, 0xD923, 0xD923, 0xD923, 0xD923,
  0xD923, 0xD923, 0xD923, 0xD923, 0xD923, 0xD923, 0xD923, 0xD923, 0xD923, 0xD923, 0xD923, 0xD923,
  0xD923, 0xD923, 0xD923, 0xD923, 0xD923, 0xD923, 0xD923, 0xD923, 0xD923, 0xD923, 0xD923, 0xD923,
  0xD923, 0xD923, 0xD923, 0xD923, 0xD923, 0xD923, 0xD923, 0xD923, 0xD923, 0xD923, 0xD923, 0xD923,
  0xD923, 0xD923, 0xD923, 0xD923, 0xD923, 0xD923, 0xD923, 0xD923, 0xD923, 0xD923, 0xD923, 0xD923,
  0xD923, 0xD923, 0xD923, 0xD923, 0xD923, 0xD923, 0xD923, 0xD923, 0xD923, 0xD923, 0xD923, 0xD923,
  0xD923, 0xD923, 0xD923, 0xD923, 0xD923, 0xD923, 0xD923, 0xD923, 0xD923, 0xD923, 0xD923, 0xD923,
  0xD923, 0xD923, 0xD923, 0xD923, 0xD923, 0xD923, 0xD923, 0xD923, 0xD923, 0xD923, 0xD923, 0xD923,
  0xD923, 0xD923, 0xD923, 0xD923, 0xD923, 0xD923, 0xD923, 0xD923, 0xD923, 0xD923, 0xD923, 0xD923,
  0xD923, 0xD923, 0xD923, 0xD923, 0xD923, 0xD923, 0xD923, 0xD923, 0xD923, 0xD923, 0xD923, 0xD923,
  0xD923, 0xD923, 0xD923, 0xD923, 0xD923, 0xD923, 0xD923, 0xD923, 0xD923, 0xD923, 0xD923, 0xD923,
  0xD923, 0xD923, 0xD923, 0xD923, 0xD923, 0xD923, 0xD923, 0xD923, 0xD923, 0xD923, 0xD923, 0xD923,
  0xD923, 0xD923, 0xD923, 0xD923, 0xD923, 0xD923, 0xD923, 0xD923, 0xD923, 0xD923, 0xD923, 0xD923,
  0xD923, 0xD923, 0xD923, 0xD923, 0xD923, 0xD923, 0xD923, 0xD923, 0xD923, 0xD923, 0xD923, 0xD923,
  0xD923, 0xD923, 0xD923, 0xD923, 0xD923, 0xD923, 0xD923, 0xD923, 0xD923, 0xD923, 0xD923, 0xD923,
  0xD923, 0xD923, 0xD923, 0xD923, 0xD923, 0xD923, 0xD923, 0xD923, 0xD923, 0xD923, 0xD923, 0xD923,
  0xD923, 0xD923, 0xD923, 0xD923, 0xD923, 0xD923, 0xD923, 0xD923, 0xD923, 0xD923, 0xD923, 0xD923,
  0xD923, 0xD923, 0xD923, 0xD923, 0xD923, 0xD923, 0xD923, 0xD923, 0xD923, 0xD923, 0xD923, 0xD923,
  0xD923, 0xD923, 0xD923, 0xD923, 0xD923, 0xD923, 0xD923, 0xD923, 0xD923, 0xD923, 0xD923, 0xD923,
  0xD923, 0xD923, 0xD923, 0xD923, 0xD923, 0xD923, 0xD923, 0xD923, 0xD923, 0xD923, 0xD923, 0xD923,
  0xD923, 0xD923, 0xD923, 0xD923, 0xD923, 0xD923, 0xD923, 0xD923, 0xD923, 0xD923, 0xD923, 0xD923,
  0xD923, 0xD923, 0xD923, 0xD923, 0xD923, 0xD923, 0xD923, 0xD923, 0xD923, 0xD923, 0xD923, 0xD923,
  0xD923, 0xD923, 0xD923, 0xD923, 0xD923, 0xD923, 0xD923, 0xD923, 0xD923, 0xD923, 0xD923, 0xD923,
  0xD923, 0xD923, 0xD923, 0xD923, 0xD923, 0xD923, 0xD923, 0xD923, 0xD923, 0xD923, 0xD923, 0xD923,
  0xD923, 0xD923, 0xD923, 0xD923, 0xD923, 0xD923, 0xD923, 0xD923, 0xD923, 0xD923, 0xD923, 0xD923,
  0xD923, 0xD923, 0xD923, 0xD923, 0xD923, 0xD923, 0xD923, 0xD923, 0xD923, 0xD923, 0xD923, 0xD923,
  0xD923, 0xD923, 0xD923, 0xD923, 0xD923, 0xD923, 0xD923, 0xD923, 0xD923, 0xD923, 0xD923, 0xD923,
  0xD923, 0xD923, 0xD923, 0xD923, 0xD923, 0xD923, 0xD923, 0xD923, 0xD923, 0xD923, 0xD923, 0xD923,
  0xD923, 0xD923, 0xD923, 0xD923, 0xD923, 0xD923, 0xD923, 0xD923, 0xD923, 0xD923, 0xD923, 0xD923,
  0xD923, 0xD923, 0xD923, 0xD923, 0xD923, 0xD923, 0xD923, 0xD923, 0xD923, 0xD923, 0xD923, 0xD923,
  0xD923, 0xD923, 0xD923, 0xD923, 0xD923, 0xD923, 0xD923, 0xD923, 0xD923, 0xD923, 0xD923, 0xD923,
  0xD923, 0xD923, 0xD923, 0xD923, 0xD923, 0xD923, 0xD923, 0xD923, 0xD923, 0xD923, 0xD923, 0xD923,
  0xD923, 0xD923, 0xD923, 0xD923, 0xD923, 0xD923, 0xD923, 0xD923, 0xD923, 0xD923, 0xD923, 0xD923,
  0xD923, 0xD923, 0xD923, 0xD923, 0xD923, 0xD923, 0xD923, 0xD923, 0xD923, 0xD923, 0xD923, 0xD923,
  0xD923, 0xD923, 0xD923, 0xD923, 0xD923, 0xD923, 0xD923, 0xD923, 0xD923, 0xD923, 0xD923, 0xD923,
  0xD923, 0xD923, 0xD923, 0xD923, 0xD923, 0xD923, 0xD923, 0xD923, 0xD923, 0xD923, 0xD923, 0xD923,
  0xD923, 0xD923, 0xD923, 0xD923, 0xD923, 0xD923, 0xD923, 0xD923, 0xD923, 0xD923, 0xD923, 0xD923,
  0xD923, 0xD923, 0xD923, 0xD923, 0xD923, 0xD923, 0xD923, 0xD923, 0xD923, 0xD923, 0xD923, 0xD923,
  0xD923, 0xD923, 0xD923, 0xD923, 0xD923, 0xD923, 0xD923, 0xD923, 0xD923, 0xD923, 0xD923, 0xD923,
  0xD923, 0xD923, 0xD923, 0xD923, 0xD923, 0xD923, 0xD923, 0xD923, 0xD923, 0xD923, 0xD923, 0xD923,
  0xD923, 0xD923, 0xD923, 0xD923, 0xD923, 0xD923, 0xD923, 0xD923, 0xD923, 0xD923, 0xD923, 0xD923,
  0xD923, 0xD923, 0xD923, 0xD923, 0xD923, 0xD923, 0xD923, 0xD923, 0xD923, 0xD923, 0xD923, 0xD923,
  0xD923, 0xD923, 0xD923, 0xD923, 0xD923, 0xD923, 0xD923, 0xD923, 0xD923, 0xD923, 0xD923, 0xD923,
  0xD923, 0xD923, 0xD923, 0xD923, 0xD923, 0xD923, 0xD923, 0xD923, 0xD923, 0xD923, 0xD923, 0xD923,
  0xD923, 0xD923, 0xD923, 0xD923, 0xD923, 0xD923, 0xD923, 0xD923, 0xD923, 0xD923, 0xD923, 0xD923,
  0xD923, 0xD923, 0xD923, 0xD923, 0xD923, 0xD923, 0xD923, 0xD923, 0xD923, 0xD923, 0xD923, 0xD923,
  0xD923, 0xD923, 0xD923, 0xD923, 0xD923, 0xD923, 0xD923, 0xD923, 0xD923, 0xD923, 0xD923, 0xD923,
  0xD923, 0xD923, 0xD923, 0xD923, 0xD923, 0xD923, 0xD923, 0xD923, 0xD923, 0xD923, 0xD923, 0xD923,
  0xD923, 0xD923, 0xD923, 0xD923, 0xD923, 0xD923, 0xD923, 0xD923, 0xD923, 0xD923, 0xD923, 0xD923,
  0xD923, 0xD923, 0xD923, 0xD923, 0xD923, 0xD923, 0xD923, 0xD923, 0xD923, 0xD923, 0xD923, 0xD923,
  0xD923, 0xD923, 0xD923, 0xD923, 0xD923, 0xD923, 0xD923, 0xD923, 0xD923, 0xD923, 0xD923, 0xD923,
  0xD923, 0xD923, 0xD923, 0xD923, 0xD923, 0xD923, 0xD923, 0xD923, 0xD923, 0xD923, 0xD923, 0xD923,
  0xD923, 0xD923, 0xD923, 0xD923, 0xD923, 0xD923, 0xD923, 0xD923, 0xD923, 0xD923, 0xD923, 0xD923,
  0xD923, 0xD923, 0xD923, 0xD923, 0xD923, 0xD923, 0xD923, 0xD923, 0xD923, 0xD923, 0xD923, 0xD923,
  0xD923, 0xD923, 0xD923, 0xD923, 0xD923, 0xD923, 0xD923, 0xD923, 0xD923, 0xD923, 0xD923, 0xD923,
  0xD923, 0xD923, 0xD923, 0xD923, 0xD923, 0xD923, 0xD923, 0xD923, 0xD923, 0xD923, 0xD923, 0xD923,
  0xD923, 0xD923, 0xD923, 0xD923, 0xD923, 0xD923, 0xD923, 0xD923, 0xD923, 0xD923, 0xD923, 0xD923,
  0xD923, 0xD923, 0xD923, 0xD923, 0xD923, 0xD923, 0xD923, 0xD923, 0xD923, 0xD923, 0xD923, 0xD923,
  0xD923, 0xD923, 0xD923, 0xD923, 0xD923, 0xD923, 0xD923, 0xD923, 0xD923, 0xD923, 0xD923, 0xD923,
  0xD923, 0xD923, 0xD923, 0xD923, 0xD923, 0xD923, 0xD923, 0xD923, 0xD923, 0xD923, 0xD923, 0xD923,
  0xD923, 0xD923, 0xD923, 0xD923, 0xD923, 0xD923, 0xD923, 0xD923, 0xD923, 0xD923, 0xD923, 0xD923,
  0xD923, 0xD923, 0xD923, 0xD923, 0xD923, 0xD923, 0xD923, 0xD923, 0xD923, 0xD923, 0xD923, 0xD923,
  0xD923, 0xD923, 0xD923, 0xD923, 0xD923, 0xD923, 0xD923, 0xD923, 0xD923, 0xD923, 0xD923, 0xD923,
  0xD923, 0xD923, 0xD923, 0xD923, 0xD923, 0xD923, 0xD923, 0xD923, 0xD923, 0xD923, 0xD923, 0xD923,
  0xD923, 0xD923, 0xD923, 0xD923, 0xD923, 0xD923, 0xD923, 0xD923, 0xD923, 0xD923, 0xD923, 0xD923,
  0xD923, 0xD923, 0xD923, 0xD923, 0xD923, 0xD923, 0xD923, 0xD923, 0xD923, 0xD923, 0xD923, 0xD923,
  0xD923, 0xD923, 0xD923, 0xD923, 0xD923, 0xD923, 0xD923, 0xD923, 0xD923, 0xD923, 0xD923, 0xD923,
  0xD923, 0xD923, 0xD923, 0xD923, 0xD923, 0xD923, 0xD923, 0xD923, 0xD923, 0xD923, 0xD923, 0xD923,
  0xD923, 0xD923, 0xD923, 0xD923, 0xD923, 0xD923, 0xD923, 0xD923, 0xD923, 0xD923, 0xD923, 0xD923,
  0xD923, 0xD923, 0xD923, 0xD923, 0xD923, 0xD923, 0xD923, 0xD923, 0xD923, 0xD923, 0xD923, 0xD923,
  0xD923, 0xD923, 0xD923, 0xD923, 0xD923, 0xD923, 0xD923, 0xD923, 0xD923, 0xD923, 0xD923, 0xD923,
  0xD923, 0xD923, 0xD923, 0xD923, 0xD923, 0xD923, 0xD923, 0xD923, 0xD923, 0xD923, 0xD923, 0xD923,
  0xD923, 0xD923, 0xD923, 0xD923, 0xD923, 0xD923, 0xD923, 0xD923, 0xD923, 0xD923, 0xD923, 0xD923,
  0xD923, 0xD923, 0xD923, 0xD923, 0xD923, 0xD923, 0xD923, 0xD923, 0xD923, 0xD923, 0xD923, 0xD923,
  0xD923, 0xD923, 0xD923, 0xD923, 0xD923, 0xD923, 0xD923, 0xD923, 0xD923, 0xD923, 0xD923, 0xD923,
  0xD923, 0xD923, 0xD923, 0xD923, 0xD923, 0xD923, 0xD923, 0xD923, 0xD923, 0xD923, 0xD923, 0xD923,
  0xD923, 0xD923, 0xD923, 0xD923, 0xD923, 0xD923, 0xD923, 0xD923, 0xD923, 0xD923, 0xD923, 0xD923,
  0xD923, 0xD923, 0xD923, 0xD923, 0xD923, 0xD923, 0xD923, 0xD923, 0xD923, 0xD923, 0xD923, 0xD923,
  0xD923, 0xD923, 0xD923, 0xD923, 0xD923, 0xD923, 0xD923, 0xD923, 0xD923, 0xD923, 0xD923, 0xD923,
  0xD923, 0xD923, 0xD923, 0xD923, 0xD923, 0xD923, 0xD923, 0xD923, 0xD923, 0xD923, 0xD923, 0xD923,
  0xD923, 0xD923, 0xD923, 0xD923, 0xD923, 0xD923, 0xD923, 0xD923, 0xD923, 0xD923, 0xD923, 0xD923,
  0xD923, 0xD923, 0xD923, 0xD923, 0xD923, 0xD923, 0xD923, 0xD923, 0xD923, 0xD923, 0xD923, 0xD923,
  0xD923, 0xD923, 0xD923, 0xD923, 0xD923, 0xD923, 0xD923, 0xD923, 0xD923, 0xD923, 0xD923, 0xD923,
  0xD923, 0xD923, 0xD923, 0xD923, 0xD923, 0xD923, 0xD923, 0xD923, 0xD923, 0xD923, 0xD923, 0xD923,
  0xD923, 0xD923, 0xD923, 0xD923, 0xD923, 0xD923, 0xD923, 0xD923, 0xD923, 0xD923, 0xD923, 0xD923,
  0xD923, 0xD923, 0xD923, 0xD923, 0xD923, 0xD923, 0xD923, 0xD923, 0xD923, 0xD923, 0xD923, 0xD923,
  0xD923, 0xD923, 0xD923, 0xD923, 0xD923, 0xD923, 0xD923, 0xD923, 0xD923, 0xD923, 0xD923, 0xD923,
  0xD923, 0xD923, 0xD923, 0xD923, 0xD923, 0xD923, 0xD923, 0xD923, 0xD923, 0xD923, 0xD923, 0xD923,
  0xD923, 0xD923, 0xD923, 0xD923, 0xD923, 0xD923, 0xD923, 0xD923, 0xD923, 0xD923, 0xD923, 0xD923,
  0xD923, 0xD923, 0xD923, 0xD923, 0xD923, 0xD923, 0xD923, 0xD923, 0xD923, 0xD923, 0xD923, 0xD923,
  0xD923, 0xD923, 0xD923, 0xD923, 0xD923, 0xD923, 0xD923, 0xD923, 0xD923, 0xD923, 0xD923, 0xD923,
  0xD923, 0xD923, 0xD923, 0xD923, 0xD923, 0xD923, 0xD923, 0xD923, 0xD923, 0xD923, 0xD923, 0xD923,
  0xD923, 0xD923, 0xD923, 0xD923, 0xD923, 0xD923, 0xD923, 0xD923, 0xD923, 0xD923, 0xD923, 0xD923,
  0xD923, 0xD923, 0xD923, 0xD923, 0xD923, 0xD923, 0xD923, 0xD923, 0xD923, 0xD923, 0xD923, 0xD923,
  0xD923, 0xD923, 0xD923, 0xD923, 0xD923, 0xD923, 0xD923, 0xD923, 0xD923, 0xD923, 0xD923, 0xD923,
  0xD923, 0xD923, 0xD923, 0xD923, 0xD923, 0xD923, 0xD923, 0xD923, 0xD923, 0xD923, 0xD923, 0xD923,
  0xD923, 0xD923, 0xD923, 0xD923, 0xD923, 0xD923, 0xD923, 0xD923, 0xD923, 0xD923, 0xD923, 0xD923,
  0xD923, 0xD923, 0xD923, 0xD923, 0xD923, 0xD923, 0xD923, 0xD923, 0xD923, 0xD923, 0xD923, 0xD923,
  0xD923, 0xD923, 0xD923, 0xD923, 0xD923, 0xD923, 0xD923, 0xD923, 0xD923, 0xD923, 0xD923, 0xD923,
  0xD923, 0xD923, 0xD923, 0xD923, 0xD923, 0xD923, 0xD923, 0xD923, 0xD923, 0xD923, 0xD923, 0xD923,
  0xD923, 0xD923, 0xD923, 0xD923, 0xD923, 0xD923, 0xD923, 0xD923, 0xD923, 0xD923, 0xD923, 0xD923,
  0xD923, 0xD923, 0xD923, 0xD923, 0xD923, 0xD923, 0xD923, 0xD923, 0xD923, 0xD923, 0xD923, 0xD923,
  0xD923, 0xD923, 0xD923, 0xD923, 0xD923, 0xD923, 0xD923, 0xD923, 0xD923, 0xD923, 0xD923, 0xD923,
  0xD923, 0xD923, 0xD923, 0xD923, 0xD923, 0xD923, 0xD923, 0xD923, 0xD923, 0xD923, 0xD923, 0xD923,
  0xD923, 0xD923, 0xD923, 0xD923, 0xD923, 0xD923, 0xD923, 0xD923, 0xD923, 0xD923, 0xD923, 0xD923,
  0xD923, 0xD923, 0xD923, 0xD923, 0xD923, 0xD923, 0xD923, 0xD923, 0xD923, 0xD923, 0xD923, 0xD923,
  0xD923, 0xD923, 0xD923, 0xD923, 0xD923, 0xD923, 0xD923, 0xD923, 0xD923, 0xD923, 0xD923, 0xD923,
  0xD923, 0xD923, 0xD923, 0xD923, 0xD923, 0xD923, 0xD923, 0xD923, 0xD923, 0xD923, 0xD923, 0xD923,
  0xD923, 0xD923, 0xD923, 0xD923, 0xD923, 0xD923, 0xD923, 0xD923, 0xD923, 0xD923, 0xD923, 0xD923,
  0xD923, 0xD923, 0xD923, 0xD923, 0xD923, 0xD923, 0xD923, 0xD923, 0xD923, 0xD923, 0xD923, 0xD923,
  0xD923, 0xD923, 0xD923, 0xD923, 0xD923, 0xD923, 0xD923, 0xD923, 0xD923, 0xD923, 0xD923, 0xD923,
  0xD923, 0xD923, 0xD923, 0xD923, 0xD923, 0xD923, 0xD923, 0xD923, 0xD923, 0xD923, 0xD923, 0xD923,
  0xD923, 0xD923, 0xD923, 0xD923, 0xD923, 0xD923, 0xD923, 0xD923, 0xD923, 0xD923, 0xD923, 0xD923,
  0xD923, 0xD923, 0xD923, 0xD923, 0xD923, 0xD923, 0xD923, 0xD923, 0xD923, 0xD923, 0xD923, 0xD923,
  0xD923, 0xD923, 0xD923, 0xD923, 0xD923, 0xD923, 0xD923, 0xD923, 0xD923, 0xD923, 0xD923, 0xD923,
  0xD923, 0xD923, 0xD923, 0xD923, 0xD923, 0xD923, 0xD923, 0xD923, 0xD923, 0xD923, 0xD923, 0xD923,
  0xD923, 0xD923, 0xD923, 0xD923, 0xD923, 0xD923, 0xD923, 0xD923, 0xD923, 0xD923, 0xD923, 0xD923,
  0xD923, 0xD923, 0xD923, 0xD923, 0xD923, 0xD923, 0xD923, 0xD923, 0xD923, 0xD923, 0xD923, 0xD923,
  0xD923, 0xD923, 0xD923, 0xD923, 0xD923, 0xD923, 0xD923, 0xD923, 0xD923, 0xD923, 0xD923, 0xD923,
  0xD923, 0xD923, 0xD923, 0xD923, 0xD923, 0xD923, 0xD923, 0xD923, 0xD923, 0xD923, 0xD923, 0xD923,
  0xD923, 0xD923, 0xD923, 0xD923, 0xD923, 0xD923, 0xD923, 0xD923, 0xD923, 0xD923, 0xD923, 0xD923,
  0xD923, 0xD923, 0xD923, 0xD923, 0xD923, 0xD923, 0xD923, 0xD923, 0xD923, 0xD923, 0xD923, 0xD923,
  0xD923, 0xD923, 0xD923, 0xD923, 0xD923, 0xD923, 0xD923, 0xD923, 0xD923, 0xD923, 0xD923, 0xD923,
  0xD923, 0xD923, 0xD923, 0xD923, 0xD923, 0xD923, 0xD923, 0xD923, 0xD923, 0xD923, 0xD923, 0xD923,
  0xD923, 0xD923, 0xD923, 0xD923, 0xD923, 0xD923, 0xD923, 0xD923, 0xD923, 0xD923, 0xD923, 0xD923,
  0xD923, 0xD923, 0xD923, 0xD923, 0xD923, 0xD923, 0xD923, 0xD923, 0xD923, 0xD923, 0xD923, 0xD923,
  0xD923, 0xD923, 0xD923, 0xD923, 0xD923, 0xD923, 0xD923, 0xD923, 0xD923, 0xD923, 0xD923, 0xD923,
  0xD923, 0xD923, 0xD923, 0xD923, 0xD923, 0xD923, 0xD923, 0xD923, 0xD923, 0xD923, 0xD923, 0xD923,
  0xD923, 0xD923, 0xD923, 0xD923, 0xD923, 0xD923, 0xD923, 0xD923, 0xD923, 0xD923, 0xD923, 0xD923,
  0xD923, 0xD923, 0xD923, 0xD923, 0xD923, 0xD923, 0xD923, 0xD923, 0xD923, 0xD923, 0xD923, 0xD923,
  0xD923, 0xD923, 0xD923, 0xD923, 0xD923, 0xD923, 0xD923, 0xD923, 0xD923, 0xD923, 0xD923, 0xD923,
  0xD923, 0xD923, 0xD923, 0xD923, 0xD923, 0xD923, 0xD923, 0xD923, 0xD923, 0xD923, 0xD923, 0xD923,
  0xD923, 0xD923, 0xD923, 0xD923, 0xD923, 0xD923, 0xD923, 0xD923, 0xD923, 0xD923, 0xD923, 0xD923,
  0xD923, 0xD923, 0xD923, 0xD923, 0xD923, 0xD923, 0xD923, 0xD923, 0xD923, 0xD923, 0xD923, 0xD923,
  0xD923, 0xD923, 0xD923, 0xD923, 0xD923, 0xD923, 0xD923, 0xD923, 0xD923, 0xD923, 0xD923, 0xD923,
  0xD923, 0xD923, 0xD923, 0xD923, 0xD923, 0xD923, 0xD923, 0xD923, 0xD923, 0xD923, 0xD923, 0xD923,
  0xD923, 0xD923, 0xD923, 0xD923, 0xD923, 0xD923, 0xD923, 0xD923, 0xD923, 0xD923, 0xD923, 0xD923,
  0xD923, 0xD923, 0xD923, 0xD923, 0xD923, 0xD923, 0xD923, 0xD923, 0xD923, 0xD923, 0xD923, 0xD923,
  0xD923, 0xD923, 0xD923, 0xD923, 0xD923, 0xD923, 0xD923, 0xD923, 0xD923, 0xD923, 0xD923, 0xD923,
  0xD923, 0xD923, 0xD923, 0xD923, 0xD923, 0xD923, 0xD923, 0xD923, 0xD923, 0xD923, 0xD923, 0xD923,
  0xD923, 0xD923, 0xD923, 0xD923, 0xD923, 0xD923, 0xD923, 0xD923, 0xD923, 0xD923, 0xD923, 0xD923,
  0xD923, 0xD923, 0xD923, 0xD923, 0xD923, 0xD923, 0xD923, 0xD923, 0xD923, 0xD923, 0xD923, 0xD923,
  0xD923, 0xD923, 0xD923, 0xD923, 0xD923, 0xD923, 0xD923, 0xD923, 0xD923, 0xD923, 0xD923, 0xD923,
  0xD923, 0xD923, 0xD923, 0xD923, 0xD923, 0xD923, 0xD923, 0xD923, 0xD923, 0xD923, 0xD923, 0xD923,
  0xD923, 0xD923, 0xD923, 0xD923, 0xD923, 0xD923, 0xD923, 0xD923, 0xD923, 0xD923, 0xD923, 0xD923,
  0xD923, 0xD923, 0xD923, 0xD923, 0xD923, 0xD923, 0xD923, 0xD923, 0xD923, 0xD923, 0xD923, 0xD923,
  0xD923, 0xD923, 0xD923, 0xD923, 0xD923, 0xD923, 0xD923, 0xD923, 0xD923, 0xD923, 0xD923, 0xD923,
  0xD923, 0xD923, 0xD923, 0xD923, 0xD923, 0xD923, 0xD923, 0xD923, 0xD923, 0xD923, 0xD923, 0xD923,
  0xD923, 0xD923, 0xD923, 0xD923, 0xD923, 0xD923, 0xD923, 0xD923, 0xD923, 0xD923, 0xD923, 0xD923,
  0xD923, 0xD923, 0xD923, 0xD923, 0xD923, 0xD923, 0xD923, 0xD923, 0xD923, 0xD923, 0xD923, 0xD923,
  0xD923, 0xD923, 0xD923, 0xD923, 0xD923, 0xD923, 0xD923, 0xD923, 0xD923, 0xD923, 0xD923, 0xD923,
  0xD923, 0xD923, 0xD923, 0xD923, 0xD923, 0xD923, 0xD923, 0xD923, 0xD923, 0xD923, 0xD923, 0xD923,
  0xD923, 0xD923, 0xD923, 0xD923, 0xD923, 0xD923, 0xD923, 0xD923, 0xD923, 0xD923, 0xD923, 0xD923,
  0xD923, 0xD923, 0xD923, 0xD923, 0xD923, 0xD923, 0xD923, 0xD923, 0xD923, 0xD923, 0xD923, 0xD923,
  0xD923, 0xD923, 0xD923, 0xD923, 0xD923, 0xD923, 0xD923, 0xD923, 0xD923, 0xD923, 0xD923, 0xD923,
  0xD923, 0xD923, 0xD923, 0xD923, 0xD923, 0xD923, 0xD923, 0xD923, 0xD923, 0xD923, 0xD923, 0xD923,
  0xD923, 0xD923, 0xD923, 0xD923, 0xD923, 0xD923, 0xD923, 0xD923, 0xD923, 0xD923, 0xD923, 0xD923,
  0xD923, 0xD923, 0xD923, 0xD923, 0xD923, 0xD923, 0xD923, 0xD923, 0xD923, 0xD923, 0xD923, 0xD923,
  0xD923, 0xD923, 0xD923, 0xD923, 0xD923, 0xD923, 0xD923, 0xD923, 0xD923, 0xD923, 0xD923, 0xD923,
  0xD923, 0xD923, 0xD923, 0xD923, 0xD923, 0xD923, 0xD923, 0xD923, 0xD923, 0xD923, 0xD923, 0xD923,
  0xD923, 0xD923, 0xD923, 0xD923, 0xD923, 0xD923, 0xD923, 0xD923, 0xD923, 0xD923, 0xD923, 0xD923,
  0xD923, 0xD923, 0xD923, 0xD923, 0xD923, 0xD923, 0xD923, 0xD923, 0xD923, 0xD923, 0xD923, 0xD923,
  0xD923, 0xD923, 0xD923, 0xD923, 0xD923, 0xD923, 0xD923, 0xD923, 0xD923, 0xD923, 0xD923, 0xD923,
  0xD923, 0xD923, 0xD923, 0xD923, 0xD923, 0xD923, 0xD923, 0xD923, 0xD923, 0xD923, 0xD923, 0xD923,
  0xD923, 0xD923, 0xD923, 0xD923, 0xD923, 0xD923, 0xD923, 0xD923, 0xD923, 0xD923, 0xD923, 0xD923,
  0xD923, 0xD923, 0xD923, 0xD923, 0xD923, 0xD923, 0xD923, 0xD923, 0xD923, 0xD923, 0xD923, 0xD923,
  0xD923, 0xD923, 0xD923, 0xD923, 0xD923, 0xD923, 0xD923, 0xD923, 0xD923, 0xD923, 0xD923, 0xD923,
  0xD923, 0xD923, 0xD923, 0xD923, 0xD923, 0xD923, 0xD923, 0xD923, 0xD923, 0xD923, 0xD923, 0xD923,
  0xD923, 0xD923, 0xD923, 0xD923, 0xD923, 0xD923, 0xD923, 0xD923, 0xD923, 0xD923, 0xD923, 0xD923,
  0xD923, 0xD923, 0xD923, 0xD923, 0xD923, 0xD923, 0xD923, 0xD923, 0xD923, 0xD923, 0xD923, 0xD923,
  0xD923, 0xD923, 0xD923, 0xD923, 0xD923, 0xD923, 0xD923, 0xD923, 0xD923, 0xD923, 0xD923, 0xD923,
  0xD923, 0xD923, 0xD923, 0xD923, 0xD923, 0xD923, 0xD923, 0xD923, 0xD923, 0xD923, 0xD923, 0xD923,
  0xD923, 0xD923, 0xD923, 0xD923, 0xD923, 0xD923, 0xD923, 0xD923, 0xD923, 0xD923, 0xD923, 0xD923,
  0xD923, 0xD923, 0xD923, 0xD923, 0xD923, 0xD923, 0xD923, 0xD923, 0xD923, 0xD923, 0xD923, 0xD923,
  0xD923, 0xD923, 0xD923, 0xD923, 0xD923, 0xD923, 0xD923, 0xD923, 0xD923, 0xD923, 0xD923, 0xD923,
  0xD923, 0xD923, 0xD923, 0xD923, 0xD923, 0xD923, 0xD923, 0xD923, 0xD923, 0xD923, 0xD923, 0xD923,
  0xD923, 0xD923, 0xD923, 0xD923, 0xD923, 0xD923, 0xD923, 0xD923, 0xD923, 0xD923, 0xD923, 0xD923,
  0xD923, 0xD923, 0xD923, 0xD923, 0xD923, 0xD923, 0xD923, 0xD923, 0xD923, 0xD923, 0xD923, 0xD923,
  0xD923, 0xD923, 0xD923, 0xD923, 0xD923, 0xD923, 0xD923, 0xD923, 0xD923, 0xD923, 0xD923, 0xD923,
  0xD923, 0xD923, 0xD923, 0xD923, 0xD923, 0xD923, 0xD923, 0xD923, 0xD923, 0xD923, 0xD923, 0xD923,
  0xD923, 0xD923, 0xD923, 0xD923, 0xD923, 0xD923, 0xD923, 0xD923, 0xD923, 0xD923, 0xD923, 0xD923,
  0xD923, 0xD923, 0xD923, 0xD923, 0xD923, 0xD923, 0xD923, 0xD923, 0xD923, 0xD923, 0xD923, 0xD923,
  0xD923, 0xD923, 0xD923, 0xD923, 0xD923, 0xD923, 0xD923, 0xD923, 0xD923, 0xD923, 0xD923, 0xD923,
  0xD923, 0xD923, 0xD923, 0xD923, 0xD923, 0xD923, 0xD923, 0xD923, 0xD923, 0xD923, 0xD923, 0xD923,
  0xD923, 0xD923, 0xD923, 0xD923, 0xD923, 0xD923, 0xD923, 0xD923, 0xD923, 0xD923, 0xD923, 0xD923,
  0xD923, 0xD923, 0xD923, 0xD923, 0xD923, 0xD923, 0xD923, 0xD923, 0xD923, 0xD923, 0xD923, 0xD923,
  0xD923, 0xD923, 0xD923, 0xD923, 0xD923, 0xD923, 0xD923, 0xD923, 0xD923, 0xD923, 0xD923, 0xD923,
  0xD923, 0xD923, 0xD923, 0xD923, 0xD923, 0xD923, 0xD923, 0xD923, 0xD923, 0xD923, 0xD923, 0xD923,
  0xD923, 0xD923, 0xD923, 0xD923, 0xD923, 0xD923, 0xD923, 0xD923, 0xD923, 0xD923, 0xD923, 0xD923,
  0xD923, 0xD923, 0xD923, 0xD923, 0xD923, 0xD923, 0xD923, 0xD923, 0xD923, 0xD923, 0xD923, 0xD923,
  0xD923, 0xD923, 0xD923, 0xD923, 0xD923, 0xD923, 0xD923, 0xD923, 0xD923, 0xD923, 0xD923, 0xD923,
  0xD923, 0xD923, 0xD923, 0xD923, 0xD923, 0xD923, 0xD923, 0xD923, 0xD923, 0xD923, 0xD923, 0xD923,
  0xD923, 0xD923, 0xD923, 0xD923, 0xD923, 0xD923, 0xD923, 0xD923, 0xD923, 0xD923, 0xD923, 0xD923,
  0xD923, 0xD923, 0xD923, 0xD923, 0xD923, 0xD923, 0xD923, 0xD923, 0xD923, 0xD923, 0xD923, 0xD923,
  0xD923, 0xD923, 0xD923, 0xD923, 0xD923, 0xD923, 0xD923, 0xD923, 0xD923, 0xD923, 0xD923, 0xD923,
  0xD923, 0xD923, 0xD923, 0xD923, 0xD923, 0xD923, 0xD923, 0xD923, 0xD923, 0xD923, 0xD923, 0xD923,
  0xD923, 0xD923, 0xD923, 0xD923, 0xD923, 0xD923, 0xD923, 0xD923, 0xD923, 0xD923, 0xD923, 0xD923,
  0xD923, 0xD923, 0xD923, 0xD923, 0xD923, 0xD923, 0xD923, 0xD923, 0xD923, 0xD923, 0xD923, 0xD923,
  0xD923, 0xD923, 0xD923, 0xD923, 0xD923, 0xD923, 0xD923, 0xD923, 0xD923, 0xD923, 0xD923, 0xD923,
  0xD923, 0xD923, 0xD923, 0xD923, 0xD923, 0xD923, 0xD923, 0xD923, 0xD923, 0xD923, 0xD923, 0xD923,
  0xD923, 0xD923, 0xD923, 0xD923, 0xD923, 0xD923, 0xD923, 0xD923, 0xD923, 0xD923, 0xD923, 0xD923,
  0xD923, 0xD923, 0xD923, 0xD923, 0xD923, 0xD923, 0xD923, 0xD923, 0xD923, 0xD923, 0xD923, 0xD923,
  0xD923, 0xD923, 0xD923, 0xD923, 0xD923, 0xD923, 0xD923, 0xD923, 0xD923, 0xD923, 0xD923, 0xD923,
  0xD923, 0xD923, 0xD923, 0xD923, 0xD923, 0xD923, 0xD923, 0xD923, 0xD923, 0xD923, 0xD923, 0xD923,
  0xD923, 0xD923, 0xD923, 0xD923, 0xD923, 0xD923, 0xD923, 0xD923, 0xD923, 0xD923, 0xD923, 0xD923,
  0xD923, 0xD923, 0xD923, 0xD923, 0xD923, 0xD923, 0xD923, 0xD923, 0xD923, 0xD923, 0xD923, 0xD923,
  0xD923, 0xD923, 0xD923, 0xD923, 0xD923, 0xD923, 0xD923, 0xD923, 0xD923, 0xD923, 0xD923, 0xD923,
  0xD923, 0xD923, 0xD923, 0xD923, 0xD923, 0xD923, 0xD923, 0xD923, 0xD923, 0xD923, 0xD923, 0xD923,
  0xD923, 0xD923, 0xD923, 0xD923, 0xD923, 0xD923, 0xD923, 0xD923, 0xD923, 0xD923, 0xD923, 0xD923,
  0xD923, 0xD923, 0xD923, 0xD923, 0xD923, 0xD923, 0xD923, 0xD923, 0xD923, 0xD923, 0xD923, 0xD923,
  0xD923, 0xD923, 0xD923, 0xD923, 0xD923, 0xD923, 0xD923, 0xD923, 0xD923, 0xD923, 0xD923, 0xD923,
  0xD923, 0xD923, 0xD923, 0xD923, 0xD923, 0xD923, 0xD923, 0xD923, 0xD923, 0xD923, 0xD923, 0xD923,
  0xD923, 0xD923, 0xD923, 0xD923, 0xD923, 0xD923, 0xD923, 0xD923, 0xD923, 0xD923, 0xD923, 0xD923,
  0xD923, 0xD923, 0xD923, 0xD923, 0xD923, 0xD923, 0xD923, 0xD923, 0xD923, 0xD923, 0xD923, 0xD923,
  0xD923, 0xD923, 0xD923, 0xD923, 0xD923, 0xD923, 0xD923, 0xD923, 0xD923, 0xD923, 0xD923, 0xD923,
  0xD923, 0xD923, 0xD923, 0xD923, 0xD923, 0xD923, 0xD923, 0xD923, 0xD923, 0xD923, 0xD923, 0xD923,
  0xD923, 0xD923, 0xD923, 0xD923, 0xD923, 0xD923, 0xD923, 0xD923, 0xD923, 0xD923, 0xD923, 0xD923,
  0xD923, 0xD923, 0xD923, 0xD923, 0xD923, 0xD923, 0xD923, 0xD923, 0xD923, 0xD923, 0xD923, 0xD923,
  0xD923, 0xD923, 0xD923, 0xD923, 0xD923, 0xD923, 0xD923, 0xD923, 0xD923, 0xD923, 0xD923, 0xD923,
  0xD923, 0xD923, 0xD923, 0xD923, 0xD923, 0xD923, 0xD923, 0xD923, 0xD923, 0xD923, 0xD923, 0xD923,
  0xD923, 0xD923, 0xD923, 0xD923, 0xD923, 0xD923, 0xD923, 0xD923, 0xD923, 0xD923, 0xD923, 0xD923,
  0xD923, 0xD923, 0xD923, 0xD923, 0xD923, 0xD923, 0xD923, 0xD923, 0xD923, 0xD923, 0xD923, 0xD923,
  0xD923, 0xD923, 0xD923, 0xD923, 0xD923, 0xD923, 0xD923, 0xD923, 0xD923, 0xD923, 0xD923, 0xD923,
  0xD923, 0xD923, 0xD923, 0xD923, 0xD923, 0xD923, 0xD923, 0xD923, 0xD923, 0xD923, 0xD923, 0xD923,
  0xD923, 0xD923, 0xD923, 0xD923, 0xD923, 0xD923, 0xD923, 0xD923, 0xD923, 0xD923, 0xD923, 0xD923,
  0xD923, 0xD923, 0xD923, 0xD923, 0xD923, 0xD923, 0xD923, 0xD923, 0xD923, 0xD923, 0xD923, 0xD923,
  0xD923, 0xD923, 0xD923, 0xD923, 0xD923, 0xD923, 0xD923, 0xD923, 0xD923, 0xD923, 0xD923, 0xD923,
  0xD923, 0xD923, 0xD923, 0xD923, 0xD923, 0xD923, 0xD923, 0xD923, 0xD923, 0xD923, 0xD923, 0xD923,
  0xD923, 0xD923, 0xD923, 0xD923, 0xD923, 0xD923, 0xD923, 0xD923, 0xD923, 0xD923, 0xD923, 0xD923,
  0xD923, 0xD923, 0xD923, 0xD923, 0xD923, 0xD923, 0xD923, 0xD923, 0xD923, 0xD923, 0xD923, 0xD923,
  0xD923, 0xD923, 0xD923, 0xD923, 0xD923, 0xD923, 0xD923, 0xD923, 0xD923, 0xD923, 0xD923, 0xD923,
  0xD923, 0xD923, 0xD923, 0xD923, 0xD923, 0xD923, 0xD923, 0xD923, 0xD923, 0xD923, 0xD923, 0xD923,
  0xD923, 0xD923, 0xD923, 0xD923, 0xD923, 0xD923, 0xD923, 0xD923, 0xD923, 0xD923, 0xD923, 0xD923,
  0xD923, 0xD923, 0xD923, 0xD923, 0xD923, 0xD923, 0xD923, 0xD923, 0xD923, 0xD923, 0xD923, 0xD923,
  0xD923, 0xD923, 0xD923, 0xD923, 0xD923, 0xD923, 0xD923, 0xD923, 0xD923, 0xD923, 0xD923, 0xD923,
  0xD923, 0xD923, 0xD923, 0xD923, 0xD923, 0xD923, 0xD923, 0xD923, 0xD923, 0xD923, 0xD923, 0xD923,
  0xD923, 0xD923, 0xD923, 0xD923, 0xD923, 0xD923, 0xD923, 0xD923, 0xD923, 0xD923, 0xD923, 0xD923,
  0xD923, 0xD923, 0xD923, 0xD923, 0xD923, 0xD923, 0xD923, 0xD923, 0xD923, 0xD923, 0xD923, 0xD923,
  0xD923, 0xD923, 0xD923, 0xD923, 0xD923, 0xD923, 0xD923, 0xD923, 0xD923, 0xD923, 0xD923, 0xD923,
  0xD923, 0xD923, 0xD923, 0xD923, 0xD923, 0xD923, 0xD923, 0xD923, 0xD923, 0xD923, 0xD923, 0xD923,
  0xD923, 0xD923, 0xD923, 0xD923, 0xD923, 0xD923, 0xD923, 0xD923, 0xD923, 0xD923, 0xD923, 0xD923,
  0xD923, 0xD923, 0xD923, 0xD923, 0xD923, 0xD923, 0xD923, 0xD923, 0xD923, 0xD923, 0xD923, 0xD923,
  0xD923, 0xD923, 0xD923, 0xD923, 0xD923, 0xD923, 0xD923, 0xD923, 0xD923, 0xD923, 0xD923, 0xD923,
  0xD923, 0xD923, 0xD923, 0xD923, 0xD923, 0xD923, 0xD923, 0xD923, 0xD923, 0xD923, 0xD923, 0xD923,
  0xD923, 0xD923, 0xD923, 0xD923, 0xD923, 0xD923, 0xD923, 0xD923, 0xD923, 0xD923, 0xD923, 0xD923,
  0xD923, 0xD923, 0xD923, 0xD923, 0xD923, 0xD923, 0xD923, 0xD923, 0xD923, 0xD923, 0xD923, 0xD923,
  0xD923, 0xD923, 0xD923, 0xD923, 0xD923, 0xD923, 0xD923, 0xD923, 0xD923, 0xD923, 0xD923, 0xD923,
  0xD923, 0xD923, 0xD923, 0xD923, 0xD923, 0xD923, 0xD923, 0xD923, 0xD923, 0xD923, 0xD923, 0xD923,
  0xD923, 0xD923, 0xD923, 0xD923, 0xD923, 0xD923, 0xD923, 0xD923, 0xD923, 0xD923, 0xD923, 0xD923,
  0xD923, 0xD923, 0xD923, 0xD923, 0xD923, 0xD923, 0xD923, 0xD923, 0xD923, 0xD923, 0xD923, 0xD923,
  0xD923, 0xD923, 0xD923, 0xD923, 0xD923, 0xD923, 0xD923, 0xD923, 0xD923, 0xD923, 0xD923, 0xD923,
  0xD923, 0xD923, 0xD923, 0xD923, 0xD923, 0xD923, 0xD923, 0xD923, 0xD923, 0xD923, 0xD923, 0xD923,
  0xD923, 0xD923, 0xD923, 0xD923, 0xD923, 0xD923, 0xD923, 0xD923, 0xD923, 0xD923, 0xD923, 0xD923,
  0xD923, 0xD923, 0xD923, 0xD923, 0xD923, 0xD923, 0xD923, 0xD923, 0xD923, 0xD923, 0xD923, 0xD923,
  0xD923, 0xD923, 0xD923, 0xD923, 0xD923, 0xD923, 0xD923, 0xD923, 0xD923, 0xD923, 0xD923, 0xD923,
  0xD923, 0xD923, 0xD923, 0xD923, 0xD923, 0xD923, 0xD923, 0xD923, 0xD923, 0xD923, 0xD923, 0xD923,
  0xD923, 0xD923, 0xD923, 0xD923, 0xD923, 0xD923, 0xD923, 0xD923, 0xD923, 0xD923, 0xD923, 0xD923,
  0xD923, 0xD923, 0xD923, 0xD923, 0xD923, 0xD923, 0xD923, 0xD923, 0xD923, 0xD923, 0xD923, 0xD923,
  0xD923, 0xD923, 0xD923, 0xD923, 0xD923, 0xD923, 0xD923, 0xD923, 0xD923, 0xD923, 0xD923, 0xD923,
  0xD923, 0xD923, 0xD923, 0xD923, 0xD923, 0xD923, 0xD923, 0xD923, 0xD923, 0xD923, 0xD923, 0xD923,
  0xD923, 0xD923, 0xD923, 0xD923, 0xD923, 0xD923, 0xD923, 0xD923, 0xD923, 0xD923, 0xD923, 0xD923,
  0xD923, 0xD923, 0xD923, 0xD923, 0xD923, 0xD923, 0xD923, 0xD923, 0xD923, 0xD923, 0xD923, 0xD923,
  0xD923, 0xD923, 0xD923, 0xD923, 0xD923, 0xD923, 0xD923, 0xD923, 0xD923, 0xD923, 0xD923, 0xD923,
  0xD923, 0xD923, 0xD923, 0xD923, 0xD923, 0xD923, 0xD923, 0xD923, 0xD923, 0xD923, 0xD923, 0xD923,
  0xD923, 0xD923, 0xD923, 0xD923, 0xD923, 0xD923, 0xD923, 0xD923, 0xD923, 0xD923, 0xD923, 0xD923,
  0xD923, 0xD923, 0xD923, 0xD923, 0xD923, 0xD923, 0xD923, 0xD923, 0xD923, 0xD923, 0xD923, 0xD923,
  0xD923, 0xD923, 0xD923, 0xD923, 0xD923, 0xD923, 0xD923, 0xD923, 0xD923, 0xD923, 0xD923, 0xD923,
  0xD923, 0xD923, 0xD923, 0xD923, 0xD923, 0xD923, 0xD923, 0xD923, 0xD923, 0xD923, 0xD923, 0xD923,
  0xD923, 0xD923, 0xD923, 0xD923, 0xD923, 0xD923, 0xD923, 0xD923, 0xD923, 0xD923, 0xD923, 0xD923,
  0xD923, 0xD923, 0xD923, 0xD923, 0xD923, 0xD923, 0xD923, 0xD923, 0xD923, 0xD923, 0xD923, 0xD923,
  0xD923, 0xD923, 0xD923, 0xD923, 0xD923, 0xD923, 0xD923, 0xD923, 0xD923, 0xD923, 0xD923, 0xD923,
  0xD923, 0xD923, 0xD923, 0xD923, 0xD923, 0xD923, 0xD923, 0xD923, 0xD923, 0xD923, 0xD923, 0xD923,
  0xD923, 0xD923, 0xD923, 0xD923, 0xD923, 0xD923, 0xD923, 0xD923, 0xD923, 0xD923, 0xD923, 0xD923,
  0xD923, 0xD923, 0xD923, 0xD923, 0xD923, 0xD923, 0xD923, 0xD923, 0xD923, 0xD923, 0xD923, 0xD923,
  0xD923, 0xD923, 0xD923, 0xD923, 0xD923, 0xD923, 0xD923, 0xD923, 0xD923, 0xD923, 0xD923, 0xD923,
  0xD923, 0xD923, 0xD923, 0xD923, 0xD923, 0xD923, 0xD923, 0xD923, 0xD923, 0xD923, 0xD923, 0xD923,
  0xD923, 0xD923, 0xD923, 0xD923, 0xD923, 0xD923, 0xD923, 0xD923, 0xD923, 0xD923, 0xD923, 0xD923,
  0xD923, 0xD923, 0xD923, 0xD923, 0xD923, 0xD923, 0xD923, 0xD923, 0xD923, 0xD923, 0xD923, 0xD923,
  0xD923, 0xD923, 0xD923, 0xD923, 0xD923, 0xD923, 0xD923, 0xD923, 0xD923, 0xD923, 0xD923, 0xD923,
  0xD923, 0xD923, 0xD923, 0xD923, 0xD923, 0xD923, 0xD923, 0xD923, 0xD923, 0xD923, 0xD923, 0xD923,
  0xD923, 0xD923, 0xD923, 0xD923, 0xD923, 0xD923, 0xD923, 0xD923, 0xD923, 0xD923, 0xD923, 0xD923,
  0xD923, 0xD923, 0xD923, 0xD923, 0xD923, 0xD923, 0xD923, 0xD923, 0xD923, 0xD923, 0xD923, 0xD923,
  0xD923, 0xD923, 0xD923, 0xD923, 0xD923, 0xD923, 0xD923, 0xD923, 0xD923, 0xD923, 0xD923, 0xD923,
  0xD923, 0xD923, 0xD923, 0xD923, 0xD923, 0xD923, 0xD923, 0xD923, 0xD923, 0xD923, 0xD923, 0xD923,
  0xD923, 0xD923, 0xD923, 0xD923, 0xD923, 0xD923, 0xD923, 0xD923, 0xD923, 0xD923, 0xD923, 0xD923,
  0xD923, 0xD923, 0xD923, 0xD923, 0xD923, 0xD923, 0xD923, 0xD923, 0xD923, 0xD923, 0xD923, 0xD923,
  0xD923, 0xD923, 0xD923, 0xD923, 0xD923, 0xD923, 0xD923, 0xD923, 0xD923, 0xD923, 0xD923, 0xD923,
  0xD923, 0xD923, 0xD923, 0xD923, 0xD923, 0xD923, 0xD923, 0xD923, 0xD923, 0xD923, 0xD923, 0xD923,
  0xD923, 0xD923, 0xD923, 0xD923, 0xD923, 0xD923, 0xD923, 0xD923, 0xD923, 0xD923, 0xD923, 0xD923,
  0xD923, 0xD923, 0xD923, 0xD923, 0xD923, 0xD923, 0xD923, 0xD923, 0xD923, 0xD923, 0xD923, 0xD923,
  0xD923, 0xD923, 0xD923, 0xD923, 0xD923, 0xD923, 0xD923, 0xD923, 0xD923, 0xD923, 0xD923, 0xD923,
  0xD923, 0xD923, 0xD923, 0xD923, 0xD923, 0xD923, 0xD923, 0xD923, 0xD923, 0xD923, 0xD923, 0xD923,
  0xD923, 0xD923, 0xD923, 0xD923, 0xD923, 0xD923, 0xD923, 0xD923, 0xD923, 0xD923, 0xD923, 0xD923,
  0xD923, 0xD923, 0xD923, 0xD923, 0xD923, 0xD923, 0xD923, 0xD923, 0xD923, 0xD923, 0xD923, 0xD923,
  0xD923, 0xD923, 0xD923, 0xD923, 0xD923, 0xD923, 0xD923, 0xD923, 0xD923, 0xD923, 0xD923, 0xD923,
  0xD923, 0xD923, 0xD923, 0xD923, 0xD923, 0xD923, 0xD923, 0xD923, 0xD923, 0xD923, 0xD923, 0xD923,
  0xD923, 0xD923, 0xD923, 0xD923, 0xD923, 0xD923, 0xD923, 0xD923, 0xD923, 0xD923, 0xD923, 0xD923,
  0xD923, 0xD923, 0xD923, 0xD923, 0xD923, 0xD923, 0xD923, 0xD923, 0xD923, 0xD923, 0xD923, 0xD923,
  0xD923, 0xD923, 0xD923, 0xD923, 0xD923, 0xD923, 0xD923, 0xD923, 0xD923, 0xD923, 0xD923, 0xD923,
  0xD923, 0xD923, 0xD923, 0xD923, 0xD923, 0xD923, 0xD923, 0xD923, 0xD923, 0xD923, 0xD923, 0xD923,
  0xD923, 0xD923, 0xD923, 0xD923, 0xD923, 0xD923, 0xD923, 0xD923, 0xD923, 0xD923, 0xD923, 0xD923,
  0xD923, 0xD923, 0xD923, 0xD923, 0xD923, 0xD923, 0xD923, 0xD923, 0xD923, 0xD923, 0xD923, 0xD923,
  0xD923, 0xD923, 0xD923, 0xD923, 0xD923, 0xD923, 0xD923, 0xD923, 0xD923, 0xD923, 0xD923, 0xD923,
  0xD923, 0xD923, 0xD923, 0xD923, 0xD923, 0xD923, 0xD923, 0xD923, 0xD923, 0xD923, 0xD923, 0xD923,
  0xD923, 0xD923, 0xD923, 0xD923, 0xD923, 0xD923, 0xD923, 0xD923, 0xD923, 0xD923, 0xD923, 0xD923,
  0xD923, 0xD923, 0xD923, 0xD923, 0xD923, 0xD923, 0xD923, 0xD923, 0xD923, 0xD923, 0xD923, 0xD923,
  0xD923, 0xD923, 0xD923, 0xD923, 0xD923, 0xD923, 0xD923, 0xD923, 0xD923, 0xD923, 0xD923, 0xD923,
  0xD923, 0xD923, 0xD923, 0xD923, 0xD923, 0xD923, 0xD923, 0xD923, 0xD923, 0xD923, 0xD923, 0xD923,
  0xD923, 0xD923, 0xD923, 0xD923, 0xD923, 0xD923, 0xD923, 0xD923, 0xD923, 0xD923, 0xD923, 0xD923,
  0xD923, 0xD923, 0xD923, 0xD923, 0xD923, 0xD923, 0xD923, 0xD923, 0xD923, 0xD923, 0xD923, 0xD923,
  0xD923, 0xD923, 0xD923, 0xD923, 0xD923, 0xD923, 0xD923, 0xD923, 0xD923, 0xD923, 0xD923, 0xD923,
  0xD923, 0xD923, 0xD923, 0xD923, 0xD923, 0xD923, 0xD923, 0xD923, 0xD923, 0xD923, 0xD923, 0xD923,
  0xD923, 0xD923, 0xD923, 0xD923, 0xD923, 0xD923, 0xD923, 0xD923, 0xD923, 0xD923, 0xD923, 0xD923,
  0xD923, 0xD923, 0xD923, 0xD923, 0xD923, 0xD923, 0xD923, 0xD923, 0xD923, 0xD923, 0xD923, 0xD923,
  0xD923, 0xD923, 0xD923, 0xD923, 0xD923, 0xD923, 0xD923, 0xD923, 0xD923, 0xD923, 0xD923, 0xD923,
  0xD923, 0xD923, 0xD923, 0xD923, 0xD923, 0xD923, 0xD923, 0xD923, 0xD923, 0xD923, 0xD923, 0xD923,
  0xD923, 0xD923, 0xD923, 0xD923, 0xD923, 0xD923, 0xD923, 0xD923, 0xD923, 0xD923, 0xD923, 0xD923,
  0xD923, 0xD923, 0xD923, 0xD923, 0xD923, 0xD923, 0xD923, 0xD923, 0xD923, 0xD923, 0xD923, 0xD923,
  0xD923, 0xD923, 0xD923, 0xD923, 0xD923, 0xD923, 0xD923, 0xD923, 0xD923, 0xD923, 0xD923, 0xD923,
  0xD923, 0xD923, 0xD923, 0xD923, 0xD923, 0xD923, 0xD923, 0xD923, 0xD923, 0xD923, 0xD923, 0xD923,
  0xD923, 0xD923, 0xD923, 0xD923, 0xD923, 0xD923, 0xD923, 0xD923, 0xD923, 0xD923, 0xD923, 0xD923,
  0xD923, 0xD923, 0xD923, 0xD923, 0xD923, 0xD923, 0xD923, 0xD923, 0xD923, 0xD923, 0xD923, 0xD923,
  0xD923, 0xD923, 0xD923, 0xD923, 0xD923, 0xD923, 0xD923, 0xD923, 0xD923, 0xD923, 0xD923, 0xD923,
  0xD923, 0xD923, 0xD923, 0xD923, 0xD923, 0xD923, 0xD923, 0xD923, 0xD923, 0xD923, 0xD923, 0xD923,
  0xD923, 0xD923, 0xD923, 0xD923, 0xD923, 0xD923, 0xD923, 0xD923, 0xD923, 0xD923, 0xD923, 0xD923,
  0xD923, 0xD923, 0xD923, 0xD923, 0xD923, 0xD923, 0xD923, 0xD923, 0xD923, 0xD923, 0xD923, 0xD923,
  0xD923, 0xD923, 0xD923, 0xD923, 0xD923, 0xD923, 0xD923, 0xD923, 0xD923, 0xD923, 0xD923, 0xD923,
  0xD923, 0xD923, 0xD923, 0xD923, 0xD923, 0xD923, 0xD923, 0xD923, 0xD923, 0xD923, 0xD923, 0xD923,
  0xD923, 0xD923, 0xD923, 0xD923, 0xD923, 0xD923, 0xD923, 0xD923, 0xD923, 0xD923, 0xD923, 0xD923,
  0xD923, 0xD923, 0xD923, 0xD923, 0xD923, 0xD923, 0xD923, 0xD923, 0xD923, 0xD923, 0xD923, 0xD923,
  0xD923, 0xD923, 0xD923, 0xD923, 0xD923, 0xD923, 0xD923, 0xD923, 0xD923, 0xD923, 0xD923, 0xD923,
  0xD923, 0xD923, 0xD923, 0xD923, 0xD923, 0xD923, 0xD923, 0xD923, 0xD923, 0xD923, 0xD923, 0xD923,
  0xD923, 0xD923, 0xD923, 0xD923, 0xD923, 0xD923, 0xD923, 0xD923, 0xD923, 0xD923, 0xD923, 0xD923,
  0xD923, 0xD923, 0xD923, 0xD923, 0xD923, 0xD923, 0xD923, 0xD923, 0xD923, 0xD923, 0xD923, 0xD923,
  0xD923, 0xD923, 0xD923, 0xD923, 0xD923, 0xD923, 0xD923, 0xD923, 0xD923, 0xD923, 0xD923, 0xD923,
  0xD923, 0xD923, 0xD923, 0xD923, 0xD923, 0xD923, 0xD923, 0xD923, 0xD923, 0xD923, 0xD923, 0xD923,
  0xD923, 0xD923, 0xD923, 0xD923, 0xD923, 0xD923, 0xD923, 0xD923, 0xD923, 0xD923, 0xD923, 0xD923,
  0xD923, 0xD923, 0xD923, 0xD923, 0xD923, 0xD923, 0xD923, 0xD923, 0xD923, 0xD923, 0xD923, 0xD923,
  0xD923, 0xD923, 0xD923, 0xD923, 0xD923, 0xD923, 0xD923, 0xD923, 0xD923, 0xD923, 0xD923, 0xD923,
  0xD923, 0xD923, 0xD923, 0xD923, 0xD923, 0xD923, 0xD923, 0xD923, 0xD923, 0xD923, 0xD923, 0xD923,
  0xD923, 0xD923, 0xD923, 0xD923, 0xD923, 0xD923, 0xD923, 0xD923, 0xD923, 0xD923, 0xD923, 0xD923,
  0xD923, 0xD923, 0xD923, 0xD923, 0xD923, 0xD923, 0xD923, 0xD923, 0xD923, 0xD923, 0xD923, 0xD923,
  0xD923, 0xD923, 0xD923, 0xD923, 0xD923, 0xD923, 0xD923, 0xD923, 0xD923, 0xD923, 0xD923, 0xD923,
  0xD923, 0xD923, 0xD923, 0xD923, 0xD923, 0xD923, 0xD923, 0xD923, 0xD923, 0xD923, 0xD923, 0xD923,
  0xD923, 0xD923, 0xD923, 0xD923, 0xD923, 0xD923, 0xD923, 0xD923, 0xD923, 0xD923, 0xD923, 0xD923,
  0xD923, 0xD923, 0xD923, 0xD923, 0xD923, 0xD923, 0xD923, 0xD923, 0xD923, 0xD923, 0xD923, 0xD923,
  0xD923, 0xD923, 0xD923, 0xD923, 0xD923, 0xD923, 0xD923, 0xD923, 0xD923, 0xD923, 0xD923, 0xD923,
  0xD923, 0xD923, 0xD923, 0xD923, 0xD923, 0xD923, 0xD923, 0xD923, 0xD923, 0xD923, 0xD923, 0xD923,
  0xD923, 0xD923, 0xD923, 0xD923, 0xD923, 0xD923, 0xD923, 0xD923, 0xD923, 0xD923, 0xD923, 0xD923,
  0xD923, 0xD923, 0xD923, 0xD923, 0xD923, 0xD923, 0xD923, 0xD923, 0xD923, 0xD923, 0xD923, 0xD923,
  0xD923, 0xD923, 0xD923, 0xD923, 0xD923, 0xD923, 0xD923, 0xD923, 0xD923, 0xD923, 0xD923, 0xD923,
  0xD923, 0xD923, 0xD923, 0xD923, 0xD923, 0xD923, 0xD923, 0xD923, 0xD923, 0xD923, 0xD923, 0xD923,
  0xD923, 0xD923, 0xD923, 0xD923, 0xD923, 0xD923, 0xD923, 0xD923, 0xD923, 0xD923, 0xD923, 0xD923,
  0xD923, 0xD923, 0xD923, 0xD923, 0xD923, 0xD923, 0xD923, 0xD923, 0xD923, 0xD923, 0xD923, 0xD923,
  0xD923, 0xD923, 0xD923, 0xD923, 0xD923, 0xD923, 0xD923, 0xD923, 0xD923, 0xD923, 0xD923, 0xD923,
  0xD923, 0xD923, 0xD923, 0xD923, 0xD923, 0xD923, 0xD923, 0xD923, 0xD923, 0xD923, 0xD923, 0xD923,
  0xD923, 0xD923, 0xD923, 0xD923, 0xD923, 0xD923, 0xD923, 0xD923, 0xD923, 0xD923, 0xD923, 0xD923,
  0xD923, 0xD923, 0xD923, 0xD923, 0xD923, 0xD923, 0xD923, 0xD923, 0xD923, 0xD923, 0xD923, 0xD923,
  0xD923, 0xD923, 0xD923, 0xD923, 0xD923, 0xD923, 0xD923, 0xD923, 0xD923, 0xD923, 0xD923, 0xD923,
  0xD923, 0xD923, 0xD923, 0xD923, 0xD923, 0xD923, 0xD923, 0xD923, 0xD923, 0xD923, 0xD923, 0xD923,
  0xD923, 0xD923, 0xD923, 0xD923, 0xD923, 0xD923, 0xD923, 0xD923, 0xD923, 0xD923, 0xD923, 0xD923,
  0xD923, 0xD923, 0xD923, 0xD923, 0xD923, 0xD923, 0xD923, 0xD923, 0xD923, 0xD923, 0xD923, 0xD923,
  0xD923, 0xD923, 0xD923, 0xD923, 0xD923, 0xD923, 0xD923, 0xD923, 0xD923, 0xD923, 0xD923, 0xD923,
  0xD923, 0xD923, 0xD923, 0xD923, 0xD923, 0xD923, 0xD923, 0xD923, 0xD923, 0xD923, 0xD923, 0xD923,
  0xD923, 0xD923, 0xD923, 0xD923, 0xD923, 0xD923, 0xD923, 0xD923, 0xD923, 0xD923, 0xD923, 0xD923,
  0xD923, 0xD923, 0xD923, 0xD923, 0xD923, 0xD923, 0xD923, 0xD923, 0xD923, 0xD923, 0xD923, 0xD923,
  0xD923, 0xD923, 0xD923, 0xD923, 0xD923, 0xD923, 0xD923, 0xD923, 0xD923, 0xD923, 0xD923, 0xD923,
  0xD923, 0xD923, 0xD923, 0xD923, 0xD923, 0xD923, 0xD923, 0xD923, 0xD923, 0xD923, 0xD923, 0xD923,
  0xD923, 0xD923, 0xD923, 0xD923, 0xD923, 0xD923, 0xD923, 0xD923, 0xD923, 0xD923, 0xD923, 0xD923,
  0xD923, 0xD923, 0xD923, 0xD923, 0xD923, 0xD923, 0xD923, 0xD923, 0xD923, 0xD923, 0xD923, 0xD923,
  0xD923, 0xD923, 0xD923, 0xD923, 0xD923, 0xD923, 0xD923, 0xD923, 0xD923, 0xD923, 0xD923, 0xD923,
  0xD923, 0xD923, 0xD923, 0xD923, 0xD923, 0xD923, 0xD923, 0xD923, 0xD923, 0xD923, 0xD923, 0xD923,
  0xD923, 0xD923, 0xD923, 0xD923, 0xD923, 0xD923, 0xD923, 0xD923, 0xD923, 0xD923, 0xD923, 0xD923,
  0xD923, 0xD923, 0xD923, 0xD923, 0xD923, 0xD923, 0xD923, 0xD923, 0xD923, 0xD923, 0xD923, 0xD923,
  0xD923, 0xD923, 0xD923, 0xD923, 0xD923, 0xD923, 0xD923, 0xD923, 0xD923, 0xD923, 0xD923, 0xD923,
  0xD923, 0xD923, 0xD923, 0xD923, 0xD923, 0xD923, 0xD923, 0xD923, 0xD923, 0xD923, 0xD923, 0xD923,
  0xD923, 0xD923, 0xD923, 0xD923, 0xD923, 0xD923, 0xD923, 0xD923, 0xD923, 0xD923, 0xD923, 0xD923,
  0xD923, 0xD923, 0xD923, 0xD923, 0xD923, 0xD923, 0xD923, 0xD923, 0xD923, 0xD923, 0xD923, 0xD923,
  0xD923, 0xD923, 0xD923, 0xD923, 0xD923, 0xD923, 0xD923, 0xD923, 0xD923, 0xD923, 0xD923, 0xD923,
  0xD923, 0xD923, 0xD923, 0xD923, 0xD923, 0xD923, 0xD923, 0xD923, 0xD923, 0xD923, 0xD923, 0xD923,
  0xD923, 0xD923, 0xD923, 0xD923, 0xD923, 0xD923, 0xD923, 0xD923, 0xD923, 0xD923, 0xD923, 0xD923,
  0xD923, 0xD923, 0xD923, 0xD923, 0xD923, 0xD923, 0xD923, 0xD923, 0xD923, 0xD923, 0xD923, 0xD923,
  0xD923, 0xD923, 0xD923, 0xD923, 0xD923, 0xD923, 0xD923, 0xD923, 0xD923, 0xD923, 0xD923, 0xD923,
};
